ISO-10303-21;
HEADER;
/* Generated by software containing ST-Developer
 * from STEP Tools, Inc. (www.steptools.com) 
 */
/* OPTION: using custom renumber hook */

FILE_DESCRIPTION(
/* description */ ('STEP AP242 Edition 2',
'CAx-IF Rec.Pracs.---Representation and Presentation of Product Manufa
cturing Information (PMI)---4.0---2014-10-13',
'CAx-IF Rec.Pracs.---3D Tessellated Geometry---0.4---2014-09-14','2;1',
'CAx-IF Rec.Pracs.---User Defined Attributes---1.5---2016-08-15'),
/* implementation_level */ '2;1');

FILE_NAME(
/* name */ '69c3abfd7442a21d02319f56',
/* time_stamp */ '2026-03-25T09:33:50Z',
/* author */ (''),
/* organization */ (''),
/* preprocessor_version */ 'ST-DEVELOPER v20',
/* originating_system */ 'ONSHAPE BY PTC INC, 1.212',
/* authorisation */ '  ');

FILE_SCHEMA (('AP242_MANAGED_MODEL_BASED_3D_ENGINEERING_MIM_LF { 1 0 10303 442 3 1 4 }'));
ENDSEC;

DATA;
#10=ELLIPSE('',#6929,0.00777817459305202,0.0055);
#11=ELLIPSE('',#6931,0.00777817459305202,0.0055);
#12=ELLIPSE('',#6934,0.00777817459305202,0.0055);
#13=ELLIPSE('',#6936,0.00777817459305202,0.0055);
#14=ELLIPSE('',#7058,0.00501909918771674,0.005);
#15=ELLIPSE('',#7059,0.00501909918771674,0.005);
#16=ELLIPSE('',#7061,0.00501909918771674,0.005);
#17=ELLIPSE('',#7067,0.00501909918771674,0.005);
#18=ELLIPSE('',#7069,0.00501909918771674,0.005);
#19=ELLIPSE('',#7070,0.00501909918771674,0.005);
#20=ELLIPSE('',#7143,0.00501909918771674,0.005);
#21=ELLIPSE('',#7145,0.00501909918771674,0.005);
#22=ELLIPSE('',#7148,0.00150572975631502,0.0015);
#23=ELLIPSE('',#7157,0.00150572975631502,0.0015);
#24=B_SPLINE_CURVE_WITH_KNOTS('',3,(#9366,#9367,#9368,#9369,#9370,#9371,
#9372),.UNSPECIFIED.,.F.,.F.,(4,1,1,1,4),(0.,0.00249851781898084,0.00499703563796167,
0.00749555345694251,0.00999407127592335),.UNSPECIFIED.);
#25=B_SPLINE_CURVE_WITH_KNOTS('',3,(#9376,#9377,#9378,#9379,#9380,#9381,
#9382),.UNSPECIFIED.,.F.,.F.,(4,1,1,1,4),(0.,0.00250031599581646,0.00500063199163291,
0.00750094798744937,0.0100012639832658),.UNSPECIFIED.);
#26=B_SPLINE_CURVE_WITH_KNOTS('',3,(#9383,#9384,#9385,#9386,#9387,#9388,
#9389),.UNSPECIFIED.,.F.,.F.,(4,1,1,1,4),(0.,0.00249851781898084,0.00499703563796168,
0.00749555345694252,0.00999407127592335),.UNSPECIFIED.);
#27=B_SPLINE_CURVE_WITH_KNOTS('',3,(#9393,#9394,#9395,#9396,#9397,#9398,
#9399),.UNSPECIFIED.,.F.,.F.,(4,1,1,1,4),(0.,0.00250031599581646,0.00500063199163291,
0.00750094798744937,0.0100012639832658),.UNSPECIFIED.);
#28=B_SPLINE_CURVE_WITH_KNOTS('',3,(#9404,#9405,#9406,#9407),
 .UNSPECIFIED.,.F.,.F.,(4,4),(0.,0.00274822298102095),.UNSPECIFIED.);
#29=B_SPLINE_CURVE_WITH_KNOTS('',3,(#9411,#9412,#9413,#9414),
 .UNSPECIFIED.,.F.,.F.,(4,4),(0.,0.00274506475901944),.UNSPECIFIED.);
#30=B_SPLINE_CURVE_WITH_KNOTS('',3,(#9418,#9419,#9420,#9421),
 .UNSPECIFIED.,.F.,.F.,(4,4),(5.37064336767365E-17,0.00274822298102101),
 .UNSPECIFIED.);
#31=B_SPLINE_CURVE_WITH_KNOTS('',3,(#9425,#9426,#9427,#9428),
 .UNSPECIFIED.,.F.,.F.,(4,4),(0.,0.00274506475901944),.UNSPECIFIED.);
#32=CONTEXT_DEPENDENT_SHAPE_REPRESENTATION(#72,#11082);
#33=CONTEXT_DEPENDENT_SHAPE_REPRESENTATION(#73,#11083);
#34=CONTEXT_DEPENDENT_SHAPE_REPRESENTATION(#74,#11084);
#35=CONTEXT_DEPENDENT_SHAPE_REPRESENTATION(#75,#11085);
#36=CONTEXT_DEPENDENT_SHAPE_REPRESENTATION(#76,#11087);
#37=CONTEXT_DEPENDENT_SHAPE_REPRESENTATION(#77,#11089);
#38=CONTEXT_DEPENDENT_SHAPE_REPRESENTATION(#78,#11091);
#39=CONTEXT_DEPENDENT_SHAPE_REPRESENTATION(#79,#11092);
#40=CONTEXT_DEPENDENT_SHAPE_REPRESENTATION(#80,#11093);
#41=CONTEXT_DEPENDENT_SHAPE_REPRESENTATION(#81,#11094);
#42=CONTEXT_DEPENDENT_SHAPE_REPRESENTATION(#82,#11095);
#43=CONTEXT_DEPENDENT_SHAPE_REPRESENTATION(#83,#11096);
#44=CONTEXT_DEPENDENT_SHAPE_REPRESENTATION(#84,#11097);
#45=CONTEXT_DEPENDENT_SHAPE_REPRESENTATION(#85,#11098);
#46=CONTEXT_DEPENDENT_SHAPE_REPRESENTATION(#86,#11100);
#47=CONTEXT_DEPENDENT_SHAPE_REPRESENTATION(#87,#11101);
#48=CONTEXT_DEPENDENT_SHAPE_REPRESENTATION(#88,#11102);
#49=CONTEXT_DEPENDENT_SHAPE_REPRESENTATION(#89,#11103);
#50=CONTEXT_DEPENDENT_SHAPE_REPRESENTATION(#90,#11104);
#51=CONTEXT_DEPENDENT_SHAPE_REPRESENTATION(#91,#11106);
#52=NEXT_ASSEMBLY_USAGE_OCCURRENCE('NAUO1','Part 1','Part 1',#11107,#11108,
'');
#53=NEXT_ASSEMBLY_USAGE_OCCURRENCE('NAUO2','Part 1','Part 1',#11107,#11108,
'');
#54=NEXT_ASSEMBLY_USAGE_OCCURRENCE('NAUO3','Part 1','Part 1',#11107,#11108,
'');
#55=NEXT_ASSEMBLY_USAGE_OCCURRENCE('NAUO4','Part 1','Part 1',#11107,#11108,
'');
#56=NEXT_ASSEMBLY_USAGE_OCCURRENCE('NAUO5','Part 1','Part 1',#11107,#11109,
'');
#57=NEXT_ASSEMBLY_USAGE_OCCURRENCE('NAUO6','Part 1','Part 1',#11107,#11110,
'');
#58=NEXT_ASSEMBLY_USAGE_OCCURRENCE('NAUO7','Wandmodular 2',
'Wandmodular 2',#11107,#11111,'');
#59=NEXT_ASSEMBLY_USAGE_OCCURRENCE('NAUO8','Part 1','Part 1',#11107,#11108,
'');
#60=NEXT_ASSEMBLY_USAGE_OCCURRENCE('NAUO9','Part 1','Part 1',#11107,#11108,
'');
#61=NEXT_ASSEMBLY_USAGE_OCCURRENCE('NAUO10','Part 1','Part 1',#11107,#11108,
'');
#62=NEXT_ASSEMBLY_USAGE_OCCURRENCE('NAUO11','Part 1','Part 1',#11107,#11108,
'');
#63=NEXT_ASSEMBLY_USAGE_OCCURRENCE('NAUO12','Part 1','Part 1',#11107,#11108,
'');
#64=NEXT_ASSEMBLY_USAGE_OCCURRENCE('NAUO13','Part 1','Part 1',#11107,#11108,
'');
#65=NEXT_ASSEMBLY_USAGE_OCCURRENCE('NAUO14','Part 1','Part 1',#11107,#11108,
'');
#66=NEXT_ASSEMBLY_USAGE_OCCURRENCE('NAUO15','BOX','BOX',#11107,#11112,
'');
#67=NEXT_ASSEMBLY_USAGE_OCCURRENCE('NAUO16','Part 1','Part 1',#11107,#11108,
'');
#68=NEXT_ASSEMBLY_USAGE_OCCURRENCE('NAUO17','Part 1','Part 1',#11107,#11108,
'');
#69=NEXT_ASSEMBLY_USAGE_OCCURRENCE('NAUO18','Part 1','Part 1',#11107,#11108,
'');
#70=NEXT_ASSEMBLY_USAGE_OCCURRENCE('NAUO19','Part 1','Part 1',#11107,#11108,
'');
#71=NEXT_ASSEMBLY_USAGE_OCCURRENCE('NAUO20','Wandmodular 1',
'Wandmodular 1',#11107,#11113,'');
#72=(
REPRESENTATION_RELATIONSHIP(' ',' ',#6862,#6861)
REPRESENTATION_RELATIONSHIP_WITH_TRANSFORMATION(#92)
SHAPE_REPRESENTATION_RELATIONSHIP()
);
#73=(
REPRESENTATION_RELATIONSHIP(' ',' ',#6862,#6861)
REPRESENTATION_RELATIONSHIP_WITH_TRANSFORMATION(#93)
SHAPE_REPRESENTATION_RELATIONSHIP()
);
#74=(
REPRESENTATION_RELATIONSHIP(' ',' ',#6862,#6861)
REPRESENTATION_RELATIONSHIP_WITH_TRANSFORMATION(#94)
SHAPE_REPRESENTATION_RELATIONSHIP()
);
#75=(
REPRESENTATION_RELATIONSHIP(' ',' ',#6862,#6861)
REPRESENTATION_RELATIONSHIP_WITH_TRANSFORMATION(#95)
SHAPE_REPRESENTATION_RELATIONSHIP()
);
#76=(
REPRESENTATION_RELATIONSHIP(' ',' ',#6863,#6861)
REPRESENTATION_RELATIONSHIP_WITH_TRANSFORMATION(#96)
SHAPE_REPRESENTATION_RELATIONSHIP()
);
#77=(
REPRESENTATION_RELATIONSHIP(' ',' ',#6864,#6861)
REPRESENTATION_RELATIONSHIP_WITH_TRANSFORMATION(#97)
SHAPE_REPRESENTATION_RELATIONSHIP()
);
#78=(
REPRESENTATION_RELATIONSHIP(' ',' ',#6865,#6861)
REPRESENTATION_RELATIONSHIP_WITH_TRANSFORMATION(#98)
SHAPE_REPRESENTATION_RELATIONSHIP()
);
#79=(
REPRESENTATION_RELATIONSHIP(' ',' ',#6862,#6861)
REPRESENTATION_RELATIONSHIP_WITH_TRANSFORMATION(#99)
SHAPE_REPRESENTATION_RELATIONSHIP()
);
#80=(
REPRESENTATION_RELATIONSHIP(' ',' ',#6862,#6861)
REPRESENTATION_RELATIONSHIP_WITH_TRANSFORMATION(#100)
SHAPE_REPRESENTATION_RELATIONSHIP()
);
#81=(
REPRESENTATION_RELATIONSHIP(' ',' ',#6862,#6861)
REPRESENTATION_RELATIONSHIP_WITH_TRANSFORMATION(#101)
SHAPE_REPRESENTATION_RELATIONSHIP()
);
#82=(
REPRESENTATION_RELATIONSHIP(' ',' ',#6862,#6861)
REPRESENTATION_RELATIONSHIP_WITH_TRANSFORMATION(#102)
SHAPE_REPRESENTATION_RELATIONSHIP()
);
#83=(
REPRESENTATION_RELATIONSHIP(' ',' ',#6862,#6861)
REPRESENTATION_RELATIONSHIP_WITH_TRANSFORMATION(#103)
SHAPE_REPRESENTATION_RELATIONSHIP()
);
#84=(
REPRESENTATION_RELATIONSHIP(' ',' ',#6862,#6861)
REPRESENTATION_RELATIONSHIP_WITH_TRANSFORMATION(#104)
SHAPE_REPRESENTATION_RELATIONSHIP()
);
#85=(
REPRESENTATION_RELATIONSHIP(' ',' ',#6862,#6861)
REPRESENTATION_RELATIONSHIP_WITH_TRANSFORMATION(#105)
SHAPE_REPRESENTATION_RELATIONSHIP()
);
#86=(
REPRESENTATION_RELATIONSHIP(' ',' ',#6866,#6861)
REPRESENTATION_RELATIONSHIP_WITH_TRANSFORMATION(#106)
SHAPE_REPRESENTATION_RELATIONSHIP()
);
#87=(
REPRESENTATION_RELATIONSHIP(' ',' ',#6862,#6861)
REPRESENTATION_RELATIONSHIP_WITH_TRANSFORMATION(#107)
SHAPE_REPRESENTATION_RELATIONSHIP()
);
#88=(
REPRESENTATION_RELATIONSHIP(' ',' ',#6862,#6861)
REPRESENTATION_RELATIONSHIP_WITH_TRANSFORMATION(#108)
SHAPE_REPRESENTATION_RELATIONSHIP()
);
#89=(
REPRESENTATION_RELATIONSHIP(' ',' ',#6862,#6861)
REPRESENTATION_RELATIONSHIP_WITH_TRANSFORMATION(#109)
SHAPE_REPRESENTATION_RELATIONSHIP()
);
#90=(
REPRESENTATION_RELATIONSHIP(' ',' ',#6862,#6861)
REPRESENTATION_RELATIONSHIP_WITH_TRANSFORMATION(#110)
SHAPE_REPRESENTATION_RELATIONSHIP()
);
#91=(
REPRESENTATION_RELATIONSHIP(' ',' ',#6867,#6861)
REPRESENTATION_RELATIONSHIP_WITH_TRANSFORMATION(#111)
SHAPE_REPRESENTATION_RELATIONSHIP()
);
#92=ITEM_DEFINED_TRANSFORMATION(' ',' ',#6868,#6887);
#93=ITEM_DEFINED_TRANSFORMATION(' ',' ',#6868,#6888);
#94=ITEM_DEFINED_TRANSFORMATION(' ',' ',#6868,#6889);
#95=ITEM_DEFINED_TRANSFORMATION(' ',' ',#6868,#6890);
#96=ITEM_DEFINED_TRANSFORMATION(' ',' ',#6868,#6902);
#97=ITEM_DEFINED_TRANSFORMATION(' ',' ',#6868,#6942);
#98=ITEM_DEFINED_TRANSFORMATION(' ',' ',#6868,#7049);
#99=ITEM_DEFINED_TRANSFORMATION(' ',' ',#6868,#7050);
#100=ITEM_DEFINED_TRANSFORMATION(' ',' ',#6868,#7051);
#101=ITEM_DEFINED_TRANSFORMATION(' ',' ',#6868,#7052);
#102=ITEM_DEFINED_TRANSFORMATION(' ',' ',#6868,#7053);
#103=ITEM_DEFINED_TRANSFORMATION(' ',' ',#6868,#7054);
#104=ITEM_DEFINED_TRANSFORMATION(' ',' ',#6868,#7055);
#105=ITEM_DEFINED_TRANSFORMATION(' ',' ',#6868,#7056);
#106=ITEM_DEFINED_TRANSFORMATION(' ',' ',#6868,#7301);
#107=ITEM_DEFINED_TRANSFORMATION(' ',' ',#6868,#7302);
#108=ITEM_DEFINED_TRANSFORMATION(' ',' ',#6868,#7303);
#109=ITEM_DEFINED_TRANSFORMATION(' ',' ',#6868,#7304);
#110=ITEM_DEFINED_TRANSFORMATION(' ',' ',#6868,#7305);
#111=ITEM_DEFINED_TRANSFORMATION(' ',' ',#6868,#7351);
#112=SHAPE_REPRESENTATION_RELATIONSHIP('','',#6862,#118);
#113=SHAPE_REPRESENTATION_RELATIONSHIP('','',#6863,#119);
#114=SHAPE_REPRESENTATION_RELATIONSHIP('','',#6864,#120);
#115=SHAPE_REPRESENTATION_RELATIONSHIP('','',#6865,#121);
#116=SHAPE_REPRESENTATION_RELATIONSHIP('','',#6866,#122);
#117=SHAPE_REPRESENTATION_RELATIONSHIP('','',#6867,#123);
#118=ADVANCED_BREP_SHAPE_REPRESENTATION('',(#6848),#11064);
#119=ADVANCED_BREP_SHAPE_REPRESENTATION('',(#6849),#11065);
#120=ADVANCED_BREP_SHAPE_REPRESENTATION('',(#6850),#11066);
#121=ADVANCED_BREP_SHAPE_REPRESENTATION('',(#6851),#11067);
#122=ADVANCED_BREP_SHAPE_REPRESENTATION('',(#6852),#11068);
#123=ADVANCED_BREP_SHAPE_REPRESENTATION('',(#6853),#11069);
#124=B_SPLINE_SURFACE_WITH_KNOTS('',3,1,((#9178,#9179),(#9180,#9181),(#9182,
#9183),(#9184,#9185)),.RULED_SURF.,.F.,.F.,.F.,(4,4),(2,2),(0.,1.),(0.,
1.),.PIECEWISE_BEZIER_KNOTS.);
#125=B_SPLINE_SURFACE_WITH_KNOTS('',3,1,((#9186,#9187),(#9188,#9189),(#9190,
#9191),(#9192,#9193)),.RULED_SURF.,.F.,.F.,.F.,(4,4),(2,2),(0.,1.),(0.,
1.),.PIECEWISE_BEZIER_KNOTS.);
#126=CYLINDRICAL_SURFACE('',#6877,0.005);
#127=CYLINDRICAL_SURFACE('',#6881,0.004);
#128=CYLINDRICAL_SURFACE('',#6913,0.003);
#129=CYLINDRICAL_SURFACE('',#6920,0.006);
#130=CYLINDRICAL_SURFACE('',#6923,0.008);
#131=CYLINDRICAL_SURFACE('',#6928,0.0055);
#132=CYLINDRICAL_SURFACE('',#6930,0.0055);
#133=CYLINDRICAL_SURFACE('',#6932,0.0055);
#134=CYLINDRICAL_SURFACE('',#6933,0.0055);
#135=CYLINDRICAL_SURFACE('',#6935,0.0055);
#136=CYLINDRICAL_SURFACE('',#6937,0.0055);
#137=CYLINDRICAL_SURFACE('',#6958,0.001);
#138=CYLINDRICAL_SURFACE('',#6961,0.001);
#139=CYLINDRICAL_SURFACE('',#6964,0.001);
#140=CYLINDRICAL_SURFACE('',#6967,0.001);
#141=CYLINDRICAL_SURFACE('',#7047,0.004);
#142=CYLINDRICAL_SURFACE('',#7048,0.004);
#143=CYLINDRICAL_SURFACE('',#7078,0.0008);
#144=CYLINDRICAL_SURFACE('',#7081,0.0008);
#145=CYLINDRICAL_SURFACE('',#7084,0.0008);
#146=CYLINDRICAL_SURFACE('',#7087,0.0008);
#147=CYLINDRICAL_SURFACE('',#7090,0.0008);
#148=CYLINDRICAL_SURFACE('',#7092,0.0008);
#149=CYLINDRICAL_SURFACE('',#7094,0.0008);
#150=CYLINDRICAL_SURFACE('',#7096,0.0008);
#151=CYLINDRICAL_SURFACE('',#7146,0.0015);
#152=CYLINDRICAL_SURFACE('',#7155,0.0015);
#153=CYLINDRICAL_SURFACE('',#7164,0.005);
#154=CYLINDRICAL_SURFACE('',#7167,0.005);
#155=CYLINDRICAL_SURFACE('',#7168,0.005);
#156=CYLINDRICAL_SURFACE('',#7170,0.005);
#157=CYLINDRICAL_SURFACE('',#7228,0.0015);
#158=CYLINDRICAL_SURFACE('',#7235,0.0015);
#159=CYLINDRICAL_SURFACE('',#7240,0.0015);
#160=CYLINDRICAL_SURFACE('',#7246,0.0015);
#161=CYLINDRICAL_SURFACE('',#7252,0.0055);
#162=CYLINDRICAL_SURFACE('',#7256,0.004);
#163=CYLINDRICAL_SURFACE('',#7257,0.004);
#164=CYLINDRICAL_SURFACE('',#7258,0.004);
#165=CYLINDRICAL_SURFACE('',#7259,0.004);
#166=CYLINDRICAL_SURFACE('',#7260,0.00405);
#167=CYLINDRICAL_SURFACE('',#7306,0.001);
#168=CYLINDRICAL_SURFACE('',#7309,0.001);
#169=CYLINDRICAL_SURFACE('',#7312,0.001);
#170=CYLINDRICAL_SURFACE('',#7315,0.001);
#171=CYLINDRICAL_SURFACE('',#7342,0.00275);
#172=CYLINDRICAL_SURFACE('',#7343,0.00275);
#173=CYLINDRICAL_SURFACE('',#7344,0.00275);
#174=CYLINDRICAL_SURFACE('',#7345,0.00275);
#175=CYLINDRICAL_SURFACE('',#7346,0.00275);
#176=LINE('',#9116,#967);
#177=LINE('',#9120,#968);
#178=LINE('',#9122,#969);
#179=LINE('',#9127,#970);
#180=LINE('',#9131,#971);
#181=LINE('',#9134,#972);
#182=LINE('',#9136,#973);
#183=LINE('',#9138,#974);
#184=LINE('',#9140,#975);
#185=LINE('',#9141,#976);
#186=LINE('',#9142,#977);
#187=LINE('',#9144,#978);
#188=LINE('',#9146,#979);
#189=LINE('',#9148,#980);
#190=LINE('',#9150,#981);
#191=LINE('',#9152,#982);
#192=LINE('',#9154,#983);
#193=LINE('',#9156,#984);
#194=LINE('',#9158,#985);
#195=LINE('',#9160,#986);
#196=LINE('',#9162,#987);
#197=LINE('',#9163,#988);
#198=LINE('',#9164,#989);
#199=LINE('',#9166,#990);
#200=LINE('',#9168,#991);
#201=LINE('',#9170,#992);
#202=LINE('',#9171,#993);
#203=LINE('',#9173,#994);
#204=LINE('',#9177,#995);
#205=LINE('',#9194,#996);
#206=LINE('',#9201,#997);
#207=LINE('',#9204,#998);
#208=LINE('',#9206,#999);
#209=LINE('',#9208,#1000);
#210=LINE('',#9210,#1001);
#211=LINE('',#9212,#1002);
#212=LINE('',#9214,#1003);
#213=LINE('',#9216,#1004);
#214=LINE('',#9218,#1005);
#215=LINE('',#9220,#1006);
#216=LINE('',#9222,#1007);
#217=LINE('',#9223,#1008);
#218=LINE('',#9226,#1009);
#219=LINE('',#9229,#1010);
#220=LINE('',#9231,#1011);
#221=LINE('',#9233,#1012);
#222=LINE('',#9235,#1013);
#223=LINE('',#9237,#1014);
#224=LINE('',#9239,#1015);
#225=LINE('',#9241,#1016);
#226=LINE('',#9243,#1017);
#227=LINE('',#9245,#1018);
#228=LINE('',#9247,#1019);
#229=LINE('',#9248,#1020);
#230=LINE('',#9255,#1021);
#231=LINE('',#9258,#1022);
#232=LINE('',#9260,#1023);
#233=LINE('',#9262,#1024);
#234=LINE('',#9263,#1025);
#235=LINE('',#9266,#1026);
#236=LINE('',#9268,#1027);
#237=LINE('',#9270,#1028);
#238=LINE('',#9272,#1029);
#239=LINE('',#9275,#1030);
#240=LINE('',#9276,#1031);
#241=LINE('',#9278,#1032);
#242=LINE('',#9280,#1033);
#243=LINE('',#9282,#1034);
#244=LINE('',#9284,#1035);
#245=LINE('',#9287,#1036);
#246=LINE('',#9289,#1037);
#247=LINE('',#9291,#1038);
#248=LINE('',#9293,#1039);
#249=LINE('',#9294,#1040);
#250=LINE('',#9296,#1041);
#251=LINE('',#9299,#1042);
#252=LINE('',#9301,#1043);
#253=LINE('',#9303,#1044);
#254=LINE('',#9304,#1045);
#255=LINE('',#9307,#1046);
#256=LINE('',#9309,#1047);
#257=LINE('',#9311,#1048);
#258=LINE('',#9314,#1049);
#259=LINE('',#9317,#1050);
#260=LINE('',#9319,#1051);
#261=LINE('',#9321,#1052);
#262=LINE('',#9322,#1053);
#263=LINE('',#9325,#1054);
#264=LINE('',#9327,#1055);
#265=LINE('',#9329,#1056);
#266=LINE('',#9331,#1057);
#267=LINE('',#9333,#1058);
#268=LINE('',#9335,#1059);
#269=LINE('',#9337,#1060);
#270=LINE('',#9339,#1061);
#271=LINE('',#9341,#1062);
#272=LINE('',#9343,#1063);
#273=LINE('',#9346,#1064);
#274=LINE('',#9347,#1065);
#275=LINE('',#9349,#1066);
#276=LINE('',#9352,#1067);
#277=LINE('',#9353,#1068);
#278=LINE('',#9355,#1069);
#279=LINE('',#9357,#1070);
#280=LINE('',#9360,#1071);
#281=LINE('',#9361,#1072);
#282=LINE('',#9362,#1073);
#283=LINE('',#9364,#1074);
#284=LINE('',#9409,#1075);
#285=LINE('',#9423,#1076);
#286=LINE('',#9430,#1077);
#287=LINE('',#9431,#1078);
#288=LINE('',#9433,#1079);
#289=LINE('',#9434,#1080);
#290=LINE('',#9446,#1081);
#291=LINE('',#9449,#1082);
#292=LINE('',#9453,#1083);
#293=LINE('',#9456,#1084);
#294=LINE('',#9458,#1085);
#295=LINE('',#9460,#1086);
#296=LINE('',#9462,#1087);
#297=LINE('',#9465,#1088);
#298=LINE('',#9467,#1089);
#299=LINE('',#9469,#1090);
#300=LINE('',#9471,#1091);
#301=LINE('',#9473,#1092);
#302=LINE('',#9475,#1093);
#303=LINE('',#9477,#1094);
#304=LINE('',#9480,#1095);
#305=LINE('',#9482,#1096);
#306=LINE('',#9484,#1097);
#307=LINE('',#9486,#1098);
#308=LINE('',#9489,#1099);
#309=LINE('',#9490,#1100);
#310=LINE('',#9492,#1101);
#311=LINE('',#9495,#1102);
#312=LINE('',#9497,#1103);
#313=LINE('',#9499,#1104);
#314=LINE('',#9505,#1105);
#315=LINE('',#9508,#1106);
#316=LINE('',#9510,#1107);
#317=LINE('',#9512,#1108);
#318=LINE('',#9513,#1109);
#319=LINE('',#9516,#1110);
#320=LINE('',#9518,#1111);
#321=LINE('',#9520,#1112);
#322=LINE('',#9521,#1113);
#323=LINE('',#9524,#1114);
#324=LINE('',#9526,#1115);
#325=LINE('',#9528,#1116);
#326=LINE('',#9530,#1117);
#327=LINE('',#9532,#1118);
#328=LINE('',#9533,#1119);
#329=LINE('',#9536,#1120);
#330=LINE('',#9538,#1121);
#331=LINE('',#9540,#1122);
#332=LINE('',#9541,#1123);
#333=LINE('',#9544,#1124);
#334=LINE('',#9546,#1125);
#335=LINE('',#9548,#1126);
#336=LINE('',#9549,#1127);
#337=LINE('',#9552,#1128);
#338=LINE('',#9554,#1129);
#339=LINE('',#9556,#1130);
#340=LINE('',#9557,#1131);
#341=LINE('',#9560,#1132);
#342=LINE('',#9562,#1133);
#343=LINE('',#9564,#1134);
#344=LINE('',#9565,#1135);
#345=LINE('',#9568,#1136);
#346=LINE('',#9570,#1137);
#347=LINE('',#9572,#1138);
#348=LINE('',#9574,#1139);
#349=LINE('',#9577,#1140);
#350=LINE('',#9579,#1141);
#351=LINE('',#9581,#1142);
#352=LINE('',#9583,#1143);
#353=LINE('',#9586,#1144);
#354=LINE('',#9587,#1145);
#355=LINE('',#9589,#1146);
#356=LINE('',#9592,#1147);
#357=LINE('',#9594,#1148);
#358=LINE('',#9596,#1149);
#359=LINE('',#9598,#1150);
#360=LINE('',#9600,#1151);
#361=LINE('',#9602,#1152);
#362=LINE('',#9604,#1153);
#363=LINE('',#9607,#1154);
#364=LINE('',#9609,#1155);
#365=LINE('',#9611,#1156);
#366=LINE('',#9613,#1157);
#367=LINE('',#9616,#1158);
#368=LINE('',#9618,#1159);
#369=LINE('',#9620,#1160);
#370=LINE('',#9642,#1161);
#371=LINE('',#9644,#1162);
#372=LINE('',#9646,#1163);
#373=LINE('',#9648,#1164);
#374=LINE('',#9650,#1165);
#375=LINE('',#9652,#1166);
#376=LINE('',#9654,#1167);
#377=LINE('',#9656,#1168);
#378=LINE('',#9658,#1169);
#379=LINE('',#9660,#1170);
#380=LINE('',#9662,#1171);
#381=LINE('',#9664,#1172);
#382=LINE('',#9666,#1173);
#383=LINE('',#9668,#1174);
#384=LINE('',#9670,#1175);
#385=LINE('',#9676,#1176);
#386=LINE('',#9678,#1177);
#387=LINE('',#9680,#1178);
#388=LINE('',#9682,#1179);
#389=LINE('',#9684,#1180);
#390=LINE('',#9686,#1181);
#391=LINE('',#9688,#1182);
#392=LINE('',#9690,#1183);
#393=LINE('',#9692,#1184);
#394=LINE('',#9694,#1185);
#395=LINE('',#9696,#1186);
#396=LINE('',#9698,#1187);
#397=LINE('',#9700,#1188);
#398=LINE('',#9702,#1189);
#399=LINE('',#9704,#1190);
#400=LINE('',#9706,#1191);
#401=LINE('',#9707,#1192);
#402=LINE('',#9715,#1193);
#403=LINE('',#9717,#1194);
#404=LINE('',#9719,#1195);
#405=LINE('',#9721,#1196);
#406=LINE('',#9722,#1197);
#407=LINE('',#9724,#1198);
#408=LINE('',#9726,#1199);
#409=LINE('',#9728,#1200);
#410=LINE('',#9730,#1201);
#411=LINE('',#9732,#1202);
#412=LINE('',#9734,#1203);
#413=LINE('',#9736,#1204);
#414=LINE('',#9737,#1205);
#415=LINE('',#9738,#1206);
#416=LINE('',#9740,#1207);
#417=LINE('',#9742,#1208);
#418=LINE('',#9744,#1209);
#419=LINE('',#9745,#1210);
#420=LINE('',#9747,#1211);
#421=LINE('',#9749,#1212);
#422=LINE('',#9751,#1213);
#423=LINE('',#9753,#1214);
#424=LINE('',#9755,#1215);
#425=LINE('',#9756,#1216);
#426=LINE('',#9757,#1217);
#427=LINE('',#9759,#1218);
#428=LINE('',#9761,#1219);
#429=LINE('',#9763,#1220);
#430=LINE('',#9766,#1221);
#431=LINE('',#9768,#1222);
#432=LINE('',#9770,#1223);
#433=LINE('',#9772,#1224);
#434=LINE('',#9773,#1225);
#435=LINE('',#9775,#1226);
#436=LINE('',#9777,#1227);
#437=LINE('',#9779,#1228);
#438=LINE('',#9781,#1229);
#439=LINE('',#9783,#1230);
#440=LINE('',#9784,#1231);
#441=LINE('',#9786,#1232);
#442=LINE('',#9788,#1233);
#443=LINE('',#9790,#1234);
#444=LINE('',#9792,#1235);
#445=LINE('',#9794,#1236);
#446=LINE('',#9795,#1237);
#447=LINE('',#9797,#1238);
#448=LINE('',#9799,#1239);
#449=LINE('',#9801,#1240);
#450=LINE('',#9803,#1241);
#451=LINE('',#9805,#1242);
#452=LINE('',#9807,#1243);
#453=LINE('',#9809,#1244);
#454=LINE('',#9810,#1245);
#455=LINE('',#9812,#1246);
#456=LINE('',#9814,#1247);
#457=LINE('',#9816,#1248);
#458=LINE('',#9818,#1249);
#459=LINE('',#9821,#1250);
#460=LINE('',#9826,#1251);
#461=LINE('',#9829,#1252);
#462=LINE('',#9834,#1253);
#463=LINE('',#9836,#1254);
#464=LINE('',#9838,#1255);
#465=LINE('',#9840,#1256);
#466=LINE('',#9842,#1257);
#467=LINE('',#9843,#1258);
#468=LINE('',#9845,#1259);
#469=LINE('',#9847,#1260);
#470=LINE('',#9849,#1261);
#471=LINE('',#9851,#1262);
#472=LINE('',#9853,#1263);
#473=LINE('',#9854,#1264);
#474=LINE('',#9856,#1265);
#475=LINE('',#9858,#1266);
#476=LINE('',#9860,#1267);
#477=LINE('',#9862,#1268);
#478=LINE('',#9864,#1269);
#479=LINE('',#9866,#1270);
#480=LINE('',#9867,#1271);
#481=LINE('',#9869,#1272);
#482=LINE('',#9871,#1273);
#483=LINE('',#9873,#1274);
#484=LINE('',#9874,#1275);
#485=LINE('',#9875,#1276);
#486=LINE('',#9878,#1277);
#487=LINE('',#9880,#1278);
#488=LINE('',#9882,#1279);
#489=LINE('',#9884,#1280);
#490=LINE('',#9886,#1281);
#491=LINE('',#9888,#1282);
#492=LINE('',#9890,#1283);
#493=LINE('',#9891,#1284);
#494=LINE('',#9893,#1285);
#495=LINE('',#9895,#1286);
#496=LINE('',#9897,#1287);
#497=LINE('',#9898,#1288);
#498=LINE('',#9899,#1289);
#499=LINE('',#9902,#1290);
#500=LINE('',#9904,#1291);
#501=LINE('',#9906,#1292);
#502=LINE('',#9908,#1293);
#503=LINE('',#9909,#1294);
#504=LINE('',#9911,#1295);
#505=LINE('',#9913,#1296);
#506=LINE('',#9915,#1297);
#507=LINE('',#9917,#1298);
#508=LINE('',#9919,#1299);
#509=LINE('',#9920,#1300);
#510=LINE('',#9922,#1301);
#511=LINE('',#9924,#1302);
#512=LINE('',#9926,#1303);
#513=LINE('',#9928,#1304);
#514=LINE('',#9931,#1305);
#515=LINE('',#9936,#1306);
#516=LINE('',#9941,#1307);
#517=LINE('',#9954,#1308);
#518=LINE('',#9957,#1309);
#519=LINE('',#9959,#1310);
#520=LINE('',#9961,#1311);
#521=LINE('',#9962,#1312);
#522=LINE('',#9965,#1313);
#523=LINE('',#9967,#1314);
#524=LINE('',#9969,#1315);
#525=LINE('',#9970,#1316);
#526=LINE('',#9973,#1317);
#527=LINE('',#9975,#1318);
#528=LINE('',#9979,#1319);
#529=LINE('',#9981,#1320);
#530=LINE('',#9983,#1321);
#531=LINE('',#9987,#1322);
#532=LINE('',#9989,#1323);
#533=LINE('',#9991,#1324);
#534=LINE('',#9993,#1325);
#535=LINE('',#9995,#1326);
#536=LINE('',#9997,#1327);
#537=LINE('',#10000,#1328);
#538=LINE('',#10002,#1329);
#539=LINE('',#10010,#1330);
#540=LINE('',#10013,#1331);
#541=LINE('',#10015,#1332);
#542=LINE('',#10017,#1333);
#543=LINE('',#10019,#1334);
#544=LINE('',#10021,#1335);
#545=LINE('',#10022,#1336);
#546=LINE('',#10025,#1337);
#547=LINE('',#10027,#1338);
#548=LINE('',#10029,#1339);
#549=LINE('',#10031,#1340);
#550=LINE('',#10033,#1341);
#551=LINE('',#10034,#1342);
#552=LINE('',#10036,#1343);
#553=LINE('',#10038,#1344);
#554=LINE('',#10040,#1345);
#555=LINE('',#10042,#1346);
#556=LINE('',#10044,#1347);
#557=LINE('',#10046,#1348);
#558=LINE('',#10048,#1349);
#559=LINE('',#10050,#1350);
#560=LINE('',#10052,#1351);
#561=LINE('',#10054,#1352);
#562=LINE('',#10056,#1353);
#563=LINE('',#10057,#1354);
#564=LINE('',#10060,#1355);
#565=LINE('',#10062,#1356);
#566=LINE('',#10064,#1357);
#567=LINE('',#10065,#1358);
#568=LINE('',#10068,#1359);
#569=LINE('',#10070,#1360);
#570=LINE('',#10072,#1361);
#571=LINE('',#10074,#1362);
#572=LINE('',#10079,#1363);
#573=LINE('',#10081,#1364);
#574=LINE('',#10083,#1365);
#575=LINE('',#10085,#1366);
#576=LINE('',#10087,#1367);
#577=LINE('',#10089,#1368);
#578=LINE('',#10091,#1369);
#579=LINE('',#10094,#1370);
#580=LINE('',#10096,#1371);
#581=LINE('',#10098,#1372);
#582=LINE('',#10099,#1373);
#583=LINE('',#10101,#1374);
#584=LINE('',#10103,#1375);
#585=LINE('',#10105,#1376);
#586=LINE('',#10107,#1377);
#587=LINE('',#10109,#1378);
#588=LINE('',#10113,#1379);
#589=LINE('',#10114,#1380);
#590=LINE('',#10117,#1381);
#591=LINE('',#10119,#1382);
#592=LINE('',#10121,#1383);
#593=LINE('',#10123,#1384);
#594=LINE('',#10125,#1385);
#595=LINE('',#10127,#1386);
#596=LINE('',#10129,#1387);
#597=LINE('',#10131,#1388);
#598=LINE('',#10133,#1389);
#599=LINE('',#10143,#1390);
#600=LINE('',#10146,#1391);
#601=LINE('',#10147,#1392);
#602=LINE('',#10148,#1393);
#603=LINE('',#10150,#1394);
#604=LINE('',#10152,#1395);
#605=LINE('',#10154,#1396);
#606=LINE('',#10156,#1397);
#607=LINE('',#10158,#1398);
#608=LINE('',#10160,#1399);
#609=LINE('',#10162,#1400);
#610=LINE('',#10164,#1401);
#611=LINE('',#10198,#1402);
#612=LINE('',#10201,#1403);
#613=LINE('',#10203,#1404);
#614=LINE('',#10205,#1405);
#615=LINE('',#10207,#1406);
#616=LINE('',#10209,#1407);
#617=LINE('',#10211,#1408);
#618=LINE('',#10213,#1409);
#619=LINE('',#10215,#1410);
#620=LINE('',#10217,#1411);
#621=LINE('',#10219,#1412);
#622=LINE('',#10221,#1413);
#623=LINE('',#10223,#1414);
#624=LINE('',#10225,#1415);
#625=LINE('',#10227,#1416);
#626=LINE('',#10229,#1417);
#627=LINE('',#10231,#1418);
#628=LINE('',#10233,#1419);
#629=LINE('',#10235,#1420);
#630=LINE('',#10237,#1421);
#631=LINE('',#10239,#1422);
#632=LINE('',#10241,#1423);
#633=LINE('',#10243,#1424);
#634=LINE('',#10245,#1425);
#635=LINE('',#10247,#1426);
#636=LINE('',#10249,#1427);
#637=LINE('',#10250,#1428);
#638=LINE('',#10252,#1429);
#639=LINE('',#10254,#1430);
#640=LINE('',#10256,#1431);
#641=LINE('',#10258,#1432);
#642=LINE('',#10260,#1433);
#643=LINE('',#10262,#1434);
#644=LINE('',#10264,#1435);
#645=LINE('',#10266,#1436);
#646=LINE('',#10267,#1437);
#647=LINE('',#10269,#1438);
#648=LINE('',#10271,#1439);
#649=LINE('',#10273,#1440);
#650=LINE('',#10274,#1441);
#651=LINE('',#10278,#1442);
#652=LINE('',#10279,#1443);
#653=LINE('',#10282,#1444);
#654=LINE('',#10287,#1445);
#655=LINE('',#10288,#1446);
#656=LINE('',#10293,#1447);
#657=LINE('',#10294,#1448);
#658=LINE('',#10296,#1449);
#659=LINE('',#10298,#1450);
#660=LINE('',#10304,#1451);
#661=LINE('',#10307,#1452);
#662=LINE('',#10309,#1453);
#663=LINE('',#10311,#1454);
#664=LINE('',#10313,#1455);
#665=LINE('',#10315,#1456);
#666=LINE('',#10316,#1457);
#667=LINE('',#10319,#1458);
#668=LINE('',#10321,#1459);
#669=LINE('',#10323,#1460);
#670=LINE('',#10325,#1461);
#671=LINE('',#10327,#1462);
#672=LINE('',#10328,#1463);
#673=LINE('',#10331,#1464);
#674=LINE('',#10333,#1465);
#675=LINE('',#10335,#1466);
#676=LINE('',#10337,#1467);
#677=LINE('',#10339,#1468);
#678=LINE('',#10340,#1469);
#679=LINE('',#10343,#1470);
#680=LINE('',#10345,#1471);
#681=LINE('',#10347,#1472);
#682=LINE('',#10349,#1473);
#683=LINE('',#10351,#1474);
#684=LINE('',#10352,#1475);
#685=LINE('',#10353,#1476);
#686=LINE('',#10354,#1477);
#687=LINE('',#10355,#1478);
#688=LINE('',#10356,#1479);
#689=LINE('',#10357,#1480);
#690=LINE('',#10359,#1481);
#691=LINE('',#10365,#1482);
#692=LINE('',#10373,#1483);
#693=LINE('',#10375,#1484);
#694=LINE('',#10376,#1485);
#695=LINE('',#10378,#1486);
#696=LINE('',#10380,#1487);
#697=LINE('',#10382,#1488);
#698=LINE('',#10385,#1489);
#699=LINE('',#10387,#1490);
#700=LINE('',#10389,#1491);
#701=LINE('',#10392,#1492);
#702=LINE('',#10394,#1493);
#703=LINE('',#10396,#1494);
#704=LINE('',#10398,#1495);
#705=LINE('',#10401,#1496);
#706=LINE('',#10403,#1497);
#707=LINE('',#10414,#1498);
#708=LINE('',#10417,#1499);
#709=LINE('',#10426,#1500);
#710=LINE('',#10429,#1501);
#711=LINE('',#10431,#1502);
#712=LINE('',#10433,#1503);
#713=LINE('',#10435,#1504);
#714=LINE('',#10436,#1505);
#715=LINE('',#10438,#1506);
#716=LINE('',#10440,#1507);
#717=LINE('',#10449,#1508);
#718=LINE('',#10452,#1509);
#719=LINE('',#10454,#1510);
#720=LINE('',#10456,#1511);
#721=LINE('',#10458,#1512);
#722=LINE('',#10459,#1513);
#723=LINE('',#10461,#1514);
#724=LINE('',#10463,#1515);
#725=LINE('',#10467,#1516);
#726=LINE('',#10470,#1517);
#727=LINE('',#10473,#1518);
#728=LINE('',#10476,#1519);
#729=LINE('',#10479,#1520);
#730=LINE('',#10481,#1521);
#731=LINE('',#10483,#1522);
#732=LINE('',#10485,#1523);
#733=LINE('',#10487,#1524);
#734=LINE('',#10489,#1525);
#735=LINE('',#10491,#1526);
#736=LINE('',#10493,#1527);
#737=LINE('',#10495,#1528);
#738=LINE('',#10497,#1529);
#739=LINE('',#10499,#1530);
#740=LINE('',#10501,#1531);
#741=LINE('',#10504,#1532);
#742=LINE('',#10506,#1533);
#743=LINE('',#10508,#1534);
#744=LINE('',#10510,#1535);
#745=LINE('',#10512,#1536);
#746=LINE('',#10514,#1537);
#747=LINE('',#10516,#1538);
#748=LINE('',#10518,#1539);
#749=LINE('',#10520,#1540);
#750=LINE('',#10522,#1541);
#751=LINE('',#10524,#1542);
#752=LINE('',#10526,#1543);
#753=LINE('',#10529,#1544);
#754=LINE('',#10531,#1545);
#755=LINE('',#10533,#1546);
#756=LINE('',#10535,#1547);
#757=LINE('',#10537,#1548);
#758=LINE('',#10539,#1549);
#759=LINE('',#10541,#1550);
#760=LINE('',#10543,#1551);
#761=LINE('',#10545,#1552);
#762=LINE('',#10547,#1553);
#763=LINE('',#10549,#1554);
#764=LINE('',#10551,#1555);
#765=LINE('',#10554,#1556);
#766=LINE('',#10556,#1557);
#767=LINE('',#10558,#1558);
#768=LINE('',#10560,#1559);
#769=LINE('',#10562,#1560);
#770=LINE('',#10564,#1561);
#771=LINE('',#10566,#1562);
#772=LINE('',#10568,#1563);
#773=LINE('',#10570,#1564);
#774=LINE('',#10572,#1565);
#775=LINE('',#10574,#1566);
#776=LINE('',#10576,#1567);
#777=LINE('',#10579,#1568);
#778=LINE('',#10582,#1569);
#779=LINE('',#10584,#1570);
#780=LINE('',#10586,#1571);
#781=LINE('',#10588,#1572);
#782=LINE('',#10590,#1573);
#783=LINE('',#10591,#1574);
#784=LINE('',#10593,#1575);
#785=LINE('',#10595,#1576);
#786=LINE('',#10597,#1577);
#787=LINE('',#10599,#1578);
#788=LINE('',#10601,#1579);
#789=LINE('',#10603,#1580);
#790=LINE('',#10605,#1581);
#791=LINE('',#10607,#1582);
#792=LINE('',#10609,#1583);
#793=LINE('',#10610,#1584);
#794=LINE('',#10613,#1585);
#795=LINE('',#10615,#1586);
#796=LINE('',#10617,#1587);
#797=LINE('',#10619,#1588);
#798=LINE('',#10621,#1589);
#799=LINE('',#10623,#1590);
#800=LINE('',#10625,#1591);
#801=LINE('',#10627,#1592);
#802=LINE('',#10629,#1593);
#803=LINE('',#10631,#1594);
#804=LINE('',#10633,#1595);
#805=LINE('',#10635,#1596);
#806=LINE('',#10637,#1597);
#807=LINE('',#10638,#1598);
#808=LINE('',#10640,#1599);
#809=LINE('',#10642,#1600);
#810=LINE('',#10644,#1601);
#811=LINE('',#10647,#1602);
#812=LINE('',#10649,#1603);
#813=LINE('',#10651,#1604);
#814=LINE('',#10653,#1605);
#815=LINE('',#10655,#1606);
#816=LINE('',#10657,#1607);
#817=LINE('',#10659,#1608);
#818=LINE('',#10661,#1609);
#819=LINE('',#10663,#1610);
#820=LINE('',#10665,#1611);
#821=LINE('',#10667,#1612);
#822=LINE('',#10669,#1613);
#823=LINE('',#10671,#1614);
#824=LINE('',#10673,#1615);
#825=LINE('',#10674,#1616);
#826=LINE('',#10676,#1617);
#827=LINE('',#10678,#1618);
#828=LINE('',#10681,#1619);
#829=LINE('',#10684,#1620);
#830=LINE('',#10686,#1621);
#831=LINE('',#10688,#1622);
#832=LINE('',#10690,#1623);
#833=LINE('',#10692,#1624);
#834=LINE('',#10693,#1625);
#835=LINE('',#10695,#1626);
#836=LINE('',#10697,#1627);
#837=LINE('',#10699,#1628);
#838=LINE('',#10701,#1629);
#839=LINE('',#10703,#1630);
#840=LINE('',#10705,#1631);
#841=LINE('',#10707,#1632);
#842=LINE('',#10709,#1633);
#843=LINE('',#10711,#1634);
#844=LINE('',#10712,#1635);
#845=LINE('',#10722,#1636);
#846=LINE('',#10724,#1637);
#847=LINE('',#10726,#1638);
#848=LINE('',#10741,#1639);
#849=LINE('',#10743,#1640);
#850=LINE('',#10745,#1641);
#851=LINE('',#10766,#1642);
#852=LINE('',#10769,#1643);
#853=LINE('',#10771,#1644);
#854=LINE('',#10773,#1645);
#855=LINE('',#10775,#1646);
#856=LINE('',#10777,#1647);
#857=LINE('',#10779,#1648);
#858=LINE('',#10781,#1649);
#859=LINE('',#10783,#1650);
#860=LINE('',#10785,#1651);
#861=LINE('',#10787,#1652);
#862=LINE('',#10789,#1653);
#863=LINE('',#10791,#1654);
#864=LINE('',#10793,#1655);
#865=LINE('',#10795,#1656);
#866=LINE('',#10797,#1657);
#867=LINE('',#10799,#1658);
#868=LINE('',#10801,#1659);
#869=LINE('',#10803,#1660);
#870=LINE('',#10804,#1661);
#871=LINE('',#10807,#1662);
#872=LINE('',#10810,#1663);
#873=LINE('',#10812,#1664);
#874=LINE('',#10814,#1665);
#875=LINE('',#10816,#1666);
#876=LINE('',#10818,#1667);
#877=LINE('',#10820,#1668);
#878=LINE('',#10822,#1669);
#879=LINE('',#10824,#1670);
#880=LINE('',#10826,#1671);
#881=LINE('',#10828,#1672);
#882=LINE('',#10830,#1673);
#883=LINE('',#10832,#1674);
#884=LINE('',#10834,#1675);
#885=LINE('',#10836,#1676);
#886=LINE('',#10838,#1677);
#887=LINE('',#10840,#1678);
#888=LINE('',#10842,#1679);
#889=LINE('',#10844,#1680);
#890=LINE('',#10845,#1681);
#891=LINE('',#10848,#1682);
#892=LINE('',#10851,#1683);
#893=LINE('',#10853,#1684);
#894=LINE('',#10855,#1685);
#895=LINE('',#10857,#1686);
#896=LINE('',#10859,#1687);
#897=LINE('',#10861,#1688);
#898=LINE('',#10863,#1689);
#899=LINE('',#10865,#1690);
#900=LINE('',#10867,#1691);
#901=LINE('',#10869,#1692);
#902=LINE('',#10871,#1693);
#903=LINE('',#10873,#1694);
#904=LINE('',#10875,#1695);
#905=LINE('',#10877,#1696);
#906=LINE('',#10879,#1697);
#907=LINE('',#10881,#1698);
#908=LINE('',#10883,#1699);
#909=LINE('',#10885,#1700);
#910=LINE('',#10886,#1701);
#911=LINE('',#10889,#1702);
#912=LINE('',#10892,#1703);
#913=LINE('',#10894,#1704);
#914=LINE('',#10896,#1705);
#915=LINE('',#10898,#1706);
#916=LINE('',#10900,#1707);
#917=LINE('',#10902,#1708);
#918=LINE('',#10904,#1709);
#919=LINE('',#10906,#1710);
#920=LINE('',#10908,#1711);
#921=LINE('',#10910,#1712);
#922=LINE('',#10912,#1713);
#923=LINE('',#10914,#1714);
#924=LINE('',#10916,#1715);
#925=LINE('',#10918,#1716);
#926=LINE('',#10920,#1717);
#927=LINE('',#10922,#1718);
#928=LINE('',#10924,#1719);
#929=LINE('',#10926,#1720);
#930=LINE('',#10927,#1721);
#931=LINE('',#10959,#1722);
#932=LINE('',#10962,#1723);
#933=LINE('',#10964,#1724);
#934=LINE('',#10966,#1725);
#935=LINE('',#10978,#1726);
#936=LINE('',#10980,#1727);
#937=LINE('',#10982,#1728);
#938=LINE('',#10984,#1729);
#939=LINE('',#10986,#1730);
#940=LINE('',#10988,#1731);
#941=LINE('',#10990,#1732);
#942=LINE('',#10992,#1733);
#943=LINE('',#10994,#1734);
#944=LINE('',#10996,#1735);
#945=LINE('',#10998,#1736);
#946=LINE('',#11000,#1737);
#947=LINE('',#11002,#1738);
#948=LINE('',#11004,#1739);
#949=LINE('',#11006,#1740);
#950=LINE('',#11008,#1741);
#951=LINE('',#11010,#1742);
#952=LINE('',#11012,#1743);
#953=LINE('',#11014,#1744);
#954=LINE('',#11016,#1745);
#955=LINE('',#11018,#1746);
#956=LINE('',#11030,#1747);
#957=LINE('',#11032,#1748);
#958=LINE('',#11034,#1749);
#959=LINE('',#11036,#1750);
#960=LINE('',#11038,#1751);
#961=LINE('',#11040,#1752);
#962=LINE('',#11042,#1753);
#963=LINE('',#11044,#1754);
#964=LINE('',#11046,#1755);
#965=LINE('',#11048,#1756);
#966=LINE('',#11049,#1757);
#967=VECTOR('',#7358,1.);
#968=VECTOR('',#7361,1.);
#969=VECTOR('',#7364,1.);
#970=VECTOR('',#7367,1.);
#971=VECTOR('',#7372,1.);
#972=VECTOR('',#7373,1.);
#973=VECTOR('',#7374,1.);
#974=VECTOR('',#7375,1.);
#975=VECTOR('',#7378,1.);
#976=VECTOR('',#7379,1.);
#977=VECTOR('',#7380,1.);
#978=VECTOR('',#7381,1.);
#979=VECTOR('',#7384,1.);
#980=VECTOR('',#7387,1.);
#981=VECTOR('',#7388,1.);
#982=VECTOR('',#7389,1.);
#983=VECTOR('',#7390,1.);
#984=VECTOR('',#7393,1.);
#985=VECTOR('',#7394,1.);
#986=VECTOR('',#7395,1.);
#987=VECTOR('',#7398,1.);
#988=VECTOR('',#7399,1.);
#989=VECTOR('',#7400,1.);
#990=VECTOR('',#7401,1.);
#991=VECTOR('',#7404,1.);
#992=VECTOR('',#7407,1.);
#993=VECTOR('',#7408,1.);
#994=VECTOR('',#7409,1.);
#995=VECTOR('',#7416,1.);
#996=VECTOR('',#7417,1.);
#997=VECTOR('',#7430,1.);
#998=VECTOR('',#7431,1.);
#999=VECTOR('',#7432,1.);
#1000=VECTOR('',#7433,1.);
#1001=VECTOR('',#7436,1.);
#1002=VECTOR('',#7437,1.);
#1003=VECTOR('',#7438,1.);
#1004=VECTOR('',#7441,1.);
#1005=VECTOR('',#7442,1.);
#1006=VECTOR('',#7443,1.);
#1007=VECTOR('',#7446,1.);
#1008=VECTOR('',#7447,1.);
#1009=VECTOR('',#7452,1.);
#1010=VECTOR('',#7453,1.);
#1011=VECTOR('',#7454,1.);
#1012=VECTOR('',#7455,1.);
#1013=VECTOR('',#7458,1.);
#1014=VECTOR('',#7459,1.);
#1015=VECTOR('',#7460,1.);
#1016=VECTOR('',#7463,1.);
#1017=VECTOR('',#7464,1.);
#1018=VECTOR('',#7465,1.);
#1019=VECTOR('',#7468,1.);
#1020=VECTOR('',#7469,1.);
#1021=VECTOR('',#7480,1.);
#1022=VECTOR('',#7481,1.);
#1023=VECTOR('',#7482,1.);
#1024=VECTOR('',#7483,1.);
#1025=VECTOR('',#7484,1.);
#1026=VECTOR('',#7485,1.);
#1027=VECTOR('',#7486,1.);
#1028=VECTOR('',#7487,1.);
#1029=VECTOR('',#7490,1.);
#1030=VECTOR('',#7491,1.);
#1031=VECTOR('',#7492,1.);
#1032=VECTOR('',#7493,1.);
#1033=VECTOR('',#7494,1.);
#1034=VECTOR('',#7495,1.);
#1035=VECTOR('',#7498,1.);
#1036=VECTOR('',#7499,1.);
#1037=VECTOR('',#7500,1.);
#1038=VECTOR('',#7501,1.);
#1039=VECTOR('',#7502,1.);
#1040=VECTOR('',#7503,1.);
#1041=VECTOR('',#7506,1.);
#1042=VECTOR('',#7507,1.);
#1043=VECTOR('',#7508,1.);
#1044=VECTOR('',#7509,1.);
#1045=VECTOR('',#7510,1.);
#1046=VECTOR('',#7511,1.);
#1047=VECTOR('',#7512,1.);
#1048=VECTOR('',#7513,1.);
#1049=VECTOR('',#7516,1.);
#1050=VECTOR('',#7517,1.);
#1051=VECTOR('',#7518,1.);
#1052=VECTOR('',#7519,1.);
#1053=VECTOR('',#7520,1.);
#1054=VECTOR('',#7521,1.);
#1055=VECTOR('',#7522,1.);
#1056=VECTOR('',#7523,1.);
#1057=VECTOR('',#7526,1.);
#1058=VECTOR('',#7527,1.);
#1059=VECTOR('',#7528,1.);
#1060=VECTOR('',#7529,1.);
#1061=VECTOR('',#7532,1.);
#1062=VECTOR('',#7533,1.);
#1063=VECTOR('',#7536,1.);
#1064=VECTOR('',#7537,1.);
#1065=VECTOR('',#7538,1.);
#1066=VECTOR('',#7541,1.);
#1067=VECTOR('',#7546,1.);
#1068=VECTOR('',#7547,1.);
#1069=VECTOR('',#7550,1.);
#1070=VECTOR('',#7553,1.);
#1071=VECTOR('',#7558,1.);
#1072=VECTOR('',#7559,1.);
#1073=VECTOR('',#7560,1.);
#1074=VECTOR('',#7563,1.);
#1075=VECTOR('',#7574,1.);
#1076=VECTOR('',#7577,1.);
#1077=VECTOR('',#7580,1.);
#1078=VECTOR('',#7581,1.);
#1079=VECTOR('',#7584,1.);
#1080=VECTOR('',#7585,1.);
#1081=VECTOR('',#7608,1.);
#1082=VECTOR('',#7613,1.);
#1083=VECTOR('',#7620,1.);
#1084=VECTOR('',#7621,1.);
#1085=VECTOR('',#7622,1.);
#1086=VECTOR('',#7623,1.);
#1087=VECTOR('',#7626,1.);
#1088=VECTOR('',#7627,1.);
#1089=VECTOR('',#7628,1.);
#1090=VECTOR('',#7629,1.);
#1091=VECTOR('',#7632,1.);
#1092=VECTOR('',#7633,1.);
#1093=VECTOR('',#7634,1.);
#1094=VECTOR('',#7637,1.);
#1095=VECTOR('',#7638,1.);
#1096=VECTOR('',#7639,1.);
#1097=VECTOR('',#7640,1.);
#1098=VECTOR('',#7643,1.);
#1099=VECTOR('',#7644,1.);
#1100=VECTOR('',#7645,1.);
#1101=VECTOR('',#7648,1.);
#1102=VECTOR('',#7649,1.);
#1103=VECTOR('',#7650,1.);
#1104=VECTOR('',#7651,1.);
#1105=VECTOR('',#7658,1.);
#1106=VECTOR('',#7659,1.);
#1107=VECTOR('',#7660,1.);
#1108=VECTOR('',#7661,1.);
#1109=VECTOR('',#7662,1.);
#1110=VECTOR('',#7663,1.);
#1111=VECTOR('',#7664,1.);
#1112=VECTOR('',#7665,1.);
#1113=VECTOR('',#7666,1.);
#1114=VECTOR('',#7667,1.);
#1115=VECTOR('',#7668,1.);
#1116=VECTOR('',#7669,1.);
#1117=VECTOR('',#7670,1.);
#1118=VECTOR('',#7671,1.);
#1119=VECTOR('',#7672,1.);
#1120=VECTOR('',#7673,1.);
#1121=VECTOR('',#7674,1.);
#1122=VECTOR('',#7675,1.);
#1123=VECTOR('',#7676,1.);
#1124=VECTOR('',#7677,1.);
#1125=VECTOR('',#7678,1.);
#1126=VECTOR('',#7679,1.);
#1127=VECTOR('',#7680,1.);
#1128=VECTOR('',#7681,1.);
#1129=VECTOR('',#7682,1.);
#1130=VECTOR('',#7683,1.);
#1131=VECTOR('',#7684,1.);
#1132=VECTOR('',#7685,1.);
#1133=VECTOR('',#7686,1.);
#1134=VECTOR('',#7687,1.);
#1135=VECTOR('',#7688,1.);
#1136=VECTOR('',#7689,1.);
#1137=VECTOR('',#7690,1.);
#1138=VECTOR('',#7691,1.);
#1139=VECTOR('',#7694,1.);
#1140=VECTOR('',#7695,1.);
#1141=VECTOR('',#7696,1.);
#1142=VECTOR('',#7697,1.);
#1143=VECTOR('',#7700,1.);
#1144=VECTOR('',#7701,1.);
#1145=VECTOR('',#7702,1.);
#1146=VECTOR('',#7705,1.);
#1147=VECTOR('',#7706,1.);
#1148=VECTOR('',#7707,1.);
#1149=VECTOR('',#7708,1.);
#1150=VECTOR('',#7711,1.);
#1151=VECTOR('',#7712,1.);
#1152=VECTOR('',#7713,1.);
#1153=VECTOR('',#7716,1.);
#1154=VECTOR('',#7717,1.);
#1155=VECTOR('',#7718,1.);
#1156=VECTOR('',#7719,1.);
#1157=VECTOR('',#7722,1.);
#1158=VECTOR('',#7723,1.);
#1159=VECTOR('',#7724,1.);
#1160=VECTOR('',#7725,1.);
#1161=VECTOR('',#7752,1.);
#1162=VECTOR('',#7753,1.);
#1163=VECTOR('',#7754,1.);
#1164=VECTOR('',#7757,1.);
#1165=VECTOR('',#7758,1.);
#1166=VECTOR('',#7759,1.);
#1167=VECTOR('',#7762,1.);
#1168=VECTOR('',#7763,1.);
#1169=VECTOR('',#7764,1.);
#1170=VECTOR('',#7767,1.);
#1171=VECTOR('',#7768,1.);
#1172=VECTOR('',#7769,1.);
#1173=VECTOR('',#7772,1.);
#1174=VECTOR('',#7773,1.);
#1175=VECTOR('',#7774,1.);
#1176=VECTOR('',#7781,1.);
#1177=VECTOR('',#7782,1.);
#1178=VECTOR('',#7783,1.);
#1179=VECTOR('',#7786,1.);
#1180=VECTOR('',#7787,1.);
#1181=VECTOR('',#7788,1.);
#1182=VECTOR('',#7791,1.);
#1183=VECTOR('',#7792,1.);
#1184=VECTOR('',#7793,1.);
#1185=VECTOR('',#7796,1.);
#1186=VECTOR('',#7797,1.);
#1187=VECTOR('',#7798,1.);
#1188=VECTOR('',#7801,1.);
#1189=VECTOR('',#7802,1.);
#1190=VECTOR('',#7803,1.);
#1191=VECTOR('',#7806,1.);
#1192=VECTOR('',#7807,1.);
#1193=VECTOR('',#7822,1.);
#1194=VECTOR('',#7823,1.);
#1195=VECTOR('',#7824,1.);
#1196=VECTOR('',#7825,1.);
#1197=VECTOR('',#7826,1.);
#1198=VECTOR('',#7827,1.);
#1199=VECTOR('',#7830,1.);
#1200=VECTOR('',#7831,1.);
#1201=VECTOR('',#7832,1.);
#1202=VECTOR('',#7833,1.);
#1203=VECTOR('',#7834,1.);
#1204=VECTOR('',#7837,1.);
#1205=VECTOR('',#7838,1.);
#1206=VECTOR('',#7839,1.);
#1207=VECTOR('',#7842,1.);
#1208=VECTOR('',#7845,1.);
#1209=VECTOR('',#7846,1.);
#1210=VECTOR('',#7847,1.);
#1211=VECTOR('',#7848,1.);
#1212=VECTOR('',#7849,1.);
#1213=VECTOR('',#7850,1.);
#1214=VECTOR('',#7853,1.);
#1215=VECTOR('',#7854,1.);
#1216=VECTOR('',#7855,1.);
#1217=VECTOR('',#7856,1.);
#1218=VECTOR('',#7859,1.);
#1219=VECTOR('',#7860,1.);
#1220=VECTOR('',#7863,1.);
#1221=VECTOR('',#7868,1.);
#1222=VECTOR('',#7869,1.);
#1223=VECTOR('',#7870,1.);
#1224=VECTOR('',#7871,1.);
#1225=VECTOR('',#7872,1.);
#1226=VECTOR('',#7873,1.);
#1227=VECTOR('',#7876,1.);
#1228=VECTOR('',#7877,1.);
#1229=VECTOR('',#7880,1.);
#1230=VECTOR('',#7881,1.);
#1231=VECTOR('',#7882,1.);
#1232=VECTOR('',#7883,1.);
#1233=VECTOR('',#7884,1.);
#1234=VECTOR('',#7887,1.);
#1235=VECTOR('',#7890,1.);
#1236=VECTOR('',#7891,1.);
#1237=VECTOR('',#7892,1.);
#1238=VECTOR('',#7893,1.);
#1239=VECTOR('',#7894,1.);
#1240=VECTOR('',#7895,1.);
#1241=VECTOR('',#7898,1.);
#1242=VECTOR('',#7899,1.);
#1243=VECTOR('',#7900,1.);
#1244=VECTOR('',#7901,1.);
#1245=VECTOR('',#7902,1.);
#1246=VECTOR('',#7903,1.);
#1247=VECTOR('',#7906,1.);
#1248=VECTOR('',#7909,1.);
#1249=VECTOR('',#7912,1.);
#1250=VECTOR('',#7917,1.);
#1251=VECTOR('',#7926,1.);
#1252=VECTOR('',#7931,1.);
#1253=VECTOR('',#7940,1.);
#1254=VECTOR('',#7941,1.);
#1255=VECTOR('',#7942,1.);
#1256=VECTOR('',#7945,1.);
#1257=VECTOR('',#7946,1.);
#1258=VECTOR('',#7947,1.);
#1259=VECTOR('',#7948,1.);
#1260=VECTOR('',#7949,1.);
#1261=VECTOR('',#7952,1.);
#1262=VECTOR('',#7953,1.);
#1263=VECTOR('',#7954,1.);
#1264=VECTOR('',#7955,1.);
#1265=VECTOR('',#7956,1.);
#1266=VECTOR('',#7959,1.);
#1267=VECTOR('',#7962,1.);
#1268=VECTOR('',#7963,1.);
#1269=VECTOR('',#7966,1.);
#1270=VECTOR('',#7967,1.);
#1271=VECTOR('',#7968,1.);
#1272=VECTOR('',#7969,1.);
#1273=VECTOR('',#7970,1.);
#1274=VECTOR('',#7973,1.);
#1275=VECTOR('',#7974,1.);
#1276=VECTOR('',#7975,1.);
#1277=VECTOR('',#7980,1.);
#1278=VECTOR('',#7981,1.);
#1279=VECTOR('',#7982,1.);
#1280=VECTOR('',#7985,1.);
#1281=VECTOR('',#7986,1.);
#1282=VECTOR('',#7989,1.);
#1283=VECTOR('',#7990,1.);
#1284=VECTOR('',#7991,1.);
#1285=VECTOR('',#7992,1.);
#1286=VECTOR('',#7993,1.);
#1287=VECTOR('',#7996,1.);
#1288=VECTOR('',#7997,1.);
#1289=VECTOR('',#7998,1.);
#1290=VECTOR('',#8003,1.);
#1291=VECTOR('',#8004,1.);
#1292=VECTOR('',#8005,1.);
#1293=VECTOR('',#8006,1.);
#1294=VECTOR('',#8007,1.);
#1295=VECTOR('',#8008,1.);
#1296=VECTOR('',#8011,1.);
#1297=VECTOR('',#8012,1.);
#1298=VECTOR('',#8015,1.);
#1299=VECTOR('',#8016,1.);
#1300=VECTOR('',#8017,1.);
#1301=VECTOR('',#8018,1.);
#1302=VECTOR('',#8019,1.);
#1303=VECTOR('',#8022,1.);
#1304=VECTOR('',#8025,1.);
#1305=VECTOR('',#8030,1.);
#1306=VECTOR('',#8039,1.);
#1307=VECTOR('',#8048,1.);
#1308=VECTOR('',#8073,1.);
#1309=VECTOR('',#8074,1.);
#1310=VECTOR('',#8075,1.);
#1311=VECTOR('',#8076,1.);
#1312=VECTOR('',#8077,1.);
#1313=VECTOR('',#8078,1.);
#1314=VECTOR('',#8079,1.);
#1315=VECTOR('',#8080,1.);
#1316=VECTOR('',#8081,1.);
#1317=VECTOR('',#8082,1.);
#1318=VECTOR('',#8083,1.);
#1319=VECTOR('',#8086,1.);
#1320=VECTOR('',#8087,1.);
#1321=VECTOR('',#8088,1.);
#1322=VECTOR('',#8091,1.);
#1323=VECTOR('',#8092,1.);
#1324=VECTOR('',#8093,1.);
#1325=VECTOR('',#8094,1.);
#1326=VECTOR('',#8097,1.);
#1327=VECTOR('',#8098,1.);
#1328=VECTOR('',#8101,1.);
#1329=VECTOR('',#8102,1.);
#1330=VECTOR('',#8111,1.);
#1331=VECTOR('',#8112,1.);
#1332=VECTOR('',#8113,1.);
#1333=VECTOR('',#8114,1.);
#1334=VECTOR('',#8115,1.);
#1335=VECTOR('',#8116,1.);
#1336=VECTOR('',#8117,1.);
#1337=VECTOR('',#8118,1.);
#1338=VECTOR('',#8119,1.);
#1339=VECTOR('',#8120,1.);
#1340=VECTOR('',#8121,1.);
#1341=VECTOR('',#8122,1.);
#1342=VECTOR('',#8123,1.);
#1343=VECTOR('',#8124,1.);
#1344=VECTOR('',#8125,1.);
#1345=VECTOR('',#8126,1.);
#1346=VECTOR('',#8127,1.);
#1347=VECTOR('',#8128,1.);
#1348=VECTOR('',#8129,1.);
#1349=VECTOR('',#8130,1.);
#1350=VECTOR('',#8131,1.);
#1351=VECTOR('',#8132,1.);
#1352=VECTOR('',#8133,1.);
#1353=VECTOR('',#8134,1.);
#1354=VECTOR('',#8135,1.);
#1355=VECTOR('',#8136,1.);
#1356=VECTOR('',#8137,1.);
#1357=VECTOR('',#8138,1.);
#1358=VECTOR('',#8139,1.);
#1359=VECTOR('',#8140,1.);
#1360=VECTOR('',#8141,1.);
#1361=VECTOR('',#8142,1.);
#1362=VECTOR('',#8145,1.);
#1363=VECTOR('',#8148,1.);
#1364=VECTOR('',#8149,1.);
#1365=VECTOR('',#8150,1.);
#1366=VECTOR('',#8151,1.);
#1367=VECTOR('',#8152,1.);
#1368=VECTOR('',#8153,1.);
#1369=VECTOR('',#8156,1.);
#1370=VECTOR('',#8157,1.);
#1371=VECTOR('',#8158,1.);
#1372=VECTOR('',#8159,1.);
#1373=VECTOR('',#8160,1.);
#1374=VECTOR('',#8161,1.);
#1375=VECTOR('',#8162,1.);
#1376=VECTOR('',#8163,1.);
#1377=VECTOR('',#8164,1.);
#1378=VECTOR('',#8165,1.);
#1379=VECTOR('',#8168,1.);
#1380=VECTOR('',#8169,1.);
#1381=VECTOR('',#8172,1.);
#1382=VECTOR('',#8173,1.);
#1383=VECTOR('',#8174,1.);
#1384=VECTOR('',#8177,1.);
#1385=VECTOR('',#8178,1.);
#1386=VECTOR('',#8179,1.);
#1387=VECTOR('',#8182,1.);
#1388=VECTOR('',#8183,1.);
#1389=VECTOR('',#8184,1.);
#1390=VECTOR('',#8195,1.);
#1391=VECTOR('',#8196,1.);
#1392=VECTOR('',#8197,1.);
#1393=VECTOR('',#8198,1.);
#1394=VECTOR('',#8199,1.);
#1395=VECTOR('',#8200,1.);
#1396=VECTOR('',#8201,1.);
#1397=VECTOR('',#8202,1.);
#1398=VECTOR('',#8203,1.);
#1399=VECTOR('',#8204,1.);
#1400=VECTOR('',#8205,1.);
#1401=VECTOR('',#8206,1.);
#1402=VECTOR('',#8249,1.);
#1403=VECTOR('',#8250,1.);
#1404=VECTOR('',#8251,1.);
#1405=VECTOR('',#8252,1.);
#1406=VECTOR('',#8253,1.);
#1407=VECTOR('',#8254,1.);
#1408=VECTOR('',#8255,1.);
#1409=VECTOR('',#8256,1.);
#1410=VECTOR('',#8259,1.);
#1411=VECTOR('',#8260,1.);
#1412=VECTOR('',#8261,1.);
#1413=VECTOR('',#8262,1.);
#1414=VECTOR('',#8263,1.);
#1415=VECTOR('',#8264,1.);
#1416=VECTOR('',#8265,1.);
#1417=VECTOR('',#8266,1.);
#1418=VECTOR('',#8267,1.);
#1419=VECTOR('',#8268,1.);
#1420=VECTOR('',#8269,1.);
#1421=VECTOR('',#8272,1.);
#1422=VECTOR('',#8273,1.);
#1423=VECTOR('',#8274,1.);
#1424=VECTOR('',#8275,1.);
#1425=VECTOR('',#8276,1.);
#1426=VECTOR('',#8277,1.);
#1427=VECTOR('',#8278,1.);
#1428=VECTOR('',#8279,1.);
#1429=VECTOR('',#8280,1.);
#1430=VECTOR('',#8281,1.);
#1431=VECTOR('',#8284,1.);
#1432=VECTOR('',#8285,1.);
#1433=VECTOR('',#8286,1.);
#1434=VECTOR('',#8287,1.);
#1435=VECTOR('',#8288,1.);
#1436=VECTOR('',#8289,1.);
#1437=VECTOR('',#8290,1.);
#1438=VECTOR('',#8291,1.);
#1439=VECTOR('',#8292,1.);
#1440=VECTOR('',#8293,1.);
#1441=VECTOR('',#8294,1.);
#1442=VECTOR('',#8299,1.);
#1443=VECTOR('',#8300,1.);
#1444=VECTOR('',#8303,1.);
#1445=VECTOR('',#8306,1.);
#1446=VECTOR('',#8307,1.);
#1447=VECTOR('',#8310,1.);
#1448=VECTOR('',#8311,1.);
#1449=VECTOR('',#8312,1.);
#1450=VECTOR('',#8313,1.);
#1451=VECTOR('',#8320,1.);
#1452=VECTOR('',#8321,1.);
#1453=VECTOR('',#8322,1.);
#1454=VECTOR('',#8323,1.);
#1455=VECTOR('',#8324,1.);
#1456=VECTOR('',#8325,1.);
#1457=VECTOR('',#8326,1.);
#1458=VECTOR('',#8327,1.);
#1459=VECTOR('',#8328,1.);
#1460=VECTOR('',#8329,1.);
#1461=VECTOR('',#8330,1.);
#1462=VECTOR('',#8331,1.);
#1463=VECTOR('',#8332,1.);
#1464=VECTOR('',#8333,1.);
#1465=VECTOR('',#8334,1.);
#1466=VECTOR('',#8335,1.);
#1467=VECTOR('',#8336,1.);
#1468=VECTOR('',#8337,1.);
#1469=VECTOR('',#8338,1.);
#1470=VECTOR('',#8339,1.);
#1471=VECTOR('',#8340,1.);
#1472=VECTOR('',#8341,1.);
#1473=VECTOR('',#8342,1.);
#1474=VECTOR('',#8343,1.);
#1475=VECTOR('',#8344,1.);
#1476=VECTOR('',#8345,1.);
#1477=VECTOR('',#8346,1.);
#1478=VECTOR('',#8347,1.);
#1479=VECTOR('',#8348,1.);
#1480=VECTOR('',#8349,1.);
#1481=VECTOR('',#8350,1.);
#1482=VECTOR('',#8357,1.);
#1483=VECTOR('',#8366,1.);
#1484=VECTOR('',#8369,1.);
#1485=VECTOR('',#8370,1.);
#1486=VECTOR('',#8373,1.);
#1487=VECTOR('',#8376,1.);
#1488=VECTOR('',#8379,1.);
#1489=VECTOR('',#8384,1.);
#1490=VECTOR('',#8387,1.);
#1491=VECTOR('',#8390,1.);
#1492=VECTOR('',#8395,1.);
#1493=VECTOR('',#8398,1.);
#1494=VECTOR('',#8401,1.);
#1495=VECTOR('',#8404,1.);
#1496=VECTOR('',#8409,1.);
#1497=VECTOR('',#8412,1.);
#1498=VECTOR('',#8433,1.);
#1499=VECTOR('',#8436,1.);
#1500=VECTOR('',#8449,1.);
#1501=VECTOR('',#8450,1.);
#1502=VECTOR('',#8451,1.);
#1503=VECTOR('',#8452,1.);
#1504=VECTOR('',#8455,1.);
#1505=VECTOR('',#8456,1.);
#1506=VECTOR('',#8459,1.);
#1507=VECTOR('',#8462,1.);
#1508=VECTOR('',#8475,1.);
#1509=VECTOR('',#8476,1.);
#1510=VECTOR('',#8477,1.);
#1511=VECTOR('',#8478,1.);
#1512=VECTOR('',#8481,1.);
#1513=VECTOR('',#8482,1.);
#1514=VECTOR('',#8485,1.);
#1515=VECTOR('',#8488,1.);
#1516=VECTOR('',#8495,1.);
#1517=VECTOR('',#8500,1.);
#1518=VECTOR('',#8505,1.);
#1519=VECTOR('',#8510,1.);
#1520=VECTOR('',#8515,1.);
#1521=VECTOR('',#8516,1.);
#1522=VECTOR('',#8517,1.);
#1523=VECTOR('',#8520,1.);
#1524=VECTOR('',#8521,1.);
#1525=VECTOR('',#8524,1.);
#1526=VECTOR('',#8525,1.);
#1527=VECTOR('',#8528,1.);
#1528=VECTOR('',#8529,1.);
#1529=VECTOR('',#8532,1.);
#1530=VECTOR('',#8533,1.);
#1531=VECTOR('',#8536,1.);
#1532=VECTOR('',#8541,1.);
#1533=VECTOR('',#8542,1.);
#1534=VECTOR('',#8543,1.);
#1535=VECTOR('',#8546,1.);
#1536=VECTOR('',#8547,1.);
#1537=VECTOR('',#8550,1.);
#1538=VECTOR('',#8551,1.);
#1539=VECTOR('',#8554,1.);
#1540=VECTOR('',#8555,1.);
#1541=VECTOR('',#8558,1.);
#1542=VECTOR('',#8559,1.);
#1543=VECTOR('',#8562,1.);
#1544=VECTOR('',#8567,1.);
#1545=VECTOR('',#8568,1.);
#1546=VECTOR('',#8569,1.);
#1547=VECTOR('',#8572,1.);
#1548=VECTOR('',#8573,1.);
#1549=VECTOR('',#8576,1.);
#1550=VECTOR('',#8577,1.);
#1551=VECTOR('',#8580,1.);
#1552=VECTOR('',#8581,1.);
#1553=VECTOR('',#8584,1.);
#1554=VECTOR('',#8585,1.);
#1555=VECTOR('',#8588,1.);
#1556=VECTOR('',#8593,1.);
#1557=VECTOR('',#8594,1.);
#1558=VECTOR('',#8595,1.);
#1559=VECTOR('',#8598,1.);
#1560=VECTOR('',#8599,1.);
#1561=VECTOR('',#8602,1.);
#1562=VECTOR('',#8603,1.);
#1563=VECTOR('',#8606,1.);
#1564=VECTOR('',#8607,1.);
#1565=VECTOR('',#8610,1.);
#1566=VECTOR('',#8611,1.);
#1567=VECTOR('',#8614,1.);
#1568=VECTOR('',#8619,1.);
#1569=VECTOR('',#8620,1.);
#1570=VECTOR('',#8621,1.);
#1571=VECTOR('',#8622,1.);
#1572=VECTOR('',#8625,1.);
#1573=VECTOR('',#8626,1.);
#1574=VECTOR('',#8627,1.);
#1575=VECTOR('',#8628,1.);
#1576=VECTOR('',#8631,1.);
#1577=VECTOR('',#8632,1.);
#1578=VECTOR('',#8635,1.);
#1579=VECTOR('',#8636,1.);
#1580=VECTOR('',#8639,1.);
#1581=VECTOR('',#8640,1.);
#1582=VECTOR('',#8641,1.);
#1583=VECTOR('',#8644,1.);
#1584=VECTOR('',#8645,1.);
#1585=VECTOR('',#8650,1.);
#1586=VECTOR('',#8651,1.);
#1587=VECTOR('',#8652,1.);
#1588=VECTOR('',#8653,1.);
#1589=VECTOR('',#8654,1.);
#1590=VECTOR('',#8657,1.);
#1591=VECTOR('',#8658,1.);
#1592=VECTOR('',#8659,1.);
#1593=VECTOR('',#8662,1.);
#1594=VECTOR('',#8663,1.);
#1595=VECTOR('',#8664,1.);
#1596=VECTOR('',#8667,1.);
#1597=VECTOR('',#8668,1.);
#1598=VECTOR('',#8669,1.);
#1599=VECTOR('',#8672,1.);
#1600=VECTOR('',#8673,1.);
#1601=VECTOR('',#8676,1.);
#1602=VECTOR('',#8681,1.);
#1603=VECTOR('',#8682,1.);
#1604=VECTOR('',#8683,1.);
#1605=VECTOR('',#8686,1.);
#1606=VECTOR('',#8687,1.);
#1607=VECTOR('',#8688,1.);
#1608=VECTOR('',#8691,1.);
#1609=VECTOR('',#8692,1.);
#1610=VECTOR('',#8693,1.);
#1611=VECTOR('',#8696,1.);
#1612=VECTOR('',#8697,1.);
#1613=VECTOR('',#8698,1.);
#1614=VECTOR('',#8701,1.);
#1615=VECTOR('',#8702,1.);
#1616=VECTOR('',#8703,1.);
#1617=VECTOR('',#8704,1.);
#1618=VECTOR('',#8707,1.);
#1619=VECTOR('',#8712,1.);
#1620=VECTOR('',#8713,1.);
#1621=VECTOR('',#8714,1.);
#1622=VECTOR('',#8715,1.);
#1623=VECTOR('',#8718,1.);
#1624=VECTOR('',#8719,1.);
#1625=VECTOR('',#8720,1.);
#1626=VECTOR('',#8721,1.);
#1627=VECTOR('',#8724,1.);
#1628=VECTOR('',#8725,1.);
#1629=VECTOR('',#8728,1.);
#1630=VECTOR('',#8729,1.);
#1631=VECTOR('',#8732,1.);
#1632=VECTOR('',#8733,1.);
#1633=VECTOR('',#8734,1.);
#1634=VECTOR('',#8737,1.);
#1635=VECTOR('',#8738,1.);
#1636=VECTOR('',#8753,1.);
#1637=VECTOR('',#8754,1.);
#1638=VECTOR('',#8757,1.);
#1639=VECTOR('',#8778,1.);
#1640=VECTOR('',#8779,1.);
#1641=VECTOR('',#8782,1.);
#1642=VECTOR('',#8815,1.);
#1643=VECTOR('',#8816,1.);
#1644=VECTOR('',#8817,1.);
#1645=VECTOR('',#8818,1.);
#1646=VECTOR('',#8821,1.);
#1647=VECTOR('',#8822,1.);
#1648=VECTOR('',#8823,1.);
#1649=VECTOR('',#8826,1.);
#1650=VECTOR('',#8827,1.);
#1651=VECTOR('',#8828,1.);
#1652=VECTOR('',#8831,1.);
#1653=VECTOR('',#8832,1.);
#1654=VECTOR('',#8835,1.);
#1655=VECTOR('',#8836,1.);
#1656=VECTOR('',#8837,1.);
#1657=VECTOR('',#8840,1.);
#1658=VECTOR('',#8841,1.);
#1659=VECTOR('',#8844,1.);
#1660=VECTOR('',#8847,1.);
#1661=VECTOR('',#8848,1.);
#1662=VECTOR('',#8853,1.);
#1663=VECTOR('',#8854,1.);
#1664=VECTOR('',#8855,1.);
#1665=VECTOR('',#8856,1.);
#1666=VECTOR('',#8859,1.);
#1667=VECTOR('',#8860,1.);
#1668=VECTOR('',#8861,1.);
#1669=VECTOR('',#8864,1.);
#1670=VECTOR('',#8865,1.);
#1671=VECTOR('',#8866,1.);
#1672=VECTOR('',#8869,1.);
#1673=VECTOR('',#8870,1.);
#1674=VECTOR('',#8871,1.);
#1675=VECTOR('',#8874,1.);
#1676=VECTOR('',#8875,1.);
#1677=VECTOR('',#8878,1.);
#1678=VECTOR('',#8879,1.);
#1679=VECTOR('',#8882,1.);
#1680=VECTOR('',#8885,1.);
#1681=VECTOR('',#8886,1.);
#1682=VECTOR('',#8891,1.);
#1683=VECTOR('',#8892,1.);
#1684=VECTOR('',#8893,1.);
#1685=VECTOR('',#8894,1.);
#1686=VECTOR('',#8897,1.);
#1687=VECTOR('',#8898,1.);
#1688=VECTOR('',#8899,1.);
#1689=VECTOR('',#8902,1.);
#1690=VECTOR('',#8903,1.);
#1691=VECTOR('',#8904,1.);
#1692=VECTOR('',#8907,1.);
#1693=VECTOR('',#8908,1.);
#1694=VECTOR('',#8911,1.);
#1695=VECTOR('',#8912,1.);
#1696=VECTOR('',#8913,1.);
#1697=VECTOR('',#8916,1.);
#1698=VECTOR('',#8917,1.);
#1699=VECTOR('',#8920,1.);
#1700=VECTOR('',#8923,1.);
#1701=VECTOR('',#8924,1.);
#1702=VECTOR('',#8929,1.);
#1703=VECTOR('',#8930,1.);
#1704=VECTOR('',#8931,1.);
#1705=VECTOR('',#8932,1.);
#1706=VECTOR('',#8935,1.);
#1707=VECTOR('',#8936,1.);
#1708=VECTOR('',#8937,1.);
#1709=VECTOR('',#8940,1.);
#1710=VECTOR('',#8941,1.);
#1711=VECTOR('',#8942,1.);
#1712=VECTOR('',#8945,1.);
#1713=VECTOR('',#8946,1.);
#1714=VECTOR('',#8947,1.);
#1715=VECTOR('',#8950,1.);
#1716=VECTOR('',#8951,1.);
#1717=VECTOR('',#8954,1.);
#1718=VECTOR('',#8955,1.);
#1719=VECTOR('',#8958,1.);
#1720=VECTOR('',#8961,1.);
#1721=VECTOR('',#8962,1.);
#1722=VECTOR('',#9009,1.);
#1723=VECTOR('',#9010,1.);
#1724=VECTOR('',#9011,1.);
#1725=VECTOR('',#9012,1.);
#1726=VECTOR('',#9025,1.);
#1727=VECTOR('',#9026,1.);
#1728=VECTOR('',#9027,1.);
#1729=VECTOR('',#9030,1.);
#1730=VECTOR('',#9031,1.);
#1731=VECTOR('',#9032,1.);
#1732=VECTOR('',#9035,1.);
#1733=VECTOR('',#9036,1.);
#1734=VECTOR('',#9037,1.);
#1735=VECTOR('',#9040,1.);
#1736=VECTOR('',#9041,1.);
#1737=VECTOR('',#9042,1.);
#1738=VECTOR('',#9045,1.);
#1739=VECTOR('',#9046,1.);
#1740=VECTOR('',#9047,1.);
#1741=VECTOR('',#9050,1.);
#1742=VECTOR('',#9051,1.);
#1743=VECTOR('',#9052,1.);
#1744=VECTOR('',#9055,1.);
#1745=VECTOR('',#9056,1.);
#1746=VECTOR('',#9057,1.);
#1747=VECTOR('',#9070,1.);
#1748=VECTOR('',#9071,1.);
#1749=VECTOR('',#9072,1.);
#1750=VECTOR('',#9075,1.);
#1751=VECTOR('',#9076,1.);
#1752=VECTOR('',#9077,1.);
#1753=VECTOR('',#9080,1.);
#1754=VECTOR('',#9081,1.);
#1755=VECTOR('',#9082,1.);
#1756=VECTOR('',#9085,1.);
#1757=VECTOR('',#9086,1.);
#1758=ORIENTED_EDGE('',*,*,#3548,.T.);
#1759=ORIENTED_EDGE('',*,*,#3549,.T.);
#1760=ORIENTED_EDGE('',*,*,#3550,.F.);
#1761=ORIENTED_EDGE('',*,*,#3551,.F.);
#1762=ORIENTED_EDGE('',*,*,#3552,.F.);
#1763=ORIENTED_EDGE('',*,*,#3553,.T.);
#1764=ORIENTED_EDGE('',*,*,#3554,.T.);
#1765=ORIENTED_EDGE('',*,*,#3555,.F.);
#1766=ORIENTED_EDGE('',*,*,#3556,.T.);
#1767=ORIENTED_EDGE('',*,*,#3557,.T.);
#1768=ORIENTED_EDGE('',*,*,#3558,.F.);
#1769=ORIENTED_EDGE('',*,*,#3559,.F.);
#1770=ORIENTED_EDGE('',*,*,#3558,.T.);
#1771=ORIENTED_EDGE('',*,*,#3560,.F.);
#1772=ORIENTED_EDGE('',*,*,#3561,.F.);
#1773=ORIENTED_EDGE('',*,*,#3562,.T.);
#1774=ORIENTED_EDGE('',*,*,#3563,.T.);
#1775=ORIENTED_EDGE('',*,*,#3555,.T.);
#1776=ORIENTED_EDGE('',*,*,#3564,.F.);
#1777=ORIENTED_EDGE('',*,*,#3548,.F.);
#1778=ORIENTED_EDGE('',*,*,#3561,.T.);
#1779=ORIENTED_EDGE('',*,*,#3564,.T.);
#1780=ORIENTED_EDGE('',*,*,#3565,.T.);
#1781=ORIENTED_EDGE('',*,*,#3566,.F.);
#1782=ORIENTED_EDGE('',*,*,#3567,.F.);
#1783=ORIENTED_EDGE('',*,*,#3568,.F.);
#1784=ORIENTED_EDGE('',*,*,#3566,.T.);
#1785=ORIENTED_EDGE('',*,*,#3569,.F.);
#1786=ORIENTED_EDGE('',*,*,#3570,.F.);
#1787=ORIENTED_EDGE('',*,*,#3571,.T.);
#1788=ORIENTED_EDGE('',*,*,#3570,.T.);
#1789=ORIENTED_EDGE('',*,*,#3572,.F.);
#1790=ORIENTED_EDGE('',*,*,#3573,.F.);
#1791=ORIENTED_EDGE('',*,*,#3574,.T.);
#1792=ORIENTED_EDGE('',*,*,#3575,.T.);
#1793=ORIENTED_EDGE('',*,*,#3553,.F.);
#1794=ORIENTED_EDGE('',*,*,#3576,.F.);
#1795=ORIENTED_EDGE('',*,*,#3550,.T.);
#1796=ORIENTED_EDGE('',*,*,#3573,.T.);
#1797=ORIENTED_EDGE('',*,*,#3576,.T.);
#1798=ORIENTED_EDGE('',*,*,#3577,.T.);
#1799=ORIENTED_EDGE('',*,*,#3556,.F.);
#1800=ORIENTED_EDGE('',*,*,#3578,.F.);
#1801=ORIENTED_EDGE('',*,*,#3579,.F.);
#1802=ORIENTED_EDGE('',*,*,#3569,.T.);
#1803=ORIENTED_EDGE('',*,*,#3565,.F.);
#1804=ORIENTED_EDGE('',*,*,#3554,.F.);
#1805=ORIENTED_EDGE('',*,*,#3572,.T.);
#1806=ORIENTED_EDGE('',*,*,#3557,.F.);
#1807=ORIENTED_EDGE('',*,*,#3577,.F.);
#1808=ORIENTED_EDGE('',*,*,#3552,.T.);
#1809=ORIENTED_EDGE('',*,*,#3560,.T.);
#1810=ORIENTED_EDGE('',*,*,#3580,.F.);
#1811=ORIENTED_EDGE('',*,*,#3562,.F.);
#1812=ORIENTED_EDGE('',*,*,#3551,.T.);
#1813=ORIENTED_EDGE('',*,*,#3579,.T.);
#1814=ORIENTED_EDGE('',*,*,#3559,.T.);
#1815=ORIENTED_EDGE('',*,*,#3563,.F.);
#1816=ORIENTED_EDGE('',*,*,#3580,.T.);
#1817=ORIENTED_EDGE('',*,*,#3578,.T.);
#1818=ORIENTED_EDGE('',*,*,#3571,.F.);
#1819=ORIENTED_EDGE('',*,*,#3575,.F.);
#1820=ORIENTED_EDGE('',*,*,#3581,.F.);
#1821=ORIENTED_EDGE('',*,*,#3567,.T.);
#1822=ORIENTED_EDGE('',*,*,#3581,.T.);
#1823=ORIENTED_EDGE('',*,*,#3574,.F.);
#1824=ORIENTED_EDGE('',*,*,#3549,.F.);
#1825=ORIENTED_EDGE('',*,*,#3568,.T.);
#1826=ORIENTED_EDGE('',*,*,#3582,.T.);
#1827=ORIENTED_EDGE('',*,*,#3583,.F.);
#1828=ORIENTED_EDGE('',*,*,#3584,.F.);
#1829=ORIENTED_EDGE('',*,*,#3585,.T.);
#1830=ORIENTED_EDGE('',*,*,#3586,.T.);
#1831=ORIENTED_EDGE('',*,*,#3587,.F.);
#1832=ORIENTED_EDGE('',*,*,#3588,.F.);
#1833=ORIENTED_EDGE('',*,*,#3583,.T.);
#1834=ORIENTED_EDGE('',*,*,#3589,.F.);
#1835=ORIENTED_EDGE('',*,*,#3590,.F.);
#1836=ORIENTED_EDGE('',*,*,#3591,.T.);
#1837=ORIENTED_EDGE('',*,*,#3587,.T.);
#1838=ORIENTED_EDGE('',*,*,#3592,.F.);
#1839=ORIENTED_EDGE('',*,*,#3585,.F.);
#1840=ORIENTED_EDGE('',*,*,#3593,.T.);
#1841=ORIENTED_EDGE('',*,*,#3590,.T.);
#1842=ORIENTED_EDGE('',*,*,#3582,.F.);
#1843=ORIENTED_EDGE('',*,*,#3592,.T.);
#1844=ORIENTED_EDGE('',*,*,#3589,.T.);
#1845=ORIENTED_EDGE('',*,*,#3586,.F.);
#1846=ORIENTED_EDGE('',*,*,#3594,.T.);
#1847=ORIENTED_EDGE('',*,*,#3595,.T.);
#1848=ORIENTED_EDGE('',*,*,#3596,.F.);
#1849=ORIENTED_EDGE('',*,*,#3597,.T.);
#1850=ORIENTED_EDGE('',*,*,#3598,.F.);
#1851=ORIENTED_EDGE('',*,*,#3599,.F.);
#1852=ORIENTED_EDGE('',*,*,#3600,.F.);
#1853=ORIENTED_EDGE('',*,*,#3596,.T.);
#1854=ORIENTED_EDGE('',*,*,#3601,.F.);
#1855=ORIENTED_EDGE('',*,*,#3602,.F.);
#1856=ORIENTED_EDGE('',*,*,#3603,.F.);
#1857=ORIENTED_EDGE('',*,*,#3599,.T.);
#1858=ORIENTED_EDGE('',*,*,#3602,.T.);
#1859=ORIENTED_EDGE('',*,*,#3604,.T.);
#1860=ORIENTED_EDGE('',*,*,#3594,.F.);
#1861=ORIENTED_EDGE('',*,*,#3605,.T.);
#1862=ORIENTED_EDGE('',*,*,#3597,.F.);
#1863=ORIENTED_EDGE('',*,*,#3600,.T.);
#1864=ORIENTED_EDGE('',*,*,#3603,.T.);
#1865=ORIENTED_EDGE('',*,*,#3605,.F.);
#1866=ORIENTED_EDGE('',*,*,#3584,.T.);
#1867=ORIENTED_EDGE('',*,*,#3588,.T.);
#1868=ORIENTED_EDGE('',*,*,#3591,.F.);
#1869=ORIENTED_EDGE('',*,*,#3593,.F.);
#1870=ORIENTED_EDGE('',*,*,#3595,.F.);
#1871=ORIENTED_EDGE('',*,*,#3604,.F.);
#1872=ORIENTED_EDGE('',*,*,#3601,.T.);
#1873=ORIENTED_EDGE('',*,*,#3598,.T.);
#1874=ORIENTED_EDGE('',*,*,#3606,.T.);
#1875=ORIENTED_EDGE('',*,*,#3607,.F.);
#1876=ORIENTED_EDGE('',*,*,#3608,.T.);
#1877=ORIENTED_EDGE('',*,*,#3609,.T.);
#1878=ORIENTED_EDGE('',*,*,#3610,.F.);
#1879=ORIENTED_EDGE('',*,*,#3611,.F.);
#1880=ORIENTED_EDGE('',*,*,#3612,.T.);
#1881=ORIENTED_EDGE('',*,*,#3613,.T.);
#1882=ORIENTED_EDGE('',*,*,#3614,.F.);
#1883=ORIENTED_EDGE('',*,*,#3615,.F.);
#1884=ORIENTED_EDGE('',*,*,#3616,.F.);
#1885=ORIENTED_EDGE('',*,*,#3611,.T.);
#1886=ORIENTED_EDGE('',*,*,#3617,.T.);
#1887=ORIENTED_EDGE('',*,*,#3618,.T.);
#1888=ORIENTED_EDGE('',*,*,#3619,.T.);
#1889=ORIENTED_EDGE('',*,*,#3620,.T.);
#1890=ORIENTED_EDGE('',*,*,#3621,.F.);
#1891=ORIENTED_EDGE('',*,*,#3622,.F.);
#1892=ORIENTED_EDGE('',*,*,#3623,.F.);
#1893=ORIENTED_EDGE('',*,*,#3624,.T.);
#1894=ORIENTED_EDGE('',*,*,#3625,.T.);
#1895=ORIENTED_EDGE('',*,*,#3613,.F.);
#1896=ORIENTED_EDGE('',*,*,#3626,.F.);
#1897=ORIENTED_EDGE('',*,*,#3627,.T.);
#1898=ORIENTED_EDGE('',*,*,#3628,.T.);
#1899=ORIENTED_EDGE('',*,*,#3629,.T.);
#1900=ORIENTED_EDGE('',*,*,#3630,.T.);
#1901=ORIENTED_EDGE('',*,*,#3631,.F.);
#1902=ORIENTED_EDGE('',*,*,#3632,.T.);
#1903=ORIENTED_EDGE('',*,*,#3633,.T.);
#1904=ORIENTED_EDGE('',*,*,#3634,.T.);
#1905=ORIENTED_EDGE('',*,*,#3635,.F.);
#1906=ORIENTED_EDGE('',*,*,#3636,.F.);
#1907=ORIENTED_EDGE('',*,*,#3637,.T.);
#1908=ORIENTED_EDGE('',*,*,#3638,.T.);
#1909=ORIENTED_EDGE('',*,*,#3639,.F.);
#1910=ORIENTED_EDGE('',*,*,#3640,.F.);
#1911=ORIENTED_EDGE('',*,*,#3641,.T.);
#1912=ORIENTED_EDGE('',*,*,#3642,.T.);
#1913=ORIENTED_EDGE('',*,*,#3643,.F.);
#1914=ORIENTED_EDGE('',*,*,#3644,.T.);
#1915=ORIENTED_EDGE('',*,*,#3645,.T.);
#1916=ORIENTED_EDGE('',*,*,#3646,.T.);
#1917=ORIENTED_EDGE('',*,*,#3647,.F.);
#1918=ORIENTED_EDGE('',*,*,#3636,.T.);
#1919=ORIENTED_EDGE('',*,*,#3648,.T.);
#1920=ORIENTED_EDGE('',*,*,#3649,.F.);
#1921=ORIENTED_EDGE('',*,*,#3637,.F.);
#1922=ORIENTED_EDGE('',*,*,#3647,.T.);
#1923=ORIENTED_EDGE('',*,*,#3650,.F.);
#1924=ORIENTED_EDGE('',*,*,#3651,.F.);
#1925=ORIENTED_EDGE('',*,*,#3638,.F.);
#1926=ORIENTED_EDGE('',*,*,#3649,.T.);
#1927=ORIENTED_EDGE('',*,*,#3652,.F.);
#1928=ORIENTED_EDGE('',*,*,#3653,.F.);
#1929=ORIENTED_EDGE('',*,*,#3644,.F.);
#1930=ORIENTED_EDGE('',*,*,#3639,.T.);
#1931=ORIENTED_EDGE('',*,*,#3651,.T.);
#1932=ORIENTED_EDGE('',*,*,#3635,.T.);
#1933=ORIENTED_EDGE('',*,*,#3606,.F.);
#1934=ORIENTED_EDGE('',*,*,#3607,.T.);
#1935=ORIENTED_EDGE('',*,*,#3654,.T.);
#1936=ORIENTED_EDGE('',*,*,#3641,.F.);
#1937=ORIENTED_EDGE('',*,*,#3655,.F.);
#1938=ORIENTED_EDGE('',*,*,#3655,.T.);
#1939=ORIENTED_EDGE('',*,*,#3640,.T.);
#1940=ORIENTED_EDGE('',*,*,#3656,.F.);
#1941=ORIENTED_EDGE('',*,*,#3608,.F.);
#1942=ORIENTED_EDGE('',*,*,#3656,.T.);
#1943=ORIENTED_EDGE('',*,*,#3643,.T.);
#1944=ORIENTED_EDGE('',*,*,#3657,.F.);
#1945=ORIENTED_EDGE('',*,*,#3609,.F.);
#1946=ORIENTED_EDGE('',*,*,#3610,.T.);
#1947=ORIENTED_EDGE('',*,*,#3657,.T.);
#1948=ORIENTED_EDGE('',*,*,#3642,.F.);
#1949=ORIENTED_EDGE('',*,*,#3654,.F.);
#1950=ORIENTED_EDGE('',*,*,#3658,.T.);
#1951=ORIENTED_EDGE('',*,*,#3645,.F.);
#1952=ORIENTED_EDGE('',*,*,#3653,.T.);
#1953=ORIENTED_EDGE('',*,*,#3650,.T.);
#1954=ORIENTED_EDGE('',*,*,#3659,.F.);
#1955=ORIENTED_EDGE('',*,*,#3619,.F.);
#1956=ORIENTED_EDGE('',*,*,#3660,.T.);
#1957=ORIENTED_EDGE('',*,*,#3623,.T.);
#1958=ORIENTED_EDGE('',*,*,#3648,.F.);
#1959=ORIENTED_EDGE('',*,*,#3646,.F.);
#1960=ORIENTED_EDGE('',*,*,#3658,.F.);
#1961=ORIENTED_EDGE('',*,*,#3622,.T.);
#1962=ORIENTED_EDGE('',*,*,#3661,.F.);
#1963=ORIENTED_EDGE('',*,*,#3620,.F.);
#1964=ORIENTED_EDGE('',*,*,#3659,.T.);
#1965=ORIENTED_EDGE('',*,*,#3652,.T.);
#1966=ORIENTED_EDGE('',*,*,#3631,.T.);
#1967=ORIENTED_EDGE('',*,*,#3662,.T.);
#1968=ORIENTED_EDGE('',*,*,#3663,.T.);
#1969=ORIENTED_EDGE('',*,*,#3664,.T.);
#1970=ORIENTED_EDGE('',*,*,#3627,.F.);
#1971=ORIENTED_EDGE('',*,*,#3665,.T.);
#1972=ORIENTED_EDGE('',*,*,#3666,.F.);
#1973=ORIENTED_EDGE('',*,*,#3667,.T.);
#1974=ORIENTED_EDGE('',*,*,#3668,.F.);
#1975=ORIENTED_EDGE('',*,*,#3669,.T.);
#1976=ORIENTED_EDGE('',*,*,#3670,.T.);
#1977=ORIENTED_EDGE('',*,*,#3671,.T.);
#1978=ORIENTED_EDGE('',*,*,#3672,.T.);
#1979=ORIENTED_EDGE('',*,*,#3673,.T.);
#1980=ORIENTED_EDGE('',*,*,#3674,.T.);
#1981=ORIENTED_EDGE('',*,*,#3675,.T.);
#1982=ORIENTED_EDGE('',*,*,#3666,.T.);
#1983=ORIENTED_EDGE('',*,*,#3676,.T.);
#1984=ORIENTED_EDGE('',*,*,#3672,.F.);
#1985=ORIENTED_EDGE('',*,*,#3677,.T.);
#1986=ORIENTED_EDGE('',*,*,#3668,.T.);
#1987=ORIENTED_EDGE('',*,*,#3678,.T.);
#1988=ORIENTED_EDGE('',*,*,#3663,.F.);
#1989=ORIENTED_EDGE('',*,*,#3679,.T.);
#1990=ORIENTED_EDGE('',*,*,#3677,.F.);
#1991=ORIENTED_EDGE('',*,*,#3671,.F.);
#1992=ORIENTED_EDGE('',*,*,#3680,.F.);
#1993=ORIENTED_EDGE('',*,*,#3632,.F.);
#1994=ORIENTED_EDGE('',*,*,#3667,.F.);
#1995=ORIENTED_EDGE('',*,*,#3662,.F.);
#1996=ORIENTED_EDGE('',*,*,#3634,.F.);
#1997=ORIENTED_EDGE('',*,*,#3681,.F.);
#1998=ORIENTED_EDGE('',*,*,#3669,.F.);
#1999=ORIENTED_EDGE('',*,*,#3679,.F.);
#2000=ORIENTED_EDGE('',*,*,#3680,.T.);
#2001=ORIENTED_EDGE('',*,*,#3670,.F.);
#2002=ORIENTED_EDGE('',*,*,#3681,.T.);
#2003=ORIENTED_EDGE('',*,*,#3633,.F.);
#2004=ORIENTED_EDGE('',*,*,#3665,.F.);
#2005=ORIENTED_EDGE('',*,*,#3630,.F.);
#2006=ORIENTED_EDGE('',*,*,#3682,.F.);
#2007=ORIENTED_EDGE('',*,*,#3673,.F.);
#2008=ORIENTED_EDGE('',*,*,#3676,.F.);
#2009=ORIENTED_EDGE('',*,*,#3678,.F.);
#2010=ORIENTED_EDGE('',*,*,#3675,.F.);
#2011=ORIENTED_EDGE('',*,*,#3683,.F.);
#2012=ORIENTED_EDGE('',*,*,#3628,.F.);
#2013=ORIENTED_EDGE('',*,*,#3664,.F.);
#2014=ORIENTED_EDGE('',*,*,#3682,.T.);
#2015=ORIENTED_EDGE('',*,*,#3629,.F.);
#2016=ORIENTED_EDGE('',*,*,#3683,.T.);
#2017=ORIENTED_EDGE('',*,*,#3674,.F.);
#2018=ORIENTED_EDGE('',*,*,#3617,.F.);
#2019=ORIENTED_EDGE('',*,*,#3614,.T.);
#2020=ORIENTED_EDGE('',*,*,#3625,.F.);
#2021=ORIENTED_EDGE('',*,*,#3684,.F.);
#2022=ORIENTED_EDGE('',*,*,#3618,.F.);
#2023=ORIENTED_EDGE('',*,*,#3684,.T.);
#2024=ORIENTED_EDGE('',*,*,#3624,.F.);
#2025=ORIENTED_EDGE('',*,*,#3660,.F.);
#2026=ORIENTED_EDGE('',*,*,#3685,.F.);
#2027=ORIENTED_EDGE('',*,*,#3615,.T.);
#2028=ORIENTED_EDGE('',*,*,#3661,.T.);
#2029=ORIENTED_EDGE('',*,*,#3621,.T.);
#2030=ORIENTED_EDGE('',*,*,#3612,.F.);
#2031=ORIENTED_EDGE('',*,*,#3616,.T.);
#2032=ORIENTED_EDGE('',*,*,#3685,.T.);
#2033=ORIENTED_EDGE('',*,*,#3626,.T.);
#2034=ORIENTED_EDGE('',*,*,#3686,.F.);
#2035=ORIENTED_EDGE('',*,*,#3687,.T.);
#2036=ORIENTED_EDGE('',*,*,#3688,.T.);
#2037=ORIENTED_EDGE('',*,*,#3689,.F.);
#2038=ORIENTED_EDGE('',*,*,#3690,.F.);
#2039=ORIENTED_EDGE('',*,*,#3691,.T.);
#2040=ORIENTED_EDGE('',*,*,#3692,.T.);
#2041=ORIENTED_EDGE('',*,*,#3693,.F.);
#2042=ORIENTED_EDGE('',*,*,#3694,.F.);
#2043=ORIENTED_EDGE('',*,*,#3693,.T.);
#2044=ORIENTED_EDGE('',*,*,#3695,.T.);
#2045=ORIENTED_EDGE('',*,*,#3696,.F.);
#2046=ORIENTED_EDGE('',*,*,#3697,.F.);
#2047=ORIENTED_EDGE('',*,*,#3698,.T.);
#2048=ORIENTED_EDGE('',*,*,#3699,.T.);
#2049=ORIENTED_EDGE('',*,*,#3700,.F.);
#2050=ORIENTED_EDGE('',*,*,#3701,.F.);
#2051=ORIENTED_EDGE('',*,*,#3702,.T.);
#2052=ORIENTED_EDGE('',*,*,#3697,.T.);
#2053=ORIENTED_EDGE('',*,*,#3703,.F.);
#2054=ORIENTED_EDGE('',*,*,#3704,.F.);
#2055=ORIENTED_EDGE('',*,*,#3705,.T.);
#2056=ORIENTED_EDGE('',*,*,#3706,.T.);
#2057=ORIENTED_EDGE('',*,*,#3707,.F.);
#2058=ORIENTED_EDGE('',*,*,#3708,.F.);
#2059=ORIENTED_EDGE('',*,*,#3709,.F.);
#2060=ORIENTED_EDGE('',*,*,#3710,.T.);
#2061=ORIENTED_EDGE('',*,*,#3711,.F.);
#2062=ORIENTED_EDGE('',*,*,#3712,.F.);
#2063=ORIENTED_EDGE('',*,*,#3713,.T.);
#2064=ORIENTED_EDGE('',*,*,#3714,.T.);
#2065=ORIENTED_EDGE('',*,*,#3715,.T.);
#2066=ORIENTED_EDGE('',*,*,#3716,.F.);
#2067=ORIENTED_EDGE('',*,*,#3717,.F.);
#2068=ORIENTED_EDGE('',*,*,#3718,.T.);
#2069=ORIENTED_EDGE('',*,*,#3719,.F.);
#2070=ORIENTED_EDGE('',*,*,#3720,.T.);
#2071=ORIENTED_EDGE('',*,*,#3721,.F.);
#2072=ORIENTED_EDGE('',*,*,#3722,.F.);
#2073=ORIENTED_EDGE('',*,*,#3723,.F.);
#2074=ORIENTED_EDGE('',*,*,#3724,.F.);
#2075=ORIENTED_EDGE('',*,*,#3725,.T.);
#2076=ORIENTED_EDGE('',*,*,#3726,.T.);
#2077=ORIENTED_EDGE('',*,*,#3727,.F.);
#2078=ORIENTED_EDGE('',*,*,#3728,.F.);
#2079=ORIENTED_EDGE('',*,*,#3729,.F.);
#2080=ORIENTED_EDGE('',*,*,#3730,.T.);
#2081=ORIENTED_EDGE('',*,*,#3731,.T.);
#2082=ORIENTED_EDGE('',*,*,#3732,.T.);
#2083=ORIENTED_EDGE('',*,*,#3733,.T.);
#2084=ORIENTED_EDGE('',*,*,#3734,.F.);
#2085=ORIENTED_EDGE('',*,*,#3735,.T.);
#2086=ORIENTED_EDGE('',*,*,#3736,.F.);
#2087=ORIENTED_EDGE('',*,*,#3737,.T.);
#2088=ORIENTED_EDGE('',*,*,#3738,.T.);
#2089=ORIENTED_EDGE('',*,*,#3739,.F.);
#2090=ORIENTED_EDGE('',*,*,#3740,.T.);
#2091=ORIENTED_EDGE('',*,*,#3741,.F.);
#2092=ORIENTED_EDGE('',*,*,#3742,.F.);
#2093=ORIENTED_EDGE('',*,*,#3743,.T.);
#2094=ORIENTED_EDGE('',*,*,#3744,.F.);
#2095=ORIENTED_EDGE('',*,*,#3745,.T.);
#2096=ORIENTED_EDGE('',*,*,#3746,.T.);
#2097=ORIENTED_EDGE('',*,*,#3747,.F.);
#2098=ORIENTED_EDGE('',*,*,#3748,.F.);
#2099=ORIENTED_EDGE('',*,*,#3749,.T.);
#2100=ORIENTED_EDGE('',*,*,#3744,.T.);
#2101=ORIENTED_EDGE('',*,*,#3750,.F.);
#2102=ORIENTED_EDGE('',*,*,#3751,.F.);
#2103=ORIENTED_EDGE('',*,*,#3752,.T.);
#2104=ORIENTED_EDGE('',*,*,#3753,.T.);
#2105=ORIENTED_EDGE('',*,*,#3754,.F.);
#2106=ORIENTED_EDGE('',*,*,#3755,.F.);
#2107=ORIENTED_EDGE('',*,*,#3754,.T.);
#2108=ORIENTED_EDGE('',*,*,#3756,.T.);
#2109=ORIENTED_EDGE('',*,*,#3757,.F.);
#2110=ORIENTED_EDGE('',*,*,#3758,.F.);
#2111=ORIENTED_EDGE('',*,*,#3759,.T.);
#2112=ORIENTED_EDGE('',*,*,#3760,.T.);
#2113=ORIENTED_EDGE('',*,*,#3761,.F.);
#2114=ORIENTED_EDGE('',*,*,#3762,.F.);
#2115=ORIENTED_EDGE('',*,*,#3763,.T.);
#2116=ORIENTED_EDGE('',*,*,#3764,.T.);
#2117=ORIENTED_EDGE('',*,*,#3765,.F.);
#2118=ORIENTED_EDGE('',*,*,#3766,.T.);
#2119=ORIENTED_EDGE('',*,*,#3767,.F.);
#2120=ORIENTED_EDGE('',*,*,#3768,.F.);
#2121=ORIENTED_EDGE('',*,*,#3769,.F.);
#2122=ORIENTED_EDGE('',*,*,#3770,.F.);
#2123=ORIENTED_EDGE('',*,*,#3771,.F.);
#2124=ORIENTED_EDGE('',*,*,#3772,.T.);
#2125=ORIENTED_EDGE('',*,*,#3773,.F.);
#2126=ORIENTED_EDGE('',*,*,#3774,.T.);
#2127=ORIENTED_EDGE('',*,*,#3730,.F.);
#2128=ORIENTED_EDGE('',*,*,#3775,.F.);
#2129=ORIENTED_EDGE('',*,*,#3776,.T.);
#2130=ORIENTED_EDGE('',*,*,#3777,.T.);
#2131=ORIENTED_EDGE('',*,*,#3776,.F.);
#2132=ORIENTED_EDGE('',*,*,#3778,.F.);
#2133=ORIENTED_EDGE('',*,*,#3779,.T.);
#2134=ORIENTED_EDGE('',*,*,#3780,.T.);
#2135=ORIENTED_EDGE('',*,*,#3779,.F.);
#2136=ORIENTED_EDGE('',*,*,#3781,.F.);
#2137=ORIENTED_EDGE('',*,*,#3782,.T.);
#2138=ORIENTED_EDGE('',*,*,#3783,.T.);
#2139=ORIENTED_EDGE('',*,*,#3782,.F.);
#2140=ORIENTED_EDGE('',*,*,#3784,.F.);
#2141=ORIENTED_EDGE('',*,*,#3785,.T.);
#2142=ORIENTED_EDGE('',*,*,#3786,.T.);
#2143=ORIENTED_EDGE('',*,*,#3785,.F.);
#2144=ORIENTED_EDGE('',*,*,#3787,.F.);
#2145=ORIENTED_EDGE('',*,*,#3788,.T.);
#2146=ORIENTED_EDGE('',*,*,#3789,.F.);
#2147=ORIENTED_EDGE('',*,*,#3790,.F.);
#2148=ORIENTED_EDGE('',*,*,#3791,.F.);
#2149=ORIENTED_EDGE('',*,*,#3788,.F.);
#2150=ORIENTED_EDGE('',*,*,#3792,.T.);
#2151=ORIENTED_EDGE('',*,*,#3793,.T.);
#2152=ORIENTED_EDGE('',*,*,#3794,.F.);
#2153=ORIENTED_EDGE('',*,*,#3793,.F.);
#2154=ORIENTED_EDGE('',*,*,#3795,.T.);
#2155=ORIENTED_EDGE('',*,*,#3796,.T.);
#2156=ORIENTED_EDGE('',*,*,#3797,.F.);
#2157=ORIENTED_EDGE('',*,*,#3796,.F.);
#2158=ORIENTED_EDGE('',*,*,#3798,.T.);
#2159=ORIENTED_EDGE('',*,*,#3799,.T.);
#2160=ORIENTED_EDGE('',*,*,#3800,.F.);
#2161=ORIENTED_EDGE('',*,*,#3799,.F.);
#2162=ORIENTED_EDGE('',*,*,#3801,.T.);
#2163=ORIENTED_EDGE('',*,*,#3802,.T.);
#2164=ORIENTED_EDGE('',*,*,#3803,.F.);
#2165=ORIENTED_EDGE('',*,*,#3802,.F.);
#2166=ORIENTED_EDGE('',*,*,#3804,.T.);
#2167=ORIENTED_EDGE('',*,*,#3805,.T.);
#2168=ORIENTED_EDGE('',*,*,#3806,.F.);
#2169=ORIENTED_EDGE('',*,*,#3805,.F.);
#2170=ORIENTED_EDGE('',*,*,#3807,.T.);
#2171=ORIENTED_EDGE('',*,*,#3728,.T.);
#2172=ORIENTED_EDGE('',*,*,#3729,.T.);
#2173=ORIENTED_EDGE('',*,*,#3807,.F.);
#2174=ORIENTED_EDGE('',*,*,#3804,.F.);
#2175=ORIENTED_EDGE('',*,*,#3801,.F.);
#2176=ORIENTED_EDGE('',*,*,#3798,.F.);
#2177=ORIENTED_EDGE('',*,*,#3795,.F.);
#2178=ORIENTED_EDGE('',*,*,#3792,.F.);
#2179=ORIENTED_EDGE('',*,*,#3787,.T.);
#2180=ORIENTED_EDGE('',*,*,#3784,.T.);
#2181=ORIENTED_EDGE('',*,*,#3781,.T.);
#2182=ORIENTED_EDGE('',*,*,#3778,.T.);
#2183=ORIENTED_EDGE('',*,*,#3775,.T.);
#2184=ORIENTED_EDGE('',*,*,#3770,.T.);
#2185=ORIENTED_EDGE('',*,*,#3768,.T.);
#2186=ORIENTED_EDGE('',*,*,#3766,.F.);
#2187=ORIENTED_EDGE('',*,*,#3772,.F.);
#2188=ORIENTED_EDGE('',*,*,#3731,.F.);
#2189=ORIENTED_EDGE('',*,*,#3774,.F.);
#2190=ORIENTED_EDGE('',*,*,#3777,.F.);
#2191=ORIENTED_EDGE('',*,*,#3780,.F.);
#2192=ORIENTED_EDGE('',*,*,#3783,.F.);
#2193=ORIENTED_EDGE('',*,*,#3786,.F.);
#2194=ORIENTED_EDGE('',*,*,#3791,.T.);
#2195=ORIENTED_EDGE('',*,*,#3794,.T.);
#2196=ORIENTED_EDGE('',*,*,#3797,.T.);
#2197=ORIENTED_EDGE('',*,*,#3800,.T.);
#2198=ORIENTED_EDGE('',*,*,#3803,.T.);
#2199=ORIENTED_EDGE('',*,*,#3806,.T.);
#2200=ORIENTED_EDGE('',*,*,#3773,.T.);
#2201=ORIENTED_EDGE('',*,*,#3771,.T.);
#2202=ORIENTED_EDGE('',*,*,#3769,.T.);
#2203=ORIENTED_EDGE('',*,*,#3767,.T.);
#2204=ORIENTED_EDGE('',*,*,#3721,.T.);
#2205=ORIENTED_EDGE('',*,*,#3808,.F.);
#2206=ORIENTED_EDGE('',*,*,#3809,.F.);
#2207=ORIENTED_EDGE('',*,*,#3810,.T.);
#2208=ORIENTED_EDGE('',*,*,#3811,.T.);
#2209=ORIENTED_EDGE('',*,*,#3748,.T.);
#2210=ORIENTED_EDGE('',*,*,#3812,.F.);
#2211=ORIENTED_EDGE('',*,*,#3813,.T.);
#2212=ORIENTED_EDGE('',*,*,#3723,.T.);
#2213=ORIENTED_EDGE('',*,*,#3814,.F.);
#2214=ORIENTED_EDGE('',*,*,#3815,.F.);
#2215=ORIENTED_EDGE('',*,*,#3816,.F.);
#2216=ORIENTED_EDGE('',*,*,#3817,.T.);
#2217=ORIENTED_EDGE('',*,*,#3818,.T.);
#2218=ORIENTED_EDGE('',*,*,#3722,.T.);
#2219=ORIENTED_EDGE('',*,*,#3813,.F.);
#2220=ORIENTED_EDGE('',*,*,#3819,.F.);
#2221=ORIENTED_EDGE('',*,*,#3746,.F.);
#2222=ORIENTED_EDGE('',*,*,#3820,.T.);
#2223=ORIENTED_EDGE('',*,*,#3810,.F.);
#2224=ORIENTED_EDGE('',*,*,#3821,.F.);
#2225=ORIENTED_EDGE('',*,*,#3814,.T.);
#2226=ORIENTED_EDGE('',*,*,#3821,.T.);
#2227=ORIENTED_EDGE('',*,*,#3809,.T.);
#2228=ORIENTED_EDGE('',*,*,#3822,.T.);
#2229=ORIENTED_EDGE('',*,*,#3815,.T.);
#2230=ORIENTED_EDGE('',*,*,#3733,.F.);
#2231=ORIENTED_EDGE('',*,*,#3823,.F.);
#2232=ORIENTED_EDGE('',*,*,#3824,.T.);
#2233=ORIENTED_EDGE('',*,*,#3752,.F.);
#2234=ORIENTED_EDGE('',*,*,#3825,.F.);
#2235=ORIENTED_EDGE('',*,*,#3826,.F.);
#2236=ORIENTED_EDGE('',*,*,#3827,.T.);
#2237=ORIENTED_EDGE('',*,*,#3828,.T.);
#2238=ORIENTED_EDGE('',*,*,#3732,.F.);
#2239=ORIENTED_EDGE('',*,*,#3829,.F.);
#2240=ORIENTED_EDGE('',*,*,#3830,.T.);
#2241=ORIENTED_EDGE('',*,*,#3826,.T.);
#2242=ORIENTED_EDGE('',*,*,#3831,.F.);
#2243=ORIENTED_EDGE('',*,*,#3757,.T.);
#2244=ORIENTED_EDGE('',*,*,#3832,.T.);
#2245=ORIENTED_EDGE('',*,*,#3823,.T.);
#2246=ORIENTED_EDGE('',*,*,#3735,.F.);
#2247=ORIENTED_EDGE('',*,*,#3833,.F.);
#2248=ORIENTED_EDGE('',*,*,#3834,.T.);
#2249=ORIENTED_EDGE('',*,*,#3829,.T.);
#2250=ORIENTED_EDGE('',*,*,#3734,.T.);
#2251=ORIENTED_EDGE('',*,*,#3828,.F.);
#2252=ORIENTED_EDGE('',*,*,#3835,.F.);
#2253=ORIENTED_EDGE('',*,*,#3833,.T.);
#2254=ORIENTED_EDGE('',*,*,#3827,.F.);
#2255=ORIENTED_EDGE('',*,*,#3830,.F.);
#2256=ORIENTED_EDGE('',*,*,#3834,.F.);
#2257=ORIENTED_EDGE('',*,*,#3835,.T.);
#2258=ORIENTED_EDGE('',*,*,#3739,.T.);
#2259=ORIENTED_EDGE('',*,*,#3836,.F.);
#2260=ORIENTED_EDGE('',*,*,#3837,.F.);
#2261=ORIENTED_EDGE('',*,*,#3838,.T.);
#2262=ORIENTED_EDGE('',*,*,#3839,.T.);
#2263=ORIENTED_EDGE('',*,*,#3758,.T.);
#2264=ORIENTED_EDGE('',*,*,#3840,.F.);
#2265=ORIENTED_EDGE('',*,*,#3841,.T.);
#2266=ORIENTED_EDGE('',*,*,#3738,.F.);
#2267=ORIENTED_EDGE('',*,*,#3842,.F.);
#2268=ORIENTED_EDGE('',*,*,#3843,.T.);
#2269=ORIENTED_EDGE('',*,*,#3836,.T.);
#2270=ORIENTED_EDGE('',*,*,#3737,.F.);
#2271=ORIENTED_EDGE('',*,*,#3844,.F.);
#2272=ORIENTED_EDGE('',*,*,#3845,.F.);
#2273=ORIENTED_EDGE('',*,*,#3760,.F.);
#2274=ORIENTED_EDGE('',*,*,#3846,.T.);
#2275=ORIENTED_EDGE('',*,*,#3847,.F.);
#2276=ORIENTED_EDGE('',*,*,#3848,.T.);
#2277=ORIENTED_EDGE('',*,*,#3842,.T.);
#2278=ORIENTED_EDGE('',*,*,#3848,.F.);
#2279=ORIENTED_EDGE('',*,*,#3849,.T.);
#2280=ORIENTED_EDGE('',*,*,#3837,.T.);
#2281=ORIENTED_EDGE('',*,*,#3843,.F.);
#2282=ORIENTED_EDGE('',*,*,#3726,.F.);
#2283=ORIENTED_EDGE('',*,*,#3850,.F.);
#2284=ORIENTED_EDGE('',*,*,#3851,.T.);
#2285=ORIENTED_EDGE('',*,*,#3763,.F.);
#2286=ORIENTED_EDGE('',*,*,#3852,.F.);
#2287=ORIENTED_EDGE('',*,*,#3853,.F.);
#2288=ORIENTED_EDGE('',*,*,#3854,.T.);
#2289=ORIENTED_EDGE('',*,*,#3855,.T.);
#2290=ORIENTED_EDGE('',*,*,#3724,.T.);
#2291=ORIENTED_EDGE('',*,*,#3856,.F.);
#2292=ORIENTED_EDGE('',*,*,#3857,.F.);
#2293=ORIENTED_EDGE('',*,*,#3858,.T.);
#2294=ORIENTED_EDGE('',*,*,#3859,.F.);
#2295=ORIENTED_EDGE('',*,*,#3765,.T.);
#2296=ORIENTED_EDGE('',*,*,#3860,.T.);
#2297=ORIENTED_EDGE('',*,*,#3861,.T.);
#2298=ORIENTED_EDGE('',*,*,#3727,.T.);
#2299=ORIENTED_EDGE('',*,*,#3855,.F.);
#2300=ORIENTED_EDGE('',*,*,#3862,.F.);
#2301=ORIENTED_EDGE('',*,*,#3856,.T.);
#2302=ORIENTED_EDGE('',*,*,#3854,.F.);
#2303=ORIENTED_EDGE('',*,*,#3863,.F.);
#2304=ORIENTED_EDGE('',*,*,#3857,.T.);
#2305=ORIENTED_EDGE('',*,*,#3862,.T.);
#2306=ORIENTED_EDGE('',*,*,#3736,.T.);
#2307=ORIENTED_EDGE('',*,*,#3841,.F.);
#2308=ORIENTED_EDGE('',*,*,#3864,.F.);
#2309=ORIENTED_EDGE('',*,*,#3844,.T.);
#2310=ORIENTED_EDGE('',*,*,#3864,.T.);
#2311=ORIENTED_EDGE('',*,*,#3840,.T.);
#2312=ORIENTED_EDGE('',*,*,#3761,.T.);
#2313=ORIENTED_EDGE('',*,*,#3845,.T.);
#2314=ORIENTED_EDGE('',*,*,#3725,.F.);
#2315=ORIENTED_EDGE('',*,*,#3861,.F.);
#2316=ORIENTED_EDGE('',*,*,#3865,.T.);
#2317=ORIENTED_EDGE('',*,*,#3850,.T.);
#2318=ORIENTED_EDGE('',*,*,#3764,.F.);
#2319=ORIENTED_EDGE('',*,*,#3851,.F.);
#2320=ORIENTED_EDGE('',*,*,#3865,.F.);
#2321=ORIENTED_EDGE('',*,*,#3860,.F.);
#2322=ORIENTED_EDGE('',*,*,#3824,.F.);
#2323=ORIENTED_EDGE('',*,*,#3832,.F.);
#2324=ORIENTED_EDGE('',*,*,#3756,.F.);
#2325=ORIENTED_EDGE('',*,*,#3753,.F.);
#2326=ORIENTED_EDGE('',*,*,#3812,.T.);
#2327=ORIENTED_EDGE('',*,*,#3750,.T.);
#2328=ORIENTED_EDGE('',*,*,#3747,.T.);
#2329=ORIENTED_EDGE('',*,*,#3819,.T.);
#2330=ORIENTED_EDGE('',*,*,#3866,.F.);
#2331=ORIENTED_EDGE('',*,*,#3858,.F.);
#2332=ORIENTED_EDGE('',*,*,#3863,.T.);
#2333=ORIENTED_EDGE('',*,*,#3853,.T.);
#2334=ORIENTED_EDGE('',*,*,#3762,.T.);
#2335=ORIENTED_EDGE('',*,*,#3859,.T.);
#2336=ORIENTED_EDGE('',*,*,#3866,.T.);
#2337=ORIENTED_EDGE('',*,*,#3852,.T.);
#2338=ORIENTED_EDGE('',*,*,#3867,.T.);
#2339=ORIENTED_EDGE('',*,*,#3838,.F.);
#2340=ORIENTED_EDGE('',*,*,#3849,.F.);
#2341=ORIENTED_EDGE('',*,*,#3847,.T.);
#2342=ORIENTED_EDGE('',*,*,#3867,.F.);
#2343=ORIENTED_EDGE('',*,*,#3846,.F.);
#2344=ORIENTED_EDGE('',*,*,#3759,.F.);
#2345=ORIENTED_EDGE('',*,*,#3839,.F.);
#2346=ORIENTED_EDGE('',*,*,#3825,.T.);
#2347=ORIENTED_EDGE('',*,*,#3751,.T.);
#2348=ORIENTED_EDGE('',*,*,#3755,.T.);
#2349=ORIENTED_EDGE('',*,*,#3831,.T.);
#2350=ORIENTED_EDGE('',*,*,#3811,.F.);
#2351=ORIENTED_EDGE('',*,*,#3820,.F.);
#2352=ORIENTED_EDGE('',*,*,#3745,.F.);
#2353=ORIENTED_EDGE('',*,*,#3749,.F.);
#2354=ORIENTED_EDGE('',*,*,#3717,.T.);
#2355=ORIENTED_EDGE('',*,*,#3868,.F.);
#2356=ORIENTED_EDGE('',*,*,#3869,.F.);
#2357=ORIENTED_EDGE('',*,*,#3870,.T.);
#2358=ORIENTED_EDGE('',*,*,#3716,.T.);
#2359=ORIENTED_EDGE('',*,*,#3871,.F.);
#2360=ORIENTED_EDGE('',*,*,#3872,.T.);
#2361=ORIENTED_EDGE('',*,*,#3687,.F.);
#2362=ORIENTED_EDGE('',*,*,#3873,.F.);
#2363=ORIENTED_EDGE('',*,*,#3874,.F.);
#2364=ORIENTED_EDGE('',*,*,#3875,.F.);
#2365=ORIENTED_EDGE('',*,*,#3868,.T.);
#2366=ORIENTED_EDGE('',*,*,#3714,.F.);
#2367=ORIENTED_EDGE('',*,*,#3870,.F.);
#2368=ORIENTED_EDGE('',*,*,#3876,.T.);
#2369=ORIENTED_EDGE('',*,*,#3877,.T.);
#2370=ORIENTED_EDGE('',*,*,#3878,.F.);
#2371=ORIENTED_EDGE('',*,*,#3689,.T.);
#2372=ORIENTED_EDGE('',*,*,#3879,.T.);
#2373=ORIENTED_EDGE('',*,*,#3880,.T.);
#2374=ORIENTED_EDGE('',*,*,#3869,.T.);
#2375=ORIENTED_EDGE('',*,*,#3875,.T.);
#2376=ORIENTED_EDGE('',*,*,#3881,.F.);
#2377=ORIENTED_EDGE('',*,*,#3876,.F.);
#2378=ORIENTED_EDGE('',*,*,#3822,.F.);
#2379=ORIENTED_EDGE('',*,*,#3808,.T.);
#2380=ORIENTED_EDGE('',*,*,#3720,.F.);
#2381=ORIENTED_EDGE('',*,*,#3882,.F.);
#2382=ORIENTED_EDGE('',*,*,#3883,.T.);
#2383=ORIENTED_EDGE('',*,*,#3816,.T.);
#2384=ORIENTED_EDGE('',*,*,#3719,.T.);
#2385=ORIENTED_EDGE('',*,*,#3884,.F.);
#2386=ORIENTED_EDGE('',*,*,#3885,.T.);
#2387=ORIENTED_EDGE('',*,*,#3691,.F.);
#2388=ORIENTED_EDGE('',*,*,#3886,.F.);
#2389=ORIENTED_EDGE('',*,*,#3887,.F.);
#2390=ORIENTED_EDGE('',*,*,#3888,.F.);
#2391=ORIENTED_EDGE('',*,*,#3882,.T.);
#2392=ORIENTED_EDGE('',*,*,#3718,.F.);
#2393=ORIENTED_EDGE('',*,*,#3818,.F.);
#2394=ORIENTED_EDGE('',*,*,#3889,.T.);
#2395=ORIENTED_EDGE('',*,*,#3887,.T.);
#2396=ORIENTED_EDGE('',*,*,#3890,.F.);
#2397=ORIENTED_EDGE('',*,*,#3696,.T.);
#2398=ORIENTED_EDGE('',*,*,#3891,.T.);
#2399=ORIENTED_EDGE('',*,*,#3884,.T.);
#2400=ORIENTED_EDGE('',*,*,#3888,.T.);
#2401=ORIENTED_EDGE('',*,*,#3889,.F.);
#2402=ORIENTED_EDGE('',*,*,#3817,.F.);
#2403=ORIENTED_EDGE('',*,*,#3883,.F.);
#2404=ORIENTED_EDGE('',*,*,#3713,.F.);
#2405=ORIENTED_EDGE('',*,*,#3892,.F.);
#2406=ORIENTED_EDGE('',*,*,#3893,.T.);
#2407=ORIENTED_EDGE('',*,*,#3894,.T.);
#2408=ORIENTED_EDGE('',*,*,#3712,.T.);
#2409=ORIENTED_EDGE('',*,*,#3895,.F.);
#2410=ORIENTED_EDGE('',*,*,#3896,.F.);
#2411=ORIENTED_EDGE('',*,*,#3892,.T.);
#2412=ORIENTED_EDGE('',*,*,#3711,.T.);
#2413=ORIENTED_EDGE('',*,*,#3897,.F.);
#2414=ORIENTED_EDGE('',*,*,#3898,.F.);
#2415=ORIENTED_EDGE('',*,*,#3699,.F.);
#2416=ORIENTED_EDGE('',*,*,#3899,.T.);
#2417=ORIENTED_EDGE('',*,*,#3900,.F.);
#2418=ORIENTED_EDGE('',*,*,#3901,.F.);
#2419=ORIENTED_EDGE('',*,*,#3895,.T.);
#2420=ORIENTED_EDGE('',*,*,#3710,.F.);
#2421=ORIENTED_EDGE('',*,*,#3894,.F.);
#2422=ORIENTED_EDGE('',*,*,#3902,.T.);
#2423=ORIENTED_EDGE('',*,*,#3900,.T.);
#2424=ORIENTED_EDGE('',*,*,#3903,.T.);
#2425=ORIENTED_EDGE('',*,*,#3701,.T.);
#2426=ORIENTED_EDGE('',*,*,#3904,.F.);
#2427=ORIENTED_EDGE('',*,*,#3897,.T.);
#2428=ORIENTED_EDGE('',*,*,#3901,.T.);
#2429=ORIENTED_EDGE('',*,*,#3902,.F.);
#2430=ORIENTED_EDGE('',*,*,#3893,.F.);
#2431=ORIENTED_EDGE('',*,*,#3896,.T.);
#2432=ORIENTED_EDGE('',*,*,#3740,.F.);
#2433=ORIENTED_EDGE('',*,*,#3905,.F.);
#2434=ORIENTED_EDGE('',*,*,#3906,.T.);
#2435=ORIENTED_EDGE('',*,*,#3907,.T.);
#2436=ORIENTED_EDGE('',*,*,#3908,.T.);
#2437=ORIENTED_EDGE('',*,*,#3704,.T.);
#2438=ORIENTED_EDGE('',*,*,#3909,.F.);
#2439=ORIENTED_EDGE('',*,*,#3910,.T.);
#2440=ORIENTED_EDGE('',*,*,#3743,.F.);
#2441=ORIENTED_EDGE('',*,*,#3911,.F.);
#2442=ORIENTED_EDGE('',*,*,#3912,.T.);
#2443=ORIENTED_EDGE('',*,*,#3905,.T.);
#2444=ORIENTED_EDGE('',*,*,#3742,.T.);
#2445=ORIENTED_EDGE('',*,*,#3913,.F.);
#2446=ORIENTED_EDGE('',*,*,#3914,.F.);
#2447=ORIENTED_EDGE('',*,*,#3706,.F.);
#2448=ORIENTED_EDGE('',*,*,#3915,.T.);
#2449=ORIENTED_EDGE('',*,*,#3916,.F.);
#2450=ORIENTED_EDGE('',*,*,#3917,.F.);
#2451=ORIENTED_EDGE('',*,*,#3911,.T.);
#2452=ORIENTED_EDGE('',*,*,#3917,.T.);
#2453=ORIENTED_EDGE('',*,*,#3918,.T.);
#2454=ORIENTED_EDGE('',*,*,#3906,.F.);
#2455=ORIENTED_EDGE('',*,*,#3912,.F.);
#2456=ORIENTED_EDGE('',*,*,#3715,.F.);
#2457=ORIENTED_EDGE('',*,*,#3880,.F.);
#2458=ORIENTED_EDGE('',*,*,#3919,.T.);
#2459=ORIENTED_EDGE('',*,*,#3871,.T.);
#2460=ORIENTED_EDGE('',*,*,#3879,.F.);
#2461=ORIENTED_EDGE('',*,*,#3688,.F.);
#2462=ORIENTED_EDGE('',*,*,#3872,.F.);
#2463=ORIENTED_EDGE('',*,*,#3919,.F.);
#2464=ORIENTED_EDGE('',*,*,#3741,.T.);
#2465=ORIENTED_EDGE('',*,*,#3910,.F.);
#2466=ORIENTED_EDGE('',*,*,#3920,.F.);
#2467=ORIENTED_EDGE('',*,*,#3913,.T.);
#2468=ORIENTED_EDGE('',*,*,#3909,.T.);
#2469=ORIENTED_EDGE('',*,*,#3707,.T.);
#2470=ORIENTED_EDGE('',*,*,#3914,.T.);
#2471=ORIENTED_EDGE('',*,*,#3920,.T.);
#2472=ORIENTED_EDGE('',*,*,#3703,.T.);
#2473=ORIENTED_EDGE('',*,*,#3700,.T.);
#2474=ORIENTED_EDGE('',*,*,#3898,.T.);
#2475=ORIENTED_EDGE('',*,*,#3904,.T.);
#2476=ORIENTED_EDGE('',*,*,#3692,.F.);
#2477=ORIENTED_EDGE('',*,*,#3885,.F.);
#2478=ORIENTED_EDGE('',*,*,#3891,.F.);
#2479=ORIENTED_EDGE('',*,*,#3695,.F.);
#2480=ORIENTED_EDGE('',*,*,#3921,.T.);
#2481=ORIENTED_EDGE('',*,*,#3907,.F.);
#2482=ORIENTED_EDGE('',*,*,#3918,.F.);
#2483=ORIENTED_EDGE('',*,*,#3916,.T.);
#2484=ORIENTED_EDGE('',*,*,#3908,.F.);
#2485=ORIENTED_EDGE('',*,*,#3921,.F.);
#2486=ORIENTED_EDGE('',*,*,#3915,.F.);
#2487=ORIENTED_EDGE('',*,*,#3705,.F.);
#2488=ORIENTED_EDGE('',*,*,#3702,.F.);
#2489=ORIENTED_EDGE('',*,*,#3903,.F.);
#2490=ORIENTED_EDGE('',*,*,#3899,.F.);
#2491=ORIENTED_EDGE('',*,*,#3698,.F.);
#2492=ORIENTED_EDGE('',*,*,#3690,.T.);
#2493=ORIENTED_EDGE('',*,*,#3694,.T.);
#2494=ORIENTED_EDGE('',*,*,#3890,.T.);
#2495=ORIENTED_EDGE('',*,*,#3886,.T.);
#2496=ORIENTED_EDGE('',*,*,#3922,.F.);
#2497=ORIENTED_EDGE('',*,*,#3877,.F.);
#2498=ORIENTED_EDGE('',*,*,#3881,.T.);
#2499=ORIENTED_EDGE('',*,*,#3874,.T.);
#2500=ORIENTED_EDGE('',*,*,#3878,.T.);
#2501=ORIENTED_EDGE('',*,*,#3922,.T.);
#2502=ORIENTED_EDGE('',*,*,#3873,.T.);
#2503=ORIENTED_EDGE('',*,*,#3686,.T.);
#2504=ORIENTED_EDGE('',*,*,#3790,.T.);
#2505=ORIENTED_EDGE('',*,*,#3709,.T.);
#2506=ORIENTED_EDGE('',*,*,#3789,.T.);
#2507=ORIENTED_EDGE('',*,*,#3708,.T.);
#2508=ORIENTED_EDGE('',*,*,#3923,.F.);
#2509=ORIENTED_EDGE('',*,*,#3924,.F.);
#2510=ORIENTED_EDGE('',*,*,#3925,.F.);
#2511=ORIENTED_EDGE('',*,*,#3926,.F.);
#2512=ORIENTED_EDGE('',*,*,#3927,.T.);
#2513=ORIENTED_EDGE('',*,*,#3928,.T.);
#2514=ORIENTED_EDGE('',*,*,#3929,.F.);
#2515=ORIENTED_EDGE('',*,*,#3930,.F.);
#2516=ORIENTED_EDGE('',*,*,#3931,.F.);
#2517=ORIENTED_EDGE('',*,*,#3932,.F.);
#2518=ORIENTED_EDGE('',*,*,#3933,.T.);
#2519=ORIENTED_EDGE('',*,*,#3934,.F.);
#2520=ORIENTED_EDGE('',*,*,#3935,.T.);
#2521=ORIENTED_EDGE('',*,*,#3936,.F.);
#2522=ORIENTED_EDGE('',*,*,#3937,.F.);
#2523=ORIENTED_EDGE('',*,*,#3938,.F.);
#2524=ORIENTED_EDGE('',*,*,#3939,.F.);
#2525=ORIENTED_EDGE('',*,*,#3940,.F.);
#2526=ORIENTED_EDGE('',*,*,#3941,.F.);
#2527=ORIENTED_EDGE('',*,*,#3942,.F.);
#2528=ORIENTED_EDGE('',*,*,#3932,.T.);
#2529=ORIENTED_EDGE('',*,*,#3943,.T.);
#2530=ORIENTED_EDGE('',*,*,#3944,.T.);
#2531=ORIENTED_EDGE('',*,*,#3939,.T.);
#2532=ORIENTED_EDGE('',*,*,#3945,.T.);
#2533=ORIENTED_EDGE('',*,*,#3946,.T.);
#2534=ORIENTED_EDGE('',*,*,#3947,.T.);
#2535=ORIENTED_EDGE('',*,*,#3948,.F.);
#2536=ORIENTED_EDGE('',*,*,#3949,.F.);
#2537=ORIENTED_EDGE('',*,*,#3950,.F.);
#2538=ORIENTED_EDGE('',*,*,#3951,.F.);
#2539=ORIENTED_EDGE('',*,*,#3952,.T.);
#2540=ORIENTED_EDGE('',*,*,#3953,.T.);
#2541=ORIENTED_EDGE('',*,*,#3954,.F.);
#2542=ORIENTED_EDGE('',*,*,#3955,.F.);
#2543=ORIENTED_EDGE('',*,*,#3956,.F.);
#2544=ORIENTED_EDGE('',*,*,#3957,.T.);
#2545=ORIENTED_EDGE('',*,*,#3958,.T.);
#2546=ORIENTED_EDGE('',*,*,#3959,.T.);
#2547=ORIENTED_EDGE('',*,*,#3960,.F.);
#2548=ORIENTED_EDGE('',*,*,#3961,.F.);
#2549=ORIENTED_EDGE('',*,*,#3962,.T.);
#2550=ORIENTED_EDGE('',*,*,#3946,.F.);
#2551=ORIENTED_EDGE('',*,*,#3963,.T.);
#2552=ORIENTED_EDGE('',*,*,#3964,.F.);
#2553=ORIENTED_EDGE('',*,*,#3965,.F.);
#2554=ORIENTED_EDGE('',*,*,#3966,.F.);
#2555=ORIENTED_EDGE('',*,*,#3967,.T.);
#2556=ORIENTED_EDGE('',*,*,#3968,.T.);
#2557=ORIENTED_EDGE('',*,*,#3969,.F.);
#2558=ORIENTED_EDGE('',*,*,#3970,.F.);
#2559=ORIENTED_EDGE('',*,*,#3971,.T.);
#2560=ORIENTED_EDGE('',*,*,#3972,.F.);
#2561=ORIENTED_EDGE('',*,*,#3973,.F.);
#2562=ORIENTED_EDGE('',*,*,#3974,.T.);
#2563=ORIENTED_EDGE('',*,*,#3975,.F.);
#2564=ORIENTED_EDGE('',*,*,#3976,.T.);
#2565=ORIENTED_EDGE('',*,*,#3977,.T.);
#2566=ORIENTED_EDGE('',*,*,#3978,.F.);
#2567=ORIENTED_EDGE('',*,*,#3979,.F.);
#2568=ORIENTED_EDGE('',*,*,#3980,.T.);
#2569=ORIENTED_EDGE('',*,*,#3981,.T.);
#2570=ORIENTED_EDGE('',*,*,#3982,.F.);
#2571=ORIENTED_EDGE('',*,*,#3983,.T.);
#2572=ORIENTED_EDGE('',*,*,#3984,.T.);
#2573=ORIENTED_EDGE('',*,*,#3985,.T.);
#2574=ORIENTED_EDGE('',*,*,#3986,.T.);
#2575=ORIENTED_EDGE('',*,*,#3987,.T.);
#2576=ORIENTED_EDGE('',*,*,#3988,.F.);
#2577=ORIENTED_EDGE('',*,*,#3989,.T.);
#2578=ORIENTED_EDGE('',*,*,#3990,.T.);
#2579=ORIENTED_EDGE('',*,*,#3991,.T.);
#2580=ORIENTED_EDGE('',*,*,#3992,.T.);
#2581=ORIENTED_EDGE('',*,*,#3993,.T.);
#2582=ORIENTED_EDGE('',*,*,#3994,.T.);
#2583=ORIENTED_EDGE('',*,*,#3995,.T.);
#2584=ORIENTED_EDGE('',*,*,#3996,.T.);
#2585=ORIENTED_EDGE('',*,*,#3997,.T.);
#2586=ORIENTED_EDGE('',*,*,#3998,.T.);
#2587=ORIENTED_EDGE('',*,*,#3999,.T.);
#2588=ORIENTED_EDGE('',*,*,#4000,.T.);
#2589=ORIENTED_EDGE('',*,*,#4001,.F.);
#2590=ORIENTED_EDGE('',*,*,#4002,.T.);
#2591=ORIENTED_EDGE('',*,*,#3936,.T.);
#2592=ORIENTED_EDGE('',*,*,#4003,.F.);
#2593=ORIENTED_EDGE('',*,*,#4004,.F.);
#2594=ORIENTED_EDGE('',*,*,#3983,.F.);
#2595=ORIENTED_EDGE('',*,*,#4005,.F.);
#2596=ORIENTED_EDGE('',*,*,#4006,.T.);
#2597=ORIENTED_EDGE('',*,*,#4007,.T.);
#2598=ORIENTED_EDGE('',*,*,#3987,.F.);
#2599=ORIENTED_EDGE('',*,*,#4008,.F.);
#2600=ORIENTED_EDGE('',*,*,#3937,.T.);
#2601=ORIENTED_EDGE('',*,*,#4002,.F.);
#2602=ORIENTED_EDGE('',*,*,#4009,.T.);
#2603=ORIENTED_EDGE('',*,*,#4010,.T.);
#2604=ORIENTED_EDGE('',*,*,#3935,.F.);
#2605=ORIENTED_EDGE('',*,*,#4011,.T.);
#2606=ORIENTED_EDGE('',*,*,#4012,.F.);
#2607=ORIENTED_EDGE('',*,*,#4013,.F.);
#2608=ORIENTED_EDGE('',*,*,#4003,.T.);
#2609=ORIENTED_EDGE('',*,*,#4014,.F.);
#2610=ORIENTED_EDGE('',*,*,#4015,.T.);
#2611=ORIENTED_EDGE('',*,*,#4016,.T.);
#2612=ORIENTED_EDGE('',*,*,#4017,.F.);
#2613=ORIENTED_EDGE('',*,*,#4018,.F.);
#2614=ORIENTED_EDGE('',*,*,#4019,.T.);
#2615=ORIENTED_EDGE('',*,*,#4012,.T.);
#2616=ORIENTED_EDGE('',*,*,#4020,.T.);
#2617=ORIENTED_EDGE('',*,*,#3970,.T.);
#2618=ORIENTED_EDGE('',*,*,#4021,.F.);
#2619=ORIENTED_EDGE('',*,*,#4022,.F.);
#2620=ORIENTED_EDGE('',*,*,#4023,.F.);
#2621=ORIENTED_EDGE('',*,*,#4024,.F.);
#2622=ORIENTED_EDGE('',*,*,#4025,.T.);
#2623=ORIENTED_EDGE('',*,*,#4026,.T.);
#2624=ORIENTED_EDGE('',*,*,#4027,.T.);
#2625=ORIENTED_EDGE('',*,*,#4028,.T.);
#2626=ORIENTED_EDGE('',*,*,#4029,.T.);
#2627=ORIENTED_EDGE('',*,*,#4030,.F.);
#2628=ORIENTED_EDGE('',*,*,#4031,.F.);
#2629=ORIENTED_EDGE('',*,*,#4032,.T.);
#2630=ORIENTED_EDGE('',*,*,#4033,.T.);
#2631=ORIENTED_EDGE('',*,*,#4034,.T.);
#2632=ORIENTED_EDGE('',*,*,#4035,.T.);
#2633=ORIENTED_EDGE('',*,*,#4036,.F.);
#2634=ORIENTED_EDGE('',*,*,#4037,.F.);
#2635=ORIENTED_EDGE('',*,*,#4014,.T.);
#2636=ORIENTED_EDGE('',*,*,#4038,.T.);
#2637=ORIENTED_EDGE('',*,*,#4015,.F.);
#2638=ORIENTED_EDGE('',*,*,#4039,.F.);
#2639=ORIENTED_EDGE('',*,*,#4016,.F.);
#2640=ORIENTED_EDGE('',*,*,#4040,.F.);
#2641=ORIENTED_EDGE('',*,*,#4017,.T.);
#2642=ORIENTED_EDGE('',*,*,#4041,.T.);
#2643=ORIENTED_EDGE('',*,*,#4042,.T.);
#2644=ORIENTED_EDGE('',*,*,#4043,.T.);
#2645=ORIENTED_EDGE('',*,*,#4044,.T.);
#2646=ORIENTED_EDGE('',*,*,#4045,.T.);
#2647=ORIENTED_EDGE('',*,*,#4046,.F.);
#2648=ORIENTED_EDGE('',*,*,#4047,.F.);
#2649=ORIENTED_EDGE('',*,*,#4048,.T.);
#2650=ORIENTED_EDGE('',*,*,#4049,.F.);
#2651=ORIENTED_EDGE('',*,*,#4044,.F.);
#2652=ORIENTED_EDGE('',*,*,#4050,.T.);
#2653=ORIENTED_EDGE('',*,*,#4051,.T.);
#2654=ORIENTED_EDGE('',*,*,#4052,.T.);
#2655=ORIENTED_EDGE('',*,*,#4053,.T.);
#2656=ORIENTED_EDGE('',*,*,#4054,.T.);
#2657=ORIENTED_EDGE('',*,*,#4055,.F.);
#2658=ORIENTED_EDGE('',*,*,#4056,.F.);
#2659=ORIENTED_EDGE('',*,*,#4057,.F.);
#2660=ORIENTED_EDGE('',*,*,#4058,.F.);
#2661=ORIENTED_EDGE('',*,*,#4059,.T.);
#2662=ORIENTED_EDGE('',*,*,#4060,.F.);
#2663=ORIENTED_EDGE('',*,*,#4061,.F.);
#2664=ORIENTED_EDGE('',*,*,#4048,.F.);
#2665=ORIENTED_EDGE('',*,*,#4062,.T.);
#2666=ORIENTED_EDGE('',*,*,#4063,.T.);
#2667=ORIENTED_EDGE('',*,*,#4064,.T.);
#2668=ORIENTED_EDGE('',*,*,#4065,.T.);
#2669=ORIENTED_EDGE('',*,*,#4066,.T.);
#2670=ORIENTED_EDGE('',*,*,#4067,.T.);
#2671=ORIENTED_EDGE('',*,*,#3968,.F.);
#2672=ORIENTED_EDGE('',*,*,#4068,.F.);
#2673=ORIENTED_EDGE('',*,*,#4069,.F.);
#2674=ORIENTED_EDGE('',*,*,#4070,.F.);
#2675=ORIENTED_EDGE('',*,*,#4071,.F.);
#2676=ORIENTED_EDGE('',*,*,#4072,.F.);
#2677=ORIENTED_EDGE('',*,*,#4073,.F.);
#2678=ORIENTED_EDGE('',*,*,#4074,.F.);
#2679=ORIENTED_EDGE('',*,*,#4075,.F.);
#2680=ORIENTED_EDGE('',*,*,#4076,.F.);
#2681=ORIENTED_EDGE('',*,*,#4042,.F.);
#2682=ORIENTED_EDGE('',*,*,#4077,.T.);
#2683=ORIENTED_EDGE('',*,*,#4078,.T.);
#2684=ORIENTED_EDGE('',*,*,#4079,.T.);
#2685=ORIENTED_EDGE('',*,*,#4080,.T.);
#2686=ORIENTED_EDGE('',*,*,#3966,.T.);
#2687=ORIENTED_EDGE('',*,*,#4081,.F.);
#2688=ORIENTED_EDGE('',*,*,#4010,.F.);
#2689=ORIENTED_EDGE('',*,*,#4030,.T.);
#2690=ORIENTED_EDGE('',*,*,#4032,.F.);
#2691=ORIENTED_EDGE('',*,*,#4034,.F.);
#2692=ORIENTED_EDGE('',*,*,#4036,.T.);
#2693=ORIENTED_EDGE('',*,*,#3964,.T.);
#2694=ORIENTED_EDGE('',*,*,#4082,.T.);
#2695=ORIENTED_EDGE('',*,*,#4083,.F.);
#2696=ORIENTED_EDGE('',*,*,#4084,.T.);
#2697=ORIENTED_EDGE('',*,*,#4085,.T.);
#2698=ORIENTED_EDGE('',*,*,#3972,.T.);
#2699=ORIENTED_EDGE('',*,*,#4086,.F.);
#2700=ORIENTED_EDGE('',*,*,#4087,.T.);
#2701=ORIENTED_EDGE('',*,*,#4088,.T.);
#2702=ORIENTED_EDGE('',*,*,#4089,.F.);
#2703=ORIENTED_EDGE('',*,*,#4090,.T.);
#2704=ORIENTED_EDGE('',*,*,#4091,.F.);
#2705=ORIENTED_EDGE('',*,*,#4092,.T.);
#2706=ORIENTED_EDGE('',*,*,#4093,.F.);
#2707=ORIENTED_EDGE('',*,*,#4094,.F.);
#2708=ORIENTED_EDGE('',*,*,#4046,.T.);
#2709=ORIENTED_EDGE('',*,*,#4095,.F.);
#2710=ORIENTED_EDGE('',*,*,#4096,.F.);
#2711=ORIENTED_EDGE('',*,*,#4097,.F.);
#2712=ORIENTED_EDGE('',*,*,#4098,.T.);
#2713=ORIENTED_EDGE('',*,*,#4099,.T.);
#2714=ORIENTED_EDGE('',*,*,#4100,.F.);
#2715=ORIENTED_EDGE('',*,*,#4101,.F.);
#2716=ORIENTED_EDGE('',*,*,#4102,.F.);
#2717=ORIENTED_EDGE('',*,*,#4103,.F.);
#2718=ORIENTED_EDGE('',*,*,#4104,.T.);
#2719=ORIENTED_EDGE('',*,*,#4105,.F.);
#2720=ORIENTED_EDGE('',*,*,#4106,.F.);
#2721=ORIENTED_EDGE('',*,*,#4107,.F.);
#2722=ORIENTED_EDGE('',*,*,#4108,.F.);
#2723=ORIENTED_EDGE('',*,*,#4109,.T.);
#2724=ORIENTED_EDGE('',*,*,#4110,.T.);
#2725=ORIENTED_EDGE('',*,*,#4111,.F.);
#2726=ORIENTED_EDGE('',*,*,#4112,.T.);
#2727=ORIENTED_EDGE('',*,*,#4113,.F.);
#2728=ORIENTED_EDGE('',*,*,#4114,.T.);
#2729=ORIENTED_EDGE('',*,*,#4115,.T.);
#2730=ORIENTED_EDGE('',*,*,#4116,.T.);
#2731=ORIENTED_EDGE('',*,*,#4117,.T.);
#2732=ORIENTED_EDGE('',*,*,#4118,.T.);
#2733=ORIENTED_EDGE('',*,*,#4119,.F.);
#2734=ORIENTED_EDGE('',*,*,#4120,.F.);
#2735=ORIENTED_EDGE('',*,*,#3985,.F.);
#2736=ORIENTED_EDGE('',*,*,#4121,.T.);
#2737=ORIENTED_EDGE('',*,*,#4086,.T.);
#2738=ORIENTED_EDGE('',*,*,#4122,.F.);
#2739=ORIENTED_EDGE('',*,*,#4018,.T.);
#2740=ORIENTED_EDGE('',*,*,#4123,.T.);
#2741=ORIENTED_EDGE('',*,*,#4054,.F.);
#2742=ORIENTED_EDGE('',*,*,#4124,.F.);
#2743=ORIENTED_EDGE('',*,*,#4072,.T.);
#2744=ORIENTED_EDGE('',*,*,#4125,.T.);
#2745=ORIENTED_EDGE('',*,*,#4091,.T.);
#2746=ORIENTED_EDGE('',*,*,#4126,.F.);
#2747=ORIENTED_EDGE('',*,*,#4127,.T.);
#2748=ORIENTED_EDGE('',*,*,#4128,.F.);
#2749=ORIENTED_EDGE('',*,*,#4129,.F.);
#2750=ORIENTED_EDGE('',*,*,#4092,.F.);
#2751=ORIENTED_EDGE('',*,*,#4045,.F.);
#2752=ORIENTED_EDGE('',*,*,#4060,.T.);
#2753=ORIENTED_EDGE('',*,*,#4130,.T.);
#2754=ORIENTED_EDGE('',*,*,#4131,.T.);
#2755=ORIENTED_EDGE('',*,*,#4132,.T.);
#2756=ORIENTED_EDGE('',*,*,#4133,.T.);
#2757=ORIENTED_EDGE('',*,*,#4094,.T.);
#2758=ORIENTED_EDGE('',*,*,#4134,.F.);
#2759=ORIENTED_EDGE('',*,*,#4062,.F.);
#2760=ORIENTED_EDGE('',*,*,#4047,.T.);
#2761=ORIENTED_EDGE('',*,*,#4025,.F.);
#2762=ORIENTED_EDGE('',*,*,#4135,.T.);
#2763=ORIENTED_EDGE('',*,*,#4063,.F.);
#2764=ORIENTED_EDGE('',*,*,#4134,.T.);
#2765=ORIENTED_EDGE('',*,*,#4093,.T.);
#2766=ORIENTED_EDGE('',*,*,#4130,.F.);
#2767=ORIENTED_EDGE('',*,*,#4059,.F.);
#2768=ORIENTED_EDGE('',*,*,#4136,.F.);
#2769=ORIENTED_EDGE('',*,*,#4067,.F.);
#2770=ORIENTED_EDGE('',*,*,#4137,.F.);
#2771=ORIENTED_EDGE('',*,*,#4021,.T.);
#2772=ORIENTED_EDGE('',*,*,#3969,.T.);
#2773=ORIENTED_EDGE('',*,*,#4066,.F.);
#2774=ORIENTED_EDGE('',*,*,#4138,.F.);
#2775=ORIENTED_EDGE('',*,*,#4022,.T.);
#2776=ORIENTED_EDGE('',*,*,#4137,.T.);
#2777=ORIENTED_EDGE('',*,*,#4065,.F.);
#2778=ORIENTED_EDGE('',*,*,#4139,.F.);
#2779=ORIENTED_EDGE('',*,*,#4023,.T.);
#2780=ORIENTED_EDGE('',*,*,#4138,.T.);
#2781=ORIENTED_EDGE('',*,*,#4064,.F.);
#2782=ORIENTED_EDGE('',*,*,#4135,.F.);
#2783=ORIENTED_EDGE('',*,*,#4024,.T.);
#2784=ORIENTED_EDGE('',*,*,#4139,.T.);
#2785=ORIENTED_EDGE('',*,*,#4058,.T.);
#2786=ORIENTED_EDGE('',*,*,#4140,.F.);
#2787=ORIENTED_EDGE('',*,*,#4026,.F.);
#2788=ORIENTED_EDGE('',*,*,#4136,.T.);
#2789=ORIENTED_EDGE('',*,*,#4057,.T.);
#2790=ORIENTED_EDGE('',*,*,#4141,.F.);
#2791=ORIENTED_EDGE('',*,*,#4027,.F.);
#2792=ORIENTED_EDGE('',*,*,#4140,.T.);
#2793=ORIENTED_EDGE('',*,*,#4056,.T.);
#2794=ORIENTED_EDGE('',*,*,#4142,.F.);
#2795=ORIENTED_EDGE('',*,*,#4028,.F.);
#2796=ORIENTED_EDGE('',*,*,#4141,.T.);
#2797=ORIENTED_EDGE('',*,*,#4055,.T.);
#2798=ORIENTED_EDGE('',*,*,#4123,.F.);
#2799=ORIENTED_EDGE('',*,*,#4029,.F.);
#2800=ORIENTED_EDGE('',*,*,#4142,.T.);
#2801=ORIENTED_EDGE('',*,*,#4050,.F.);
#2802=ORIENTED_EDGE('',*,*,#4043,.F.);
#2803=ORIENTED_EDGE('',*,*,#4076,.T.);
#2804=ORIENTED_EDGE('',*,*,#4143,.T.);
#2805=ORIENTED_EDGE('',*,*,#4061,.T.);
#2806=ORIENTED_EDGE('',*,*,#4144,.F.);
#2807=ORIENTED_EDGE('',*,*,#4077,.F.);
#2808=ORIENTED_EDGE('',*,*,#4049,.T.);
#2809=ORIENTED_EDGE('',*,*,#4070,.T.);
#2810=ORIENTED_EDGE('',*,*,#4145,.F.);
#2811=ORIENTED_EDGE('',*,*,#4078,.F.);
#2812=ORIENTED_EDGE('',*,*,#4144,.T.);
#2813=ORIENTED_EDGE('',*,*,#4069,.T.);
#2814=ORIENTED_EDGE('',*,*,#4146,.F.);
#2815=ORIENTED_EDGE('',*,*,#4079,.F.);
#2816=ORIENTED_EDGE('',*,*,#4145,.T.);
#2817=ORIENTED_EDGE('',*,*,#4068,.T.);
#2818=ORIENTED_EDGE('',*,*,#3967,.F.);
#2819=ORIENTED_EDGE('',*,*,#4080,.F.);
#2820=ORIENTED_EDGE('',*,*,#4146,.T.);
#2821=ORIENTED_EDGE('',*,*,#4053,.F.);
#2822=ORIENTED_EDGE('',*,*,#4147,.F.);
#2823=ORIENTED_EDGE('',*,*,#4073,.T.);
#2824=ORIENTED_EDGE('',*,*,#4124,.T.);
#2825=ORIENTED_EDGE('',*,*,#4052,.F.);
#2826=ORIENTED_EDGE('',*,*,#4148,.F.);
#2827=ORIENTED_EDGE('',*,*,#4074,.T.);
#2828=ORIENTED_EDGE('',*,*,#4147,.T.);
#2829=ORIENTED_EDGE('',*,*,#4051,.F.);
#2830=ORIENTED_EDGE('',*,*,#4143,.F.);
#2831=ORIENTED_EDGE('',*,*,#4075,.T.);
#2832=ORIENTED_EDGE('',*,*,#4148,.T.);
#2833=ORIENTED_EDGE('',*,*,#4041,.F.);
#2834=ORIENTED_EDGE('',*,*,#4040,.T.);
#2835=ORIENTED_EDGE('',*,*,#4039,.T.);
#2836=ORIENTED_EDGE('',*,*,#4038,.F.);
#2837=ORIENTED_EDGE('',*,*,#4037,.T.);
#2838=ORIENTED_EDGE('',*,*,#4035,.F.);
#2839=ORIENTED_EDGE('',*,*,#4033,.F.);
#2840=ORIENTED_EDGE('',*,*,#4031,.T.);
#2841=ORIENTED_EDGE('',*,*,#4149,.F.);
#2842=ORIENTED_EDGE('',*,*,#3995,.F.);
#2843=ORIENTED_EDGE('',*,*,#3986,.F.);
#2844=ORIENTED_EDGE('',*,*,#4127,.F.);
#2845=ORIENTED_EDGE('',*,*,#4150,.T.);
#2846=ORIENTED_EDGE('',*,*,#4000,.F.);
#2847=ORIENTED_EDGE('',*,*,#4151,.F.);
#2848=ORIENTED_EDGE('',*,*,#3974,.F.);
#2849=ORIENTED_EDGE('',*,*,#4152,.T.);
#2850=ORIENTED_EDGE('',*,*,#3933,.F.);
#2851=ORIENTED_EDGE('',*,*,#3947,.F.);
#2852=ORIENTED_EDGE('',*,*,#4153,.T.);
#2853=ORIENTED_EDGE('',*,*,#4154,.T.);
#2854=ORIENTED_EDGE('',*,*,#4153,.F.);
#2855=ORIENTED_EDGE('',*,*,#4155,.T.);
#2856=ORIENTED_EDGE('',*,*,#4156,.T.);
#2857=ORIENTED_EDGE('',*,*,#4157,.F.);
#2858=ORIENTED_EDGE('',*,*,#4158,.F.);
#2859=ORIENTED_EDGE('',*,*,#3989,.F.);
#2860=ORIENTED_EDGE('',*,*,#4159,.F.);
#2861=ORIENTED_EDGE('',*,*,#4158,.T.);
#2862=ORIENTED_EDGE('',*,*,#4160,.T.);
#2863=ORIENTED_EDGE('',*,*,#4161,.T.);
#2864=ORIENTED_EDGE('',*,*,#4005,.T.);
#2865=ORIENTED_EDGE('',*,*,#3990,.F.);
#2866=ORIENTED_EDGE('',*,*,#4160,.F.);
#2867=ORIENTED_EDGE('',*,*,#4157,.T.);
#2868=ORIENTED_EDGE('',*,*,#4006,.F.);
#2869=ORIENTED_EDGE('',*,*,#4161,.F.);
#2870=ORIENTED_EDGE('',*,*,#4156,.F.);
#2871=ORIENTED_EDGE('',*,*,#4162,.T.);
#2872=ORIENTED_EDGE('',*,*,#4007,.F.);
#2873=ORIENTED_EDGE('',*,*,#4162,.F.);
#2874=ORIENTED_EDGE('',*,*,#4155,.F.);
#2875=ORIENTED_EDGE('',*,*,#4159,.T.);
#2876=ORIENTED_EDGE('',*,*,#3988,.T.);
#2877=ORIENTED_EDGE('',*,*,#4154,.F.);
#2878=ORIENTED_EDGE('',*,*,#4163,.T.);
#2879=ORIENTED_EDGE('',*,*,#4164,.T.);
#2880=ORIENTED_EDGE('',*,*,#4163,.F.);
#2881=ORIENTED_EDGE('',*,*,#4165,.T.);
#2882=ORIENTED_EDGE('',*,*,#4166,.T.);
#2883=ORIENTED_EDGE('',*,*,#4167,.F.);
#2884=ORIENTED_EDGE('',*,*,#4168,.F.);
#2885=ORIENTED_EDGE('',*,*,#4169,.T.);
#2886=ORIENTED_EDGE('',*,*,#3929,.T.);
#2887=ORIENTED_EDGE('',*,*,#4170,.F.);
#2888=ORIENTED_EDGE('',*,*,#4168,.T.);
#2889=ORIENTED_EDGE('',*,*,#4171,.T.);
#2890=ORIENTED_EDGE('',*,*,#3930,.T.);
#2891=ORIENTED_EDGE('',*,*,#4169,.F.);
#2892=ORIENTED_EDGE('',*,*,#4167,.T.);
#2893=ORIENTED_EDGE('',*,*,#3927,.F.);
#2894=ORIENTED_EDGE('',*,*,#4171,.F.);
#2895=ORIENTED_EDGE('',*,*,#4166,.F.);
#2896=ORIENTED_EDGE('',*,*,#4172,.T.);
#2897=ORIENTED_EDGE('',*,*,#3928,.F.);
#2898=ORIENTED_EDGE('',*,*,#4172,.F.);
#2899=ORIENTED_EDGE('',*,*,#4165,.F.);
#2900=ORIENTED_EDGE('',*,*,#4170,.T.);
#2901=ORIENTED_EDGE('',*,*,#4164,.F.);
#2902=ORIENTED_EDGE('',*,*,#3934,.T.);
#2903=ORIENTED_EDGE('',*,*,#4152,.F.);
#2904=ORIENTED_EDGE('',*,*,#3973,.T.);
#2905=ORIENTED_EDGE('',*,*,#4085,.F.);
#2906=ORIENTED_EDGE('',*,*,#4173,.F.);
#2907=ORIENTED_EDGE('',*,*,#4011,.F.);
#2908=ORIENTED_EDGE('',*,*,#4173,.T.);
#2909=ORIENTED_EDGE('',*,*,#4084,.F.);
#2910=ORIENTED_EDGE('',*,*,#3971,.F.);
#2911=ORIENTED_EDGE('',*,*,#4020,.F.);
#2912=ORIENTED_EDGE('',*,*,#4081,.T.);
#2913=ORIENTED_EDGE('',*,*,#3965,.T.);
#2914=ORIENTED_EDGE('',*,*,#4083,.T.);
#2915=ORIENTED_EDGE('',*,*,#4174,.F.);
#2916=ORIENTED_EDGE('',*,*,#3938,.T.);
#2917=ORIENTED_EDGE('',*,*,#4008,.T.);
#2918=ORIENTED_EDGE('',*,*,#4174,.T.);
#2919=ORIENTED_EDGE('',*,*,#4082,.F.);
#2920=ORIENTED_EDGE('',*,*,#3963,.F.);
#2921=ORIENTED_EDGE('',*,*,#3945,.F.);
#2922=ORIENTED_EDGE('',*,*,#4001,.T.);
#2923=ORIENTED_EDGE('',*,*,#4150,.F.);
#2924=ORIENTED_EDGE('',*,*,#4126,.T.);
#2925=ORIENTED_EDGE('',*,*,#4090,.F.);
#2926=ORIENTED_EDGE('',*,*,#4175,.F.);
#2927=ORIENTED_EDGE('',*,*,#4009,.F.);
#2928=ORIENTED_EDGE('',*,*,#4071,.T.);
#2929=ORIENTED_EDGE('',*,*,#4175,.T.);
#2930=ORIENTED_EDGE('',*,*,#4089,.T.);
#2931=ORIENTED_EDGE('',*,*,#4125,.F.);
#2932=ORIENTED_EDGE('',*,*,#4004,.T.);
#2933=ORIENTED_EDGE('',*,*,#4013,.T.);
#2934=ORIENTED_EDGE('',*,*,#4176,.T.);
#2935=ORIENTED_EDGE('',*,*,#4087,.F.);
#2936=ORIENTED_EDGE('',*,*,#4121,.F.);
#2937=ORIENTED_EDGE('',*,*,#3984,.F.);
#2938=ORIENTED_EDGE('',*,*,#4122,.T.);
#2939=ORIENTED_EDGE('',*,*,#4088,.F.);
#2940=ORIENTED_EDGE('',*,*,#4176,.F.);
#2941=ORIENTED_EDGE('',*,*,#4019,.F.);
#2942=ORIENTED_EDGE('',*,*,#4116,.F.);
#2943=ORIENTED_EDGE('',*,*,#4177,.F.);
#2944=ORIENTED_EDGE('',*,*,#4178,.T.);
#2945=ORIENTED_EDGE('',*,*,#4179,.T.);
#2946=ORIENTED_EDGE('',*,*,#4115,.F.);
#2947=ORIENTED_EDGE('',*,*,#4180,.F.);
#2948=ORIENTED_EDGE('',*,*,#4181,.T.);
#2949=ORIENTED_EDGE('',*,*,#4177,.T.);
#2950=ORIENTED_EDGE('',*,*,#4120,.T.);
#2951=ORIENTED_EDGE('',*,*,#4182,.F.);
#2952=ORIENTED_EDGE('',*,*,#4183,.F.);
#2953=ORIENTED_EDGE('',*,*,#4180,.T.);
#2954=ORIENTED_EDGE('',*,*,#4119,.T.);
#2955=ORIENTED_EDGE('',*,*,#4184,.F.);
#2956=ORIENTED_EDGE('',*,*,#4185,.F.);
#2957=ORIENTED_EDGE('',*,*,#4182,.T.);
#2958=ORIENTED_EDGE('',*,*,#4118,.F.);
#2959=ORIENTED_EDGE('',*,*,#4186,.F.);
#2960=ORIENTED_EDGE('',*,*,#4187,.T.);
#2961=ORIENTED_EDGE('',*,*,#4184,.T.);
#2962=ORIENTED_EDGE('',*,*,#4117,.F.);
#2963=ORIENTED_EDGE('',*,*,#4179,.F.);
#2964=ORIENTED_EDGE('',*,*,#4188,.T.);
#2965=ORIENTED_EDGE('',*,*,#4186,.T.);
#2966=ORIENTED_EDGE('',*,*,#4178,.F.);
#2967=ORIENTED_EDGE('',*,*,#4181,.F.);
#2968=ORIENTED_EDGE('',*,*,#4183,.T.);
#2969=ORIENTED_EDGE('',*,*,#4185,.T.);
#2970=ORIENTED_EDGE('',*,*,#4187,.F.);
#2971=ORIENTED_EDGE('',*,*,#4188,.F.);
#2972=ORIENTED_EDGE('',*,*,#4110,.F.);
#2973=ORIENTED_EDGE('',*,*,#4189,.F.);
#2974=ORIENTED_EDGE('',*,*,#4190,.T.);
#2975=ORIENTED_EDGE('',*,*,#4191,.T.);
#2976=ORIENTED_EDGE('',*,*,#4109,.F.);
#2977=ORIENTED_EDGE('',*,*,#4192,.F.);
#2978=ORIENTED_EDGE('',*,*,#4193,.T.);
#2979=ORIENTED_EDGE('',*,*,#4189,.T.);
#2980=ORIENTED_EDGE('',*,*,#4114,.F.);
#2981=ORIENTED_EDGE('',*,*,#4194,.F.);
#2982=ORIENTED_EDGE('',*,*,#4195,.T.);
#2983=ORIENTED_EDGE('',*,*,#4192,.T.);
#2984=ORIENTED_EDGE('',*,*,#4113,.T.);
#2985=ORIENTED_EDGE('',*,*,#4196,.F.);
#2986=ORIENTED_EDGE('',*,*,#4197,.F.);
#2987=ORIENTED_EDGE('',*,*,#4194,.T.);
#2988=ORIENTED_EDGE('',*,*,#4112,.F.);
#2989=ORIENTED_EDGE('',*,*,#4198,.F.);
#2990=ORIENTED_EDGE('',*,*,#4199,.T.);
#2991=ORIENTED_EDGE('',*,*,#4196,.T.);
#2992=ORIENTED_EDGE('',*,*,#4111,.T.);
#2993=ORIENTED_EDGE('',*,*,#4191,.F.);
#2994=ORIENTED_EDGE('',*,*,#4200,.F.);
#2995=ORIENTED_EDGE('',*,*,#4198,.T.);
#2996=ORIENTED_EDGE('',*,*,#4190,.F.);
#2997=ORIENTED_EDGE('',*,*,#4193,.F.);
#2998=ORIENTED_EDGE('',*,*,#4195,.F.);
#2999=ORIENTED_EDGE('',*,*,#4197,.T.);
#3000=ORIENTED_EDGE('',*,*,#4199,.F.);
#3001=ORIENTED_EDGE('',*,*,#4200,.T.);
#3002=ORIENTED_EDGE('',*,*,#4104,.F.);
#3003=ORIENTED_EDGE('',*,*,#4201,.F.);
#3004=ORIENTED_EDGE('',*,*,#4202,.T.);
#3005=ORIENTED_EDGE('',*,*,#4203,.T.);
#3006=ORIENTED_EDGE('',*,*,#4103,.T.);
#3007=ORIENTED_EDGE('',*,*,#4204,.F.);
#3008=ORIENTED_EDGE('',*,*,#4205,.F.);
#3009=ORIENTED_EDGE('',*,*,#4201,.T.);
#3010=ORIENTED_EDGE('',*,*,#4108,.T.);
#3011=ORIENTED_EDGE('',*,*,#4206,.F.);
#3012=ORIENTED_EDGE('',*,*,#4207,.F.);
#3013=ORIENTED_EDGE('',*,*,#4204,.T.);
#3014=ORIENTED_EDGE('',*,*,#4107,.T.);
#3015=ORIENTED_EDGE('',*,*,#4208,.F.);
#3016=ORIENTED_EDGE('',*,*,#4209,.F.);
#3017=ORIENTED_EDGE('',*,*,#4206,.T.);
#3018=ORIENTED_EDGE('',*,*,#4106,.T.);
#3019=ORIENTED_EDGE('',*,*,#4210,.F.);
#3020=ORIENTED_EDGE('',*,*,#4211,.F.);
#3021=ORIENTED_EDGE('',*,*,#4208,.T.);
#3022=ORIENTED_EDGE('',*,*,#4105,.T.);
#3023=ORIENTED_EDGE('',*,*,#4203,.F.);
#3024=ORIENTED_EDGE('',*,*,#4212,.F.);
#3025=ORIENTED_EDGE('',*,*,#4210,.T.);
#3026=ORIENTED_EDGE('',*,*,#4202,.F.);
#3027=ORIENTED_EDGE('',*,*,#4205,.T.);
#3028=ORIENTED_EDGE('',*,*,#4207,.T.);
#3029=ORIENTED_EDGE('',*,*,#4209,.T.);
#3030=ORIENTED_EDGE('',*,*,#4211,.T.);
#3031=ORIENTED_EDGE('',*,*,#4212,.T.);
#3032=ORIENTED_EDGE('',*,*,#4098,.F.);
#3033=ORIENTED_EDGE('',*,*,#4213,.F.);
#3034=ORIENTED_EDGE('',*,*,#4214,.T.);
#3035=ORIENTED_EDGE('',*,*,#4215,.T.);
#3036=ORIENTED_EDGE('',*,*,#4097,.T.);
#3037=ORIENTED_EDGE('',*,*,#4216,.F.);
#3038=ORIENTED_EDGE('',*,*,#4217,.F.);
#3039=ORIENTED_EDGE('',*,*,#4213,.T.);
#3040=ORIENTED_EDGE('',*,*,#4102,.T.);
#3041=ORIENTED_EDGE('',*,*,#4218,.F.);
#3042=ORIENTED_EDGE('',*,*,#4219,.F.);
#3043=ORIENTED_EDGE('',*,*,#4216,.T.);
#3044=ORIENTED_EDGE('',*,*,#4101,.T.);
#3045=ORIENTED_EDGE('',*,*,#4220,.F.);
#3046=ORIENTED_EDGE('',*,*,#4221,.F.);
#3047=ORIENTED_EDGE('',*,*,#4218,.T.);
#3048=ORIENTED_EDGE('',*,*,#4100,.T.);
#3049=ORIENTED_EDGE('',*,*,#4222,.F.);
#3050=ORIENTED_EDGE('',*,*,#4223,.F.);
#3051=ORIENTED_EDGE('',*,*,#4220,.T.);
#3052=ORIENTED_EDGE('',*,*,#4099,.F.);
#3053=ORIENTED_EDGE('',*,*,#4215,.F.);
#3054=ORIENTED_EDGE('',*,*,#4224,.T.);
#3055=ORIENTED_EDGE('',*,*,#4222,.T.);
#3056=ORIENTED_EDGE('',*,*,#4214,.F.);
#3057=ORIENTED_EDGE('',*,*,#4217,.T.);
#3058=ORIENTED_EDGE('',*,*,#4219,.T.);
#3059=ORIENTED_EDGE('',*,*,#4221,.T.);
#3060=ORIENTED_EDGE('',*,*,#4223,.T.);
#3061=ORIENTED_EDGE('',*,*,#4224,.F.);
#3062=ORIENTED_EDGE('',*,*,#4225,.F.);
#3063=ORIENTED_EDGE('',*,*,#4226,.F.);
#3064=ORIENTED_EDGE('',*,*,#4227,.T.);
#3065=ORIENTED_EDGE('',*,*,#4228,.T.);
#3066=ORIENTED_EDGE('',*,*,#3979,.T.);
#3067=ORIENTED_EDGE('',*,*,#4229,.F.);
#3068=ORIENTED_EDGE('',*,*,#4230,.F.);
#3069=ORIENTED_EDGE('',*,*,#4226,.T.);
#3070=ORIENTED_EDGE('',*,*,#4231,.F.);
#3071=ORIENTED_EDGE('',*,*,#4232,.T.);
#3072=ORIENTED_EDGE('',*,*,#3982,.T.);
#3073=ORIENTED_EDGE('',*,*,#4233,.F.);
#3074=ORIENTED_EDGE('',*,*,#4234,.F.);
#3075=ORIENTED_EDGE('',*,*,#4229,.T.);
#3076=ORIENTED_EDGE('',*,*,#3981,.F.);
#3077=ORIENTED_EDGE('',*,*,#4235,.F.);
#3078=ORIENTED_EDGE('',*,*,#4236,.T.);
#3079=ORIENTED_EDGE('',*,*,#4233,.T.);
#3080=ORIENTED_EDGE('',*,*,#3980,.F.);
#3081=ORIENTED_EDGE('',*,*,#4232,.F.);
#3082=ORIENTED_EDGE('',*,*,#4237,.F.);
#3083=ORIENTED_EDGE('',*,*,#4238,.F.);
#3084=ORIENTED_EDGE('',*,*,#4239,.T.);
#3085=ORIENTED_EDGE('',*,*,#4235,.T.);
#3086=ORIENTED_EDGE('',*,*,#4240,.F.);
#3087=ORIENTED_EDGE('',*,*,#4228,.F.);
#3088=ORIENTED_EDGE('',*,*,#4241,.T.);
#3089=ORIENTED_EDGE('',*,*,#4238,.T.);
#3090=ORIENTED_EDGE('',*,*,#4227,.F.);
#3091=ORIENTED_EDGE('',*,*,#4230,.T.);
#3092=ORIENTED_EDGE('',*,*,#4234,.T.);
#3093=ORIENTED_EDGE('',*,*,#4236,.F.);
#3094=ORIENTED_EDGE('',*,*,#4239,.F.);
#3095=ORIENTED_EDGE('',*,*,#4241,.F.);
#3096=ORIENTED_EDGE('',*,*,#3958,.F.);
#3097=ORIENTED_EDGE('',*,*,#4242,.F.);
#3098=ORIENTED_EDGE('',*,*,#4243,.T.);
#3099=ORIENTED_EDGE('',*,*,#4244,.F.);
#3100=ORIENTED_EDGE('',*,*,#4245,.T.);
#3101=ORIENTED_EDGE('',*,*,#4246,.T.);
#3102=ORIENTED_EDGE('',*,*,#4244,.T.);
#3103=ORIENTED_EDGE('',*,*,#4247,.T.);
#3104=ORIENTED_EDGE('',*,*,#4248,.F.);
#3105=ORIENTED_EDGE('',*,*,#4249,.F.);
#3106=ORIENTED_EDGE('',*,*,#4248,.T.);
#3107=ORIENTED_EDGE('',*,*,#4250,.T.);
#3108=ORIENTED_EDGE('',*,*,#4251,.F.);
#3109=ORIENTED_EDGE('',*,*,#4252,.F.);
#3110=ORIENTED_EDGE('',*,*,#3961,.T.);
#3111=ORIENTED_EDGE('',*,*,#4253,.F.);
#3112=ORIENTED_EDGE('',*,*,#4254,.F.);
#3113=ORIENTED_EDGE('',*,*,#4251,.T.);
#3114=ORIENTED_EDGE('',*,*,#4255,.T.);
#3115=ORIENTED_EDGE('',*,*,#3960,.T.);
#3116=ORIENTED_EDGE('',*,*,#4256,.F.);
#3117=ORIENTED_EDGE('',*,*,#4257,.F.);
#3118=ORIENTED_EDGE('',*,*,#4253,.T.);
#3119=ORIENTED_EDGE('',*,*,#3959,.F.);
#3120=ORIENTED_EDGE('',*,*,#4246,.F.);
#3121=ORIENTED_EDGE('',*,*,#4258,.T.);
#3122=ORIENTED_EDGE('',*,*,#4256,.T.);
#3123=ORIENTED_EDGE('',*,*,#4245,.F.);
#3124=ORIENTED_EDGE('',*,*,#4249,.T.);
#3125=ORIENTED_EDGE('',*,*,#4252,.T.);
#3126=ORIENTED_EDGE('',*,*,#4254,.T.);
#3127=ORIENTED_EDGE('',*,*,#4257,.T.);
#3128=ORIENTED_EDGE('',*,*,#4258,.F.);
#3129=ORIENTED_EDGE('',*,*,#3953,.F.);
#3130=ORIENTED_EDGE('',*,*,#4259,.F.);
#3131=ORIENTED_EDGE('',*,*,#4260,.T.);
#3132=ORIENTED_EDGE('',*,*,#4261,.T.);
#3133=ORIENTED_EDGE('',*,*,#3952,.F.);
#3134=ORIENTED_EDGE('',*,*,#4262,.F.);
#3135=ORIENTED_EDGE('',*,*,#4263,.F.);
#3136=ORIENTED_EDGE('',*,*,#4264,.T.);
#3137=ORIENTED_EDGE('',*,*,#4259,.T.);
#3138=ORIENTED_EDGE('',*,*,#4265,.F.);
#3139=ORIENTED_EDGE('',*,*,#4266,.F.);
#3140=ORIENTED_EDGE('',*,*,#4267,.T.);
#3141=ORIENTED_EDGE('',*,*,#4263,.T.);
#3142=ORIENTED_EDGE('',*,*,#4268,.F.);
#3143=ORIENTED_EDGE('',*,*,#4269,.F.);
#3144=ORIENTED_EDGE('',*,*,#4270,.T.);
#3145=ORIENTED_EDGE('',*,*,#4266,.T.);
#3146=ORIENTED_EDGE('',*,*,#3955,.T.);
#3147=ORIENTED_EDGE('',*,*,#4271,.F.);
#3148=ORIENTED_EDGE('',*,*,#4272,.F.);
#3149=ORIENTED_EDGE('',*,*,#4269,.T.);
#3150=ORIENTED_EDGE('',*,*,#4273,.F.);
#3151=ORIENTED_EDGE('',*,*,#4274,.T.);
#3152=ORIENTED_EDGE('',*,*,#3954,.T.);
#3153=ORIENTED_EDGE('',*,*,#4261,.F.);
#3154=ORIENTED_EDGE('',*,*,#4275,.F.);
#3155=ORIENTED_EDGE('',*,*,#4271,.T.);
#3156=ORIENTED_EDGE('',*,*,#4260,.F.);
#3157=ORIENTED_EDGE('',*,*,#4264,.F.);
#3158=ORIENTED_EDGE('',*,*,#4267,.F.);
#3159=ORIENTED_EDGE('',*,*,#4270,.F.);
#3160=ORIENTED_EDGE('',*,*,#4272,.T.);
#3161=ORIENTED_EDGE('',*,*,#4275,.T.);
#3162=ORIENTED_EDGE('',*,*,#4276,.T.);
#3163=ORIENTED_EDGE('',*,*,#4277,.T.);
#3164=ORIENTED_EDGE('',*,*,#4278,.F.);
#3165=ORIENTED_EDGE('',*,*,#4279,.F.);
#3166=ORIENTED_EDGE('',*,*,#3975,.T.);
#3167=ORIENTED_EDGE('',*,*,#4280,.F.);
#3168=ORIENTED_EDGE('',*,*,#4281,.F.);
#3169=ORIENTED_EDGE('',*,*,#4278,.T.);
#3170=ORIENTED_EDGE('',*,*,#4282,.T.);
#3171=ORIENTED_EDGE('',*,*,#4283,.T.);
#3172=ORIENTED_EDGE('',*,*,#3978,.T.);
#3173=ORIENTED_EDGE('',*,*,#4284,.F.);
#3174=ORIENTED_EDGE('',*,*,#4285,.F.);
#3175=ORIENTED_EDGE('',*,*,#4280,.T.);
#3176=ORIENTED_EDGE('',*,*,#3977,.F.);
#3177=ORIENTED_EDGE('',*,*,#4286,.F.);
#3178=ORIENTED_EDGE('',*,*,#4287,.T.);
#3179=ORIENTED_EDGE('',*,*,#4284,.T.);
#3180=ORIENTED_EDGE('',*,*,#3976,.F.);
#3181=ORIENTED_EDGE('',*,*,#4283,.F.);
#3182=ORIENTED_EDGE('',*,*,#4288,.T.);
#3183=ORIENTED_EDGE('',*,*,#4289,.F.);
#3184=ORIENTED_EDGE('',*,*,#4290,.T.);
#3185=ORIENTED_EDGE('',*,*,#4286,.T.);
#3186=ORIENTED_EDGE('',*,*,#4289,.T.);
#3187=ORIENTED_EDGE('',*,*,#4291,.T.);
#3188=ORIENTED_EDGE('',*,*,#4276,.F.);
#3189=ORIENTED_EDGE('',*,*,#4292,.F.);
#3190=ORIENTED_EDGE('',*,*,#4279,.T.);
#3191=ORIENTED_EDGE('',*,*,#4281,.T.);
#3192=ORIENTED_EDGE('',*,*,#4285,.T.);
#3193=ORIENTED_EDGE('',*,*,#4287,.F.);
#3194=ORIENTED_EDGE('',*,*,#4290,.F.);
#3195=ORIENTED_EDGE('',*,*,#4292,.T.);
#3196=ORIENTED_EDGE('',*,*,#4293,.T.);
#3197=ORIENTED_EDGE('',*,*,#4294,.T.);
#3198=ORIENTED_EDGE('',*,*,#4293,.F.);
#3199=ORIENTED_EDGE('',*,*,#4225,.T.);
#3200=ORIENTED_EDGE('',*,*,#4240,.T.);
#3201=ORIENTED_EDGE('',*,*,#4237,.T.);
#3202=ORIENTED_EDGE('',*,*,#4231,.T.);
#3203=ORIENTED_EDGE('',*,*,#4294,.F.);
#3204=ORIENTED_EDGE('',*,*,#4295,.F.);
#3205=ORIENTED_EDGE('',*,*,#4262,.T.);
#3206=ORIENTED_EDGE('',*,*,#3951,.T.);
#3207=ORIENTED_EDGE('',*,*,#4296,.F.);
#3208=ORIENTED_EDGE('',*,*,#3956,.T.);
#3209=ORIENTED_EDGE('',*,*,#4274,.F.);
#3210=ORIENTED_EDGE('',*,*,#4297,.F.);
#3211=ORIENTED_EDGE('',*,*,#4296,.T.);
#3212=ORIENTED_EDGE('',*,*,#4298,.T.);
#3213=ORIENTED_EDGE('',*,*,#4299,.T.);
#3214=ORIENTED_EDGE('',*,*,#4298,.F.);
#3215=ORIENTED_EDGE('',*,*,#4265,.T.);
#3216=ORIENTED_EDGE('',*,*,#4295,.T.);
#3217=ORIENTED_EDGE('',*,*,#4297,.T.);
#3218=ORIENTED_EDGE('',*,*,#4273,.T.);
#3219=ORIENTED_EDGE('',*,*,#4268,.T.);
#3220=ORIENTED_EDGE('',*,*,#4299,.F.);
#3221=ORIENTED_EDGE('',*,*,#4300,.F.);
#3222=ORIENTED_EDGE('',*,*,#4301,.T.);
#3223=ORIENTED_EDGE('',*,*,#4288,.F.);
#3224=ORIENTED_EDGE('',*,*,#4282,.F.);
#3225=ORIENTED_EDGE('',*,*,#4277,.F.);
#3226=ORIENTED_EDGE('',*,*,#4291,.F.);
#3227=ORIENTED_EDGE('',*,*,#4300,.T.);
#3228=ORIENTED_EDGE('',*,*,#4255,.F.);
#3229=ORIENTED_EDGE('',*,*,#4302,.T.);
#3230=ORIENTED_EDGE('',*,*,#4303,.T.);
#3231=ORIENTED_EDGE('',*,*,#3962,.F.);
#3232=ORIENTED_EDGE('',*,*,#3957,.F.);
#3233=ORIENTED_EDGE('',*,*,#4303,.F.);
#3234=ORIENTED_EDGE('',*,*,#4304,.T.);
#3235=ORIENTED_EDGE('',*,*,#4242,.T.);
#3236=ORIENTED_EDGE('',*,*,#4305,.F.);
#3237=ORIENTED_EDGE('',*,*,#4306,.T.);
#3238=ORIENTED_EDGE('',*,*,#4304,.F.);
#3239=ORIENTED_EDGE('',*,*,#4302,.F.);
#3240=ORIENTED_EDGE('',*,*,#4250,.F.);
#3241=ORIENTED_EDGE('',*,*,#4247,.F.);
#3242=ORIENTED_EDGE('',*,*,#4243,.F.);
#3243=ORIENTED_EDGE('',*,*,#4305,.T.);
#3244=ORIENTED_EDGE('',*,*,#4301,.F.);
#3245=ORIENTED_EDGE('',*,*,#4306,.F.);
#3246=ORIENTED_EDGE('',*,*,#4307,.F.);
#3247=ORIENTED_EDGE('',*,*,#3950,.T.);
#3248=ORIENTED_EDGE('',*,*,#4308,.F.);
#3249=ORIENTED_EDGE('',*,*,#4307,.T.);
#3250=ORIENTED_EDGE('',*,*,#3949,.T.);
#3251=ORIENTED_EDGE('',*,*,#4133,.F.);
#3252=ORIENTED_EDGE('',*,*,#3948,.T.);
#3253=ORIENTED_EDGE('',*,*,#4132,.F.);
#3254=ORIENTED_EDGE('',*,*,#4129,.T.);
#3255=ORIENTED_EDGE('',*,*,#4096,.T.);
#3256=ORIENTED_EDGE('',*,*,#4128,.T.);
#3257=ORIENTED_EDGE('',*,*,#4095,.T.);
#3258=ORIENTED_EDGE('',*,*,#4308,.T.);
#3259=ORIENTED_EDGE('',*,*,#4131,.F.);
#3260=ORIENTED_EDGE('',*,*,#4309,.T.);
#3261=ORIENTED_EDGE('',*,*,#4310,.T.);
#3262=ORIENTED_EDGE('',*,*,#4311,.F.);
#3263=ORIENTED_EDGE('',*,*,#4312,.F.);
#3264=ORIENTED_EDGE('',*,*,#4311,.T.);
#3265=ORIENTED_EDGE('',*,*,#4313,.T.);
#3266=ORIENTED_EDGE('',*,*,#4314,.F.);
#3267=ORIENTED_EDGE('',*,*,#4315,.F.);
#3268=ORIENTED_EDGE('',*,*,#3997,.F.);
#3269=ORIENTED_EDGE('',*,*,#4316,.F.);
#3270=ORIENTED_EDGE('',*,*,#4317,.T.);
#3271=ORIENTED_EDGE('',*,*,#4318,.T.);
#3272=ORIENTED_EDGE('',*,*,#3998,.F.);
#3273=ORIENTED_EDGE('',*,*,#4318,.F.);
#3274=ORIENTED_EDGE('',*,*,#4319,.T.);
#3275=ORIENTED_EDGE('',*,*,#4320,.T.);
#3276=ORIENTED_EDGE('',*,*,#4314,.T.);
#3277=ORIENTED_EDGE('',*,*,#4321,.T.);
#3278=ORIENTED_EDGE('',*,*,#4322,.F.);
#3279=ORIENTED_EDGE('',*,*,#4323,.F.);
#3280=ORIENTED_EDGE('',*,*,#3996,.F.);
#3281=ORIENTED_EDGE('',*,*,#4149,.T.);
#3282=ORIENTED_EDGE('',*,*,#4324,.F.);
#3283=ORIENTED_EDGE('',*,*,#4325,.T.);
#3284=ORIENTED_EDGE('',*,*,#4316,.T.);
#3285=ORIENTED_EDGE('',*,*,#3999,.F.);
#3286=ORIENTED_EDGE('',*,*,#4320,.F.);
#3287=ORIENTED_EDGE('',*,*,#4326,.T.);
#3288=ORIENTED_EDGE('',*,*,#4324,.T.);
#3289=ORIENTED_EDGE('',*,*,#4151,.T.);
#3290=ORIENTED_EDGE('',*,*,#4322,.T.);
#3291=ORIENTED_EDGE('',*,*,#4327,.T.);
#3292=ORIENTED_EDGE('',*,*,#4309,.F.);
#3293=ORIENTED_EDGE('',*,*,#4328,.F.);
#3294=ORIENTED_EDGE('',*,*,#4317,.F.);
#3295=ORIENTED_EDGE('',*,*,#4325,.F.);
#3296=ORIENTED_EDGE('',*,*,#4326,.F.);
#3297=ORIENTED_EDGE('',*,*,#4319,.F.);
#3298=ORIENTED_EDGE('',*,*,#4312,.T.);
#3299=ORIENTED_EDGE('',*,*,#4315,.T.);
#3300=ORIENTED_EDGE('',*,*,#4323,.T.);
#3301=ORIENTED_EDGE('',*,*,#4328,.T.);
#3302=ORIENTED_EDGE('',*,*,#4329,.T.);
#3303=ORIENTED_EDGE('',*,*,#4330,.T.);
#3304=ORIENTED_EDGE('',*,*,#4331,.F.);
#3305=ORIENTED_EDGE('',*,*,#4332,.F.);
#3306=ORIENTED_EDGE('',*,*,#4331,.T.);
#3307=ORIENTED_EDGE('',*,*,#4333,.T.);
#3308=ORIENTED_EDGE('',*,*,#4334,.F.);
#3309=ORIENTED_EDGE('',*,*,#4335,.F.);
#3310=ORIENTED_EDGE('',*,*,#4334,.T.);
#3311=ORIENTED_EDGE('',*,*,#4336,.T.);
#3312=ORIENTED_EDGE('',*,*,#4337,.F.);
#3313=ORIENTED_EDGE('',*,*,#4338,.F.);
#3314=ORIENTED_EDGE('',*,*,#3992,.F.);
#3315=ORIENTED_EDGE('',*,*,#4339,.F.);
#3316=ORIENTED_EDGE('',*,*,#4340,.T.);
#3317=ORIENTED_EDGE('',*,*,#4341,.T.);
#3318=ORIENTED_EDGE('',*,*,#3991,.F.);
#3319=ORIENTED_EDGE('',*,*,#4342,.F.);
#3320=ORIENTED_EDGE('',*,*,#4343,.T.);
#3321=ORIENTED_EDGE('',*,*,#4339,.T.);
#3322=ORIENTED_EDGE('',*,*,#3994,.F.);
#3323=ORIENTED_EDGE('',*,*,#4344,.F.);
#3324=ORIENTED_EDGE('',*,*,#4345,.T.);
#3325=ORIENTED_EDGE('',*,*,#4342,.T.);
#3326=ORIENTED_EDGE('',*,*,#3993,.F.);
#3327=ORIENTED_EDGE('',*,*,#4341,.F.);
#3328=ORIENTED_EDGE('',*,*,#4346,.T.);
#3329=ORIENTED_EDGE('',*,*,#4344,.T.);
#3330=ORIENTED_EDGE('',*,*,#4337,.T.);
#3331=ORIENTED_EDGE('',*,*,#4347,.T.);
#3332=ORIENTED_EDGE('',*,*,#4329,.F.);
#3333=ORIENTED_EDGE('',*,*,#4348,.F.);
#3334=ORIENTED_EDGE('',*,*,#4340,.F.);
#3335=ORIENTED_EDGE('',*,*,#4343,.F.);
#3336=ORIENTED_EDGE('',*,*,#4345,.F.);
#3337=ORIENTED_EDGE('',*,*,#4346,.F.);
#3338=ORIENTED_EDGE('',*,*,#4332,.T.);
#3339=ORIENTED_EDGE('',*,*,#4335,.T.);
#3340=ORIENTED_EDGE('',*,*,#4338,.T.);
#3341=ORIENTED_EDGE('',*,*,#4348,.T.);
#3342=ORIENTED_EDGE('',*,*,#4349,.F.);
#3343=ORIENTED_EDGE('',*,*,#4350,.F.);
#3344=ORIENTED_EDGE('',*,*,#4351,.T.);
#3345=ORIENTED_EDGE('',*,*,#4352,.T.);
#3346=ORIENTED_EDGE('',*,*,#4353,.F.);
#3347=ORIENTED_EDGE('',*,*,#4354,.F.);
#3348=ORIENTED_EDGE('',*,*,#4355,.T.);
#3349=ORIENTED_EDGE('',*,*,#4350,.T.);
#3350=ORIENTED_EDGE('',*,*,#4356,.T.);
#3351=ORIENTED_EDGE('',*,*,#3942,.T.);
#3352=ORIENTED_EDGE('',*,*,#4357,.F.);
#3353=ORIENTED_EDGE('',*,*,#4358,.F.);
#3354=ORIENTED_EDGE('',*,*,#4357,.T.);
#3355=ORIENTED_EDGE('',*,*,#3941,.T.);
#3356=ORIENTED_EDGE('',*,*,#4359,.F.);
#3357=ORIENTED_EDGE('',*,*,#4360,.F.);
#3358=ORIENTED_EDGE('',*,*,#4361,.F.);
#3359=ORIENTED_EDGE('',*,*,#4362,.F.);
#3360=ORIENTED_EDGE('',*,*,#4363,.T.);
#3361=ORIENTED_EDGE('',*,*,#4354,.T.);
#3362=ORIENTED_EDGE('',*,*,#3943,.F.);
#3363=ORIENTED_EDGE('',*,*,#3931,.T.);
#3364=ORIENTED_EDGE('',*,*,#4356,.F.);
#3365=ORIENTED_EDGE('',*,*,#4364,.F.);
#3366=ORIENTED_EDGE('',*,*,#4365,.T.);
#3367=ORIENTED_EDGE('',*,*,#4359,.T.);
#3368=ORIENTED_EDGE('',*,*,#3940,.T.);
#3369=ORIENTED_EDGE('',*,*,#3944,.F.);
#3370=ORIENTED_EDGE('',*,*,#4365,.F.);
#3371=ORIENTED_EDGE('',*,*,#4366,.F.);
#3372=ORIENTED_EDGE('',*,*,#4367,.F.);
#3373=ORIENTED_EDGE('',*,*,#4352,.F.);
#3374=ORIENTED_EDGE('',*,*,#4368,.T.);
#3375=ORIENTED_EDGE('',*,*,#4362,.T.);
#3376=ORIENTED_EDGE('',*,*,#4364,.T.);
#3377=ORIENTED_EDGE('',*,*,#4358,.T.);
#3378=ORIENTED_EDGE('',*,*,#4360,.T.);
#3379=ORIENTED_EDGE('',*,*,#4366,.T.);
#3380=ORIENTED_EDGE('',*,*,#4351,.F.);
#3381=ORIENTED_EDGE('',*,*,#4355,.F.);
#3382=ORIENTED_EDGE('',*,*,#4363,.F.);
#3383=ORIENTED_EDGE('',*,*,#4368,.F.);
#3384=ORIENTED_EDGE('',*,*,#4369,.F.);
#3385=ORIENTED_EDGE('',*,*,#4370,.F.);
#3386=ORIENTED_EDGE('',*,*,#4371,.T.);
#3387=ORIENTED_EDGE('',*,*,#4372,.T.);
#3388=ORIENTED_EDGE('',*,*,#4373,.F.);
#3389=ORIENTED_EDGE('',*,*,#4374,.F.);
#3390=ORIENTED_EDGE('',*,*,#4375,.T.);
#3391=ORIENTED_EDGE('',*,*,#4370,.T.);
#3392=ORIENTED_EDGE('',*,*,#4376,.F.);
#3393=ORIENTED_EDGE('',*,*,#4377,.F.);
#3394=ORIENTED_EDGE('',*,*,#4378,.T.);
#3395=ORIENTED_EDGE('',*,*,#4374,.T.);
#3396=ORIENTED_EDGE('',*,*,#4379,.T.);
#3397=ORIENTED_EDGE('',*,*,#3923,.T.);
#3398=ORIENTED_EDGE('',*,*,#4380,.F.);
#3399=ORIENTED_EDGE('',*,*,#4381,.F.);
#3400=ORIENTED_EDGE('',*,*,#4380,.T.);
#3401=ORIENTED_EDGE('',*,*,#3926,.T.);
#3402=ORIENTED_EDGE('',*,*,#4382,.F.);
#3403=ORIENTED_EDGE('',*,*,#4383,.F.);
#3404=ORIENTED_EDGE('',*,*,#4382,.T.);
#3405=ORIENTED_EDGE('',*,*,#3925,.T.);
#3406=ORIENTED_EDGE('',*,*,#4384,.F.);
#3407=ORIENTED_EDGE('',*,*,#4385,.F.);
#3408=ORIENTED_EDGE('',*,*,#4384,.T.);
#3409=ORIENTED_EDGE('',*,*,#3924,.T.);
#3410=ORIENTED_EDGE('',*,*,#4379,.F.);
#3411=ORIENTED_EDGE('',*,*,#4386,.F.);
#3412=ORIENTED_EDGE('',*,*,#4387,.F.);
#3413=ORIENTED_EDGE('',*,*,#4372,.F.);
#3414=ORIENTED_EDGE('',*,*,#4388,.T.);
#3415=ORIENTED_EDGE('',*,*,#4377,.T.);
#3416=ORIENTED_EDGE('',*,*,#4381,.T.);
#3417=ORIENTED_EDGE('',*,*,#4383,.T.);
#3418=ORIENTED_EDGE('',*,*,#4385,.T.);
#3419=ORIENTED_EDGE('',*,*,#4386,.T.);
#3420=ORIENTED_EDGE('',*,*,#4371,.F.);
#3421=ORIENTED_EDGE('',*,*,#4375,.F.);
#3422=ORIENTED_EDGE('',*,*,#4378,.F.);
#3423=ORIENTED_EDGE('',*,*,#4388,.F.);
#3424=ORIENTED_EDGE('',*,*,#4373,.T.);
#3425=ORIENTED_EDGE('',*,*,#4369,.T.);
#3426=ORIENTED_EDGE('',*,*,#4387,.T.);
#3427=ORIENTED_EDGE('',*,*,#4376,.T.);
#3428=ORIENTED_EDGE('',*,*,#4333,.F.);
#3429=ORIENTED_EDGE('',*,*,#4330,.F.);
#3430=ORIENTED_EDGE('',*,*,#4347,.F.);
#3431=ORIENTED_EDGE('',*,*,#4336,.F.);
#3432=ORIENTED_EDGE('',*,*,#4361,.T.);
#3433=ORIENTED_EDGE('',*,*,#4353,.T.);
#3434=ORIENTED_EDGE('',*,*,#4349,.T.);
#3435=ORIENTED_EDGE('',*,*,#4367,.T.);
#3436=ORIENTED_EDGE('',*,*,#4313,.F.);
#3437=ORIENTED_EDGE('',*,*,#4310,.F.);
#3438=ORIENTED_EDGE('',*,*,#4327,.F.);
#3439=ORIENTED_EDGE('',*,*,#4321,.F.);
#3440=ORIENTED_EDGE('',*,*,#4389,.F.);
#3441=ORIENTED_EDGE('',*,*,#4390,.F.);
#3442=ORIENTED_EDGE('',*,*,#4391,.T.);
#3443=ORIENTED_EDGE('',*,*,#4392,.F.);
#3444=ORIENTED_EDGE('',*,*,#4393,.T.);
#3445=ORIENTED_EDGE('',*,*,#4394,.F.);
#3446=ORIENTED_EDGE('',*,*,#4395,.F.);
#3447=ORIENTED_EDGE('',*,*,#4396,.F.);
#3448=ORIENTED_EDGE('',*,*,#4397,.T.);
#3449=ORIENTED_EDGE('',*,*,#4398,.F.);
#3450=ORIENTED_EDGE('',*,*,#4399,.F.);
#3451=ORIENTED_EDGE('',*,*,#4400,.T.);
#3452=ORIENTED_EDGE('',*,*,#4401,.T.);
#3453=ORIENTED_EDGE('',*,*,#4402,.T.);
#3454=ORIENTED_EDGE('',*,*,#4403,.T.);
#3455=ORIENTED_EDGE('',*,*,#4404,.T.);
#3456=ORIENTED_EDGE('',*,*,#4405,.T.);
#3457=ORIENTED_EDGE('',*,*,#4406,.T.);
#3458=ORIENTED_EDGE('',*,*,#4400,.F.);
#3459=ORIENTED_EDGE('',*,*,#4407,.F.);
#3460=ORIENTED_EDGE('',*,*,#4408,.T.);
#3461=ORIENTED_EDGE('',*,*,#4409,.F.);
#3462=ORIENTED_EDGE('',*,*,#4408,.F.);
#3463=ORIENTED_EDGE('',*,*,#4410,.T.);
#3464=ORIENTED_EDGE('',*,*,#4411,.T.);
#3465=ORIENTED_EDGE('',*,*,#4412,.F.);
#3466=ORIENTED_EDGE('',*,*,#4411,.F.);
#3467=ORIENTED_EDGE('',*,*,#4413,.T.);
#3468=ORIENTED_EDGE('',*,*,#4414,.T.);
#3469=ORIENTED_EDGE('',*,*,#4415,.F.);
#3470=ORIENTED_EDGE('',*,*,#4414,.F.);
#3471=ORIENTED_EDGE('',*,*,#4416,.T.);
#3472=ORIENTED_EDGE('',*,*,#4417,.T.);
#3473=ORIENTED_EDGE('',*,*,#4418,.F.);
#3474=ORIENTED_EDGE('',*,*,#4417,.F.);
#3475=ORIENTED_EDGE('',*,*,#4419,.T.);
#3476=ORIENTED_EDGE('',*,*,#4420,.T.);
#3477=ORIENTED_EDGE('',*,*,#4421,.F.);
#3478=ORIENTED_EDGE('',*,*,#4420,.F.);
#3479=ORIENTED_EDGE('',*,*,#4422,.T.);
#3480=ORIENTED_EDGE('',*,*,#4423,.T.);
#3481=ORIENTED_EDGE('',*,*,#4424,.F.);
#3482=ORIENTED_EDGE('',*,*,#4423,.F.);
#3483=ORIENTED_EDGE('',*,*,#4425,.T.);
#3484=ORIENTED_EDGE('',*,*,#4426,.T.);
#3485=ORIENTED_EDGE('',*,*,#4427,.F.);
#3486=ORIENTED_EDGE('',*,*,#4428,.F.);
#3487=ORIENTED_EDGE('',*,*,#4429,.F.);
#3488=ORIENTED_EDGE('',*,*,#4430,.F.);
#3489=ORIENTED_EDGE('',*,*,#4431,.F.);
#3490=ORIENTED_EDGE('',*,*,#4432,.T.);
#3491=ORIENTED_EDGE('',*,*,#4426,.F.);
#3492=ORIENTED_EDGE('',*,*,#4433,.F.);
#3493=ORIENTED_EDGE('',*,*,#4434,.T.);
#3494=ORIENTED_EDGE('',*,*,#4435,.T.);
#3495=ORIENTED_EDGE('',*,*,#4434,.F.);
#3496=ORIENTED_EDGE('',*,*,#4436,.F.);
#3497=ORIENTED_EDGE('',*,*,#4437,.T.);
#3498=ORIENTED_EDGE('',*,*,#4438,.T.);
#3499=ORIENTED_EDGE('',*,*,#4437,.F.);
#3500=ORIENTED_EDGE('',*,*,#4439,.F.);
#3501=ORIENTED_EDGE('',*,*,#4440,.T.);
#3502=ORIENTED_EDGE('',*,*,#4441,.T.);
#3503=ORIENTED_EDGE('',*,*,#4440,.F.);
#3504=ORIENTED_EDGE('',*,*,#4442,.F.);
#3505=ORIENTED_EDGE('',*,*,#4398,.T.);
#3506=ORIENTED_EDGE('',*,*,#4399,.T.);
#3507=ORIENTED_EDGE('',*,*,#4442,.T.);
#3508=ORIENTED_EDGE('',*,*,#4439,.T.);
#3509=ORIENTED_EDGE('',*,*,#4436,.T.);
#3510=ORIENTED_EDGE('',*,*,#4433,.T.);
#3511=ORIENTED_EDGE('',*,*,#4425,.F.);
#3512=ORIENTED_EDGE('',*,*,#4422,.F.);
#3513=ORIENTED_EDGE('',*,*,#4419,.F.);
#3514=ORIENTED_EDGE('',*,*,#4416,.F.);
#3515=ORIENTED_EDGE('',*,*,#4413,.F.);
#3516=ORIENTED_EDGE('',*,*,#4410,.F.);
#3517=ORIENTED_EDGE('',*,*,#4407,.T.);
#3518=ORIENTED_EDGE('',*,*,#4393,.F.);
#3519=ORIENTED_EDGE('',*,*,#4391,.F.);
#3520=ORIENTED_EDGE('',*,*,#4389,.T.);
#3521=ORIENTED_EDGE('',*,*,#4395,.T.);
#3522=ORIENTED_EDGE('',*,*,#4397,.F.);
#3523=ORIENTED_EDGE('',*,*,#4406,.F.);
#3524=ORIENTED_EDGE('',*,*,#4409,.T.);
#3525=ORIENTED_EDGE('',*,*,#4412,.T.);
#3526=ORIENTED_EDGE('',*,*,#4415,.T.);
#3527=ORIENTED_EDGE('',*,*,#4418,.T.);
#3528=ORIENTED_EDGE('',*,*,#4421,.T.);
#3529=ORIENTED_EDGE('',*,*,#4424,.T.);
#3530=ORIENTED_EDGE('',*,*,#4432,.F.);
#3531=ORIENTED_EDGE('',*,*,#4435,.F.);
#3532=ORIENTED_EDGE('',*,*,#4438,.F.);
#3533=ORIENTED_EDGE('',*,*,#4441,.F.);
#3534=ORIENTED_EDGE('',*,*,#4431,.T.);
#3535=ORIENTED_EDGE('',*,*,#4405,.F.);
#3536=ORIENTED_EDGE('',*,*,#4430,.T.);
#3537=ORIENTED_EDGE('',*,*,#4404,.F.);
#3538=ORIENTED_EDGE('',*,*,#4429,.T.);
#3539=ORIENTED_EDGE('',*,*,#4403,.F.);
#3540=ORIENTED_EDGE('',*,*,#4428,.T.);
#3541=ORIENTED_EDGE('',*,*,#4402,.F.);
#3542=ORIENTED_EDGE('',*,*,#4427,.T.);
#3543=ORIENTED_EDGE('',*,*,#4401,.F.);
#3544=ORIENTED_EDGE('',*,*,#4396,.T.);
#3545=ORIENTED_EDGE('',*,*,#4394,.T.);
#3546=ORIENTED_EDGE('',*,*,#4392,.T.);
#3547=ORIENTED_EDGE('',*,*,#4390,.T.);
#3548=EDGE_CURVE('',#4443,#4444,#5059,.T.);
#3549=EDGE_CURVE('',#4444,#4445,#176,.T.);
#3550=EDGE_CURVE('',#4446,#4445,#5060,.T.);
#3551=EDGE_CURVE('',#4443,#4446,#177,.F.);
#3552=EDGE_CURVE('',#4447,#4448,#178,.T.);
#3553=EDGE_CURVE('',#4447,#4449,#5061,.T.);
#3554=EDGE_CURVE('',#4449,#4450,#179,.T.);
#3555=EDGE_CURVE('',#4448,#4450,#5062,.T.);
#3556=EDGE_CURVE('',#4451,#4452,#180,.T.);
#3557=EDGE_CURVE('',#4452,#4453,#181,.T.);
#3558=EDGE_CURVE('',#4454,#4453,#182,.T.);
#3559=EDGE_CURVE('',#4451,#4454,#183,.T.);
#3560=EDGE_CURVE('',#4448,#4453,#184,.T.);
#3561=EDGE_CURVE('',#4443,#4448,#185,.T.);
#3562=EDGE_CURVE('',#4443,#4455,#186,.F.);
#3563=EDGE_CURVE('',#4455,#4454,#187,.T.);
#3564=EDGE_CURVE('',#4444,#4450,#188,.T.);
#3565=EDGE_CURVE('',#4450,#4456,#189,.T.);
#3566=EDGE_CURVE('',#4457,#4456,#190,.T.);
#3567=EDGE_CURVE('',#4458,#4457,#191,.T.);
#3568=EDGE_CURVE('',#4444,#4458,#192,.T.);
#3569=EDGE_CURVE('',#4459,#4456,#193,.T.);
#3570=EDGE_CURVE('',#4460,#4459,#194,.T.);
#3571=EDGE_CURVE('',#4460,#4457,#195,.T.);
#3572=EDGE_CURVE('',#4449,#4459,#196,.F.);
#3573=EDGE_CURVE('',#4445,#4449,#197,.T.);
#3574=EDGE_CURVE('',#4445,#4461,#198,.T.);
#3575=EDGE_CURVE('',#4461,#4460,#199,.T.);
#3576=EDGE_CURVE('',#4446,#4447,#200,.T.);
#3577=EDGE_CURVE('',#4447,#4452,#201,.F.);
#3578=EDGE_CURVE('',#4462,#4451,#202,.T.);
#3579=EDGE_CURVE('',#4446,#4462,#203,.F.);
#3580=EDGE_CURVE('',#4455,#4462,#204,.T.);
#3581=EDGE_CURVE('',#4458,#4461,#205,.T.);
#3582=EDGE_CURVE('',#4463,#4464,#206,.T.);
#3583=EDGE_CURVE('',#4465,#4464,#207,.T.);
#3584=EDGE_CURVE('',#4466,#4465,#208,.T.);
#3585=EDGE_CURVE('',#4466,#4463,#209,.T.);
#3586=EDGE_CURVE('',#4464,#4467,#210,.T.);
#3587=EDGE_CURVE('',#4468,#4467,#211,.T.);
#3588=EDGE_CURVE('',#4465,#4468,#212,.T.);
#3589=EDGE_CURVE('',#4469,#4467,#213,.T.);
#3590=EDGE_CURVE('',#4470,#4469,#214,.T.);
#3591=EDGE_CURVE('',#4470,#4468,#215,.T.);
#3592=EDGE_CURVE('',#4463,#4469,#216,.T.);
#3593=EDGE_CURVE('',#4466,#4470,#217,.T.);
#3594=EDGE_CURVE('',#4471,#4472,#218,.T.);
#3595=EDGE_CURVE('',#4472,#4473,#219,.T.);
#3596=EDGE_CURVE('',#4474,#4473,#220,.T.);
#3597=EDGE_CURVE('',#4474,#4471,#221,.T.);
#3598=EDGE_CURVE('',#4475,#4473,#222,.T.);
#3599=EDGE_CURVE('',#4476,#4475,#223,.T.);
#3600=EDGE_CURVE('',#4474,#4476,#224,.T.);
#3601=EDGE_CURVE('',#4477,#4475,#225,.T.);
#3602=EDGE_CURVE('',#4478,#4477,#226,.T.);
#3603=EDGE_CURVE('',#4476,#4478,#227,.T.);
#3604=EDGE_CURVE('',#4477,#4472,#228,.T.);
#3605=EDGE_CURVE('',#4471,#4478,#229,.T.);
#3606=EDGE_CURVE('',#4479,#4479,#5063,.T.);
#3607=EDGE_CURVE('',#4480,#4481,#230,.T.);
#3608=EDGE_CURVE('',#4480,#4482,#231,.T.);
#3609=EDGE_CURVE('',#4482,#4483,#232,.T.);
#3610=EDGE_CURVE('',#4481,#4483,#233,.T.);
#3611=EDGE_CURVE('',#4484,#4485,#234,.T.);
#3612=EDGE_CURVE('',#4484,#4486,#235,.T.);
#3613=EDGE_CURVE('',#4486,#4487,#236,.T.);
#3614=EDGE_CURVE('',#4485,#4487,#237,.T.);
#3615=EDGE_CURVE('',#4488,#4489,#238,.T.);
#3616=EDGE_CURVE('',#4484,#4488,#239,.T.);
#3617=EDGE_CURVE('',#4485,#4490,#240,.T.);
#3618=EDGE_CURVE('',#4490,#4491,#241,.T.);
#3619=EDGE_CURVE('',#4491,#4492,#242,.T.);
#3620=EDGE_CURVE('',#4492,#4489,#243,.T.);
#3621=EDGE_CURVE('',#4493,#4494,#244,.T.);
#3622=EDGE_CURVE('',#4495,#4493,#245,.T.);
#3623=EDGE_CURVE('',#4496,#4495,#246,.T.);
#3624=EDGE_CURVE('',#4496,#4497,#247,.T.);
#3625=EDGE_CURVE('',#4497,#4487,#248,.T.);
#3626=EDGE_CURVE('',#4494,#4486,#249,.T.);
#3627=EDGE_CURVE('',#4498,#4499,#250,.T.);
#3628=EDGE_CURVE('',#4499,#4500,#251,.T.);
#3629=EDGE_CURVE('',#4500,#4501,#252,.T.);
#3630=EDGE_CURVE('',#4501,#4498,#253,.F.);
#3631=EDGE_CURVE('',#4502,#4503,#254,.T.);
#3632=EDGE_CURVE('',#4502,#4504,#255,.F.);
#3633=EDGE_CURVE('',#4504,#4505,#256,.F.);
#3634=EDGE_CURVE('',#4505,#4503,#257,.T.);
#3635=EDGE_CURVE('',#4506,#4506,#5064,.T.);
#3636=EDGE_CURVE('',#4507,#4508,#258,.T.);
#3637=EDGE_CURVE('',#4507,#4509,#259,.T.);
#3638=EDGE_CURVE('',#4509,#4510,#260,.T.);
#3639=EDGE_CURVE('',#4508,#4510,#261,.T.);
#3640=EDGE_CURVE('',#4511,#4512,#262,.T.);
#3641=EDGE_CURVE('',#4511,#4513,#263,.T.);
#3642=EDGE_CURVE('',#4513,#4514,#264,.T.);
#3643=EDGE_CURVE('',#4512,#4514,#265,.T.);
#3644=EDGE_CURVE('',#4508,#4515,#266,.T.);
#3645=EDGE_CURVE('',#4515,#4516,#267,.T.);
#3646=EDGE_CURVE('',#4516,#4517,#268,.T.);
#3647=EDGE_CURVE('',#4507,#4517,#269,.T.);
#3648=EDGE_CURVE('',#4517,#4518,#270,.T.);
#3649=EDGE_CURVE('',#4509,#4518,#271,.T.);
#3650=EDGE_CURVE('',#4519,#4520,#272,.T.);
#3651=EDGE_CURVE('',#4510,#4519,#273,.T.);
#3652=EDGE_CURVE('',#4520,#4518,#274,.T.);
#3653=EDGE_CURVE('',#4515,#4519,#275,.T.);
#3654=EDGE_CURVE('',#4481,#4513,#276,.T.);
#3655=EDGE_CURVE('',#4480,#4511,#277,.T.);
#3656=EDGE_CURVE('',#4482,#4512,#278,.T.);
#3657=EDGE_CURVE('',#4483,#4514,#279,.T.);
#3658=EDGE_CURVE('',#4495,#4516,#280,.T.);
#3659=EDGE_CURVE('',#4492,#4520,#281,.T.);
#3660=EDGE_CURVE('',#4491,#4496,#282,.T.);
#3661=EDGE_CURVE('',#4489,#4493,#283,.T.);
#3662=EDGE_CURVE('',#4503,#4521,#24,.T.);
#3663=EDGE_CURVE('',#4521,#4522,#5065,.T.);
#3664=EDGE_CURVE('',#4522,#4499,#25,.T.);
#3665=EDGE_CURVE('',#4498,#4523,#26,.T.);
#3666=EDGE_CURVE('',#4524,#4523,#5066,.T.);
#3667=EDGE_CURVE('',#4524,#4502,#27,.T.);
#3668=EDGE_CURVE('',#4525,#4526,#5067,.T.);
#3669=EDGE_CURVE('',#4525,#4527,#28,.T.);
#3670=EDGE_CURVE('',#4527,#4528,#284,.F.);
#3671=EDGE_CURVE('',#4528,#4529,#29,.T.);
#3672=EDGE_CURVE('',#4529,#4530,#5068,.T.);
#3673=EDGE_CURVE('',#4530,#4531,#30,.T.);
#3674=EDGE_CURVE('',#4531,#4532,#285,.T.);
#3675=EDGE_CURVE('',#4532,#4526,#31,.T.);
#3676=EDGE_CURVE('',#4523,#4530,#286,.T.);
#3677=EDGE_CURVE('',#4529,#4524,#287,.T.);
#3678=EDGE_CURVE('',#4526,#4522,#288,.F.);
#3679=EDGE_CURVE('',#4521,#4525,#289,.F.);
#3680=EDGE_CURVE('',#4504,#4528,#10,.T.);
#3681=EDGE_CURVE('',#4527,#4505,#11,.F.);
#3682=EDGE_CURVE('',#4531,#4501,#12,.F.);
#3683=EDGE_CURVE('',#4500,#4532,#13,.T.);
#3684=EDGE_CURVE('',#4490,#4497,#290,.T.);
#3685=EDGE_CURVE('',#4488,#4494,#291,.T.);
#3686=EDGE_CURVE('',#4533,#4534,#292,.T.);
#3687=EDGE_CURVE('',#4533,#4535,#293,.T.);
#3688=EDGE_CURVE('',#4535,#4536,#294,.T.);
#3689=EDGE_CURVE('',#4534,#4536,#295,.T.);
#3690=EDGE_CURVE('',#4537,#4538,#296,.T.);
#3691=EDGE_CURVE('',#4537,#4539,#297,.T.);
#3692=EDGE_CURVE('',#4539,#4540,#298,.T.);
#3693=EDGE_CURVE('',#4538,#4540,#299,.T.);
#3694=EDGE_CURVE('',#4538,#4541,#300,.T.);
#3695=EDGE_CURVE('',#4540,#4542,#301,.T.);
#3696=EDGE_CURVE('',#4541,#4542,#302,.T.);
#3697=EDGE_CURVE('',#4543,#4544,#303,.T.);
#3698=EDGE_CURVE('',#4543,#4545,#304,.T.);
#3699=EDGE_CURVE('',#4545,#4546,#305,.T.);
#3700=EDGE_CURVE('',#4544,#4546,#306,.T.);
#3701=EDGE_CURVE('',#4547,#4548,#307,.T.);
#3702=EDGE_CURVE('',#4547,#4543,#308,.T.);
#3703=EDGE_CURVE('',#4548,#4544,#309,.T.);
#3704=EDGE_CURVE('',#4549,#4550,#310,.T.);
#3705=EDGE_CURVE('',#4549,#4551,#311,.T.);
#3706=EDGE_CURVE('',#4551,#4552,#312,.T.);
#3707=EDGE_CURVE('',#4550,#4552,#313,.T.);
#3708=EDGE_CURVE('',#4553,#4553,#5069,.T.);
#3709=EDGE_CURVE('',#4554,#4554,#5070,.T.);
#3710=EDGE_CURVE('',#4555,#4556,#314,.T.);
#3711=EDGE_CURVE('',#4557,#4556,#315,.T.);
#3712=EDGE_CURVE('',#4558,#4557,#316,.T.);
#3713=EDGE_CURVE('',#4558,#4555,#317,.T.);
#3714=EDGE_CURVE('',#4559,#4560,#318,.T.);
#3715=EDGE_CURVE('',#4560,#4561,#319,.T.);
#3716=EDGE_CURVE('',#4562,#4561,#320,.T.);
#3717=EDGE_CURVE('',#4559,#4562,#321,.T.);
#3718=EDGE_CURVE('',#4563,#4564,#322,.T.);
#3719=EDGE_CURVE('',#4565,#4564,#323,.T.);
#3720=EDGE_CURVE('',#4565,#4566,#324,.T.);
#3721=EDGE_CURVE('',#4567,#4566,#325,.T.);
#3722=EDGE_CURVE('',#4568,#4567,#326,.T.);
#3723=EDGE_CURVE('',#4563,#4568,#327,.T.);
#3724=EDGE_CURVE('',#4569,#4570,#328,.T.);
#3725=EDGE_CURVE('',#4569,#4571,#329,.T.);
#3726=EDGE_CURVE('',#4571,#4572,#330,.T.);
#3727=EDGE_CURVE('',#4570,#4572,#331,.T.);
#3728=EDGE_CURVE('',#4573,#4574,#332,.T.);
#3729=EDGE_CURVE('',#4575,#4573,#333,.T.);
#3730=EDGE_CURVE('',#4575,#4576,#334,.T.);
#3731=EDGE_CURVE('',#4576,#4574,#335,.T.);
#3732=EDGE_CURVE('',#4577,#4578,#336,.T.);
#3733=EDGE_CURVE('',#4578,#4579,#337,.T.);
#3734=EDGE_CURVE('',#4580,#4579,#338,.T.);
#3735=EDGE_CURVE('',#4580,#4577,#339,.T.);
#3736=EDGE_CURVE('',#4581,#4582,#340,.T.);
#3737=EDGE_CURVE('',#4581,#4583,#341,.T.);
#3738=EDGE_CURVE('',#4583,#4584,#342,.T.);
#3739=EDGE_CURVE('',#4582,#4584,#343,.T.);
#3740=EDGE_CURVE('',#4585,#4586,#344,.T.);
#3741=EDGE_CURVE('',#4587,#4586,#345,.T.);
#3742=EDGE_CURVE('',#4588,#4587,#346,.T.);
#3743=EDGE_CURVE('',#4588,#4585,#347,.T.);
#3744=EDGE_CURVE('',#4589,#4590,#348,.T.);
#3745=EDGE_CURVE('',#4589,#4591,#349,.T.);
#3746=EDGE_CURVE('',#4591,#4592,#350,.T.);
#3747=EDGE_CURVE('',#4590,#4592,#351,.T.);
#3748=EDGE_CURVE('',#4593,#4594,#352,.T.);
#3749=EDGE_CURVE('',#4593,#4589,#353,.T.);
#3750=EDGE_CURVE('',#4594,#4590,#354,.T.);
#3751=EDGE_CURVE('',#4595,#4596,#355,.T.);
#3752=EDGE_CURVE('',#4595,#4597,#356,.T.);
#3753=EDGE_CURVE('',#4597,#4598,#357,.T.);
#3754=EDGE_CURVE('',#4596,#4598,#358,.T.);
#3755=EDGE_CURVE('',#4596,#4599,#359,.T.);
#3756=EDGE_CURVE('',#4598,#4600,#360,.T.);
#3757=EDGE_CURVE('',#4599,#4600,#361,.T.);
#3758=EDGE_CURVE('',#4601,#4602,#362,.T.);
#3759=EDGE_CURVE('',#4601,#4603,#363,.T.);
#3760=EDGE_CURVE('',#4603,#4604,#364,.T.);
#3761=EDGE_CURVE('',#4602,#4604,#365,.T.);
#3762=EDGE_CURVE('',#4605,#4606,#366,.T.);
#3763=EDGE_CURVE('',#4605,#4607,#367,.T.);
#3764=EDGE_CURVE('',#4607,#4608,#368,.T.);
#3765=EDGE_CURVE('',#4606,#4608,#369,.T.);
#3766=EDGE_CURVE('',#4609,#4609,#5071,.T.);
#3767=EDGE_CURVE('',#4610,#4610,#5072,.T.);
#3768=EDGE_CURVE('',#4611,#4611,#5073,.T.);
#3769=EDGE_CURVE('',#4612,#4612,#5074,.F.);
#3770=EDGE_CURVE('',#4613,#4613,#5075,.T.);
#3771=EDGE_CURVE('',#4614,#4614,#5076,.F.);
#3772=EDGE_CURVE('',#4615,#4615,#5077,.T.);
#3773=EDGE_CURVE('',#4616,#4616,#5078,.T.);
#3774=EDGE_CURVE('',#4617,#4576,#370,.T.);
#3775=EDGE_CURVE('',#4618,#4575,#371,.T.);
#3776=EDGE_CURVE('',#4618,#4617,#372,.T.);
#3777=EDGE_CURVE('',#4619,#4617,#373,.T.);
#3778=EDGE_CURVE('',#4620,#4618,#374,.T.);
#3779=EDGE_CURVE('',#4620,#4619,#375,.T.);
#3780=EDGE_CURVE('',#4621,#4619,#376,.T.);
#3781=EDGE_CURVE('',#4622,#4620,#377,.T.);
#3782=EDGE_CURVE('',#4622,#4621,#378,.T.);
#3783=EDGE_CURVE('',#4623,#4621,#379,.T.);
#3784=EDGE_CURVE('',#4624,#4622,#380,.T.);
#3785=EDGE_CURVE('',#4624,#4623,#381,.T.);
#3786=EDGE_CURVE('',#4625,#4623,#382,.T.);
#3787=EDGE_CURVE('',#4626,#4624,#383,.T.);
#3788=EDGE_CURVE('',#4626,#4625,#384,.T.);
#3789=EDGE_CURVE('',#4627,#4627,#5079,.T.);
#3790=EDGE_CURVE('',#4628,#4628,#5080,.T.);
#3791=EDGE_CURVE('',#4625,#4629,#385,.T.);
#3792=EDGE_CURVE('',#4626,#4630,#386,.T.);
#3793=EDGE_CURVE('',#4630,#4629,#387,.T.);
#3794=EDGE_CURVE('',#4629,#4631,#388,.T.);
#3795=EDGE_CURVE('',#4630,#4632,#389,.T.);
#3796=EDGE_CURVE('',#4632,#4631,#390,.T.);
#3797=EDGE_CURVE('',#4631,#4633,#391,.T.);
#3798=EDGE_CURVE('',#4632,#4634,#392,.T.);
#3799=EDGE_CURVE('',#4634,#4633,#393,.T.);
#3800=EDGE_CURVE('',#4633,#4635,#394,.T.);
#3801=EDGE_CURVE('',#4634,#4636,#395,.T.);
#3802=EDGE_CURVE('',#4636,#4635,#396,.T.);
#3803=EDGE_CURVE('',#4635,#4637,#397,.T.);
#3804=EDGE_CURVE('',#4636,#4638,#398,.T.);
#3805=EDGE_CURVE('',#4638,#4637,#399,.T.);
#3806=EDGE_CURVE('',#4637,#4574,#400,.T.);
#3807=EDGE_CURVE('',#4638,#4573,#401,.T.);
#3808=EDGE_CURVE('',#4639,#4566,#402,.T.);
#3809=EDGE_CURVE('',#4640,#4639,#403,.T.);
#3810=EDGE_CURVE('',#4640,#4641,#404,.T.);
#3811=EDGE_CURVE('',#4641,#4593,#405,.T.);
#3812=EDGE_CURVE('',#4642,#4594,#406,.T.);
#3813=EDGE_CURVE('',#4642,#4567,#407,.T.);
#3814=EDGE_CURVE('',#4643,#4568,#408,.T.);
#3815=EDGE_CURVE('',#4644,#4643,#409,.T.);
#3816=EDGE_CURVE('',#4645,#4644,#410,.T.);
#3817=EDGE_CURVE('',#4645,#4646,#411,.T.);
#3818=EDGE_CURVE('',#4646,#4563,#412,.T.);
#3819=EDGE_CURVE('',#4592,#4642,#413,.T.);
#3820=EDGE_CURVE('',#4591,#4641,#414,.T.);
#3821=EDGE_CURVE('',#4643,#4640,#415,.T.);
#3822=EDGE_CURVE('',#4639,#4644,#416,.T.);
#3823=EDGE_CURVE('',#4647,#4578,#417,.T.);
#3824=EDGE_CURVE('',#4647,#4597,#418,.T.);
#3825=EDGE_CURVE('',#4648,#4595,#419,.T.);
#3826=EDGE_CURVE('',#4649,#4648,#420,.T.);
#3827=EDGE_CURVE('',#4649,#4650,#421,.T.);
#3828=EDGE_CURVE('',#4650,#4579,#422,.T.);
#3829=EDGE_CURVE('',#4651,#4577,#423,.T.);
#3830=EDGE_CURVE('',#4651,#4649,#424,.T.);
#3831=EDGE_CURVE('',#4599,#4648,#425,.T.);
#3832=EDGE_CURVE('',#4600,#4647,#426,.T.);
#3833=EDGE_CURVE('',#4652,#4580,#427,.T.);
#3834=EDGE_CURVE('',#4652,#4651,#428,.T.);
#3835=EDGE_CURVE('',#4652,#4650,#429,.T.);
#3836=EDGE_CURVE('',#4653,#4584,#430,.T.);
#3837=EDGE_CURVE('',#4654,#4653,#431,.T.);
#3838=EDGE_CURVE('',#4654,#4655,#432,.T.);
#3839=EDGE_CURVE('',#4655,#4601,#433,.T.);
#3840=EDGE_CURVE('',#4656,#4602,#434,.T.);
#3841=EDGE_CURVE('',#4656,#4582,#435,.T.);
#3842=EDGE_CURVE('',#4657,#4583,#436,.T.);
#3843=EDGE_CURVE('',#4657,#4653,#437,.T.);
#3844=EDGE_CURVE('',#4658,#4581,#438,.T.);
#3845=EDGE_CURVE('',#4604,#4658,#439,.T.);
#3846=EDGE_CURVE('',#4603,#4659,#440,.T.);
#3847=EDGE_CURVE('',#4660,#4659,#441,.T.);
#3848=EDGE_CURVE('',#4660,#4657,#442,.T.);
#3849=EDGE_CURVE('',#4660,#4654,#443,.T.);
#3850=EDGE_CURVE('',#4661,#4571,#444,.T.);
#3851=EDGE_CURVE('',#4661,#4607,#445,.T.);
#3852=EDGE_CURVE('',#4662,#4605,#446,.T.);
#3853=EDGE_CURVE('',#4663,#4662,#447,.T.);
#3854=EDGE_CURVE('',#4663,#4664,#448,.T.);
#3855=EDGE_CURVE('',#4664,#4572,#449,.T.);
#3856=EDGE_CURVE('',#4665,#4570,#450,.T.);
#3857=EDGE_CURVE('',#4666,#4665,#451,.T.);
#3858=EDGE_CURVE('',#4666,#4667,#452,.T.);
#3859=EDGE_CURVE('',#4606,#4667,#453,.T.);
#3860=EDGE_CURVE('',#4608,#4668,#454,.T.);
#3861=EDGE_CURVE('',#4668,#4569,#455,.T.);
#3862=EDGE_CURVE('',#4665,#4664,#456,.T.);
#3863=EDGE_CURVE('',#4666,#4663,#457,.T.);
#3864=EDGE_CURVE('',#4658,#4656,#458,.T.);
#3865=EDGE_CURVE('',#4668,#4661,#459,.T.);
#3866=EDGE_CURVE('',#4667,#4662,#460,.T.);
#3867=EDGE_CURVE('',#4659,#4655,#461,.T.);
#3868=EDGE_CURVE('',#4669,#4562,#462,.T.);
#3869=EDGE_CURVE('',#4670,#4669,#463,.T.);
#3870=EDGE_CURVE('',#4670,#4559,#464,.T.);
#3871=EDGE_CURVE('',#4671,#4561,#465,.T.);
#3872=EDGE_CURVE('',#4671,#4535,#466,.T.);
#3873=EDGE_CURVE('',#4672,#4533,#467,.T.);
#3874=EDGE_CURVE('',#4673,#4672,#468,.T.);
#3875=EDGE_CURVE('',#4669,#4673,#469,.T.);
#3876=EDGE_CURVE('',#4670,#4674,#470,.T.);
#3877=EDGE_CURVE('',#4674,#4675,#471,.T.);
#3878=EDGE_CURVE('',#4534,#4675,#472,.T.);
#3879=EDGE_CURVE('',#4536,#4676,#473,.T.);
#3880=EDGE_CURVE('',#4676,#4560,#474,.T.);
#3881=EDGE_CURVE('',#4674,#4673,#475,.T.);
#3882=EDGE_CURVE('',#4677,#4565,#476,.T.);
#3883=EDGE_CURVE('',#4677,#4645,#477,.T.);
#3884=EDGE_CURVE('',#4678,#4564,#478,.T.);
#3885=EDGE_CURVE('',#4678,#4539,#479,.T.);
#3886=EDGE_CURVE('',#4679,#4537,#480,.T.);
#3887=EDGE_CURVE('',#4680,#4679,#481,.T.);
#3888=EDGE_CURVE('',#4677,#4680,#482,.T.);
#3889=EDGE_CURVE('',#4646,#4680,#483,.T.);
#3890=EDGE_CURVE('',#4541,#4679,#484,.T.);
#3891=EDGE_CURVE('',#4542,#4678,#485,.T.);
#3892=EDGE_CURVE('',#4681,#4558,#486,.T.);
#3893=EDGE_CURVE('',#4681,#4682,#487,.T.);
#3894=EDGE_CURVE('',#4682,#4555,#488,.T.);
#3895=EDGE_CURVE('',#4683,#4557,#489,.T.);
#3896=EDGE_CURVE('',#4681,#4683,#490,.T.);
#3897=EDGE_CURVE('',#4684,#4556,#491,.T.);
#3898=EDGE_CURVE('',#4546,#4684,#492,.T.);
#3899=EDGE_CURVE('',#4545,#4685,#493,.T.);
#3900=EDGE_CURVE('',#4686,#4685,#494,.T.);
#3901=EDGE_CURVE('',#4683,#4686,#495,.T.);
#3902=EDGE_CURVE('',#4682,#4686,#496,.T.);
#3903=EDGE_CURVE('',#4685,#4547,#497,.T.);
#3904=EDGE_CURVE('',#4684,#4548,#498,.T.);
#3905=EDGE_CURVE('',#4687,#4585,#499,.T.);
#3906=EDGE_CURVE('',#4687,#4688,#500,.T.);
#3907=EDGE_CURVE('',#4688,#4689,#501,.T.);
#3908=EDGE_CURVE('',#4689,#4549,#502,.T.);
#3909=EDGE_CURVE('',#4690,#4550,#503,.T.);
#3910=EDGE_CURVE('',#4690,#4586,#504,.T.);
#3911=EDGE_CURVE('',#4691,#4588,#505,.T.);
#3912=EDGE_CURVE('',#4691,#4687,#506,.T.);
#3913=EDGE_CURVE('',#4692,#4587,#507,.T.);
#3914=EDGE_CURVE('',#4552,#4692,#508,.T.);
#3915=EDGE_CURVE('',#4551,#4693,#509,.T.);
#3916=EDGE_CURVE('',#4694,#4693,#510,.T.);
#3917=EDGE_CURVE('',#4691,#4694,#511,.T.);
#3918=EDGE_CURVE('',#4694,#4688,#512,.T.);
#3919=EDGE_CURVE('',#4676,#4671,#513,.T.);
#3920=EDGE_CURVE('',#4692,#4690,#514,.T.);
#3921=EDGE_CURVE('',#4693,#4689,#515,.T.);
#3922=EDGE_CURVE('',#4675,#4672,#516,.T.);
#3923=EDGE_CURVE('',#4695,#4696,#517,.T.);
#3924=EDGE_CURVE('',#4697,#4695,#518,.T.);
#3925=EDGE_CURVE('',#4698,#4697,#519,.T.);
#3926=EDGE_CURVE('',#4696,#4698,#520,.T.);
#3927=EDGE_CURVE('',#4699,#4700,#521,.T.);
#3928=EDGE_CURVE('',#4700,#4701,#522,.T.);
#3929=EDGE_CURVE('',#4702,#4701,#523,.T.);
#3930=EDGE_CURVE('',#4699,#4702,#524,.T.);
#3931=EDGE_CURVE('',#4703,#4704,#525,.T.);
#3932=EDGE_CURVE('',#4705,#4703,#526,.T.);
#3933=EDGE_CURVE('',#4705,#4706,#527,.T.);
#3934=EDGE_CURVE('',#4707,#4706,#14,.F.);
#3935=EDGE_CURVE('',#4707,#4708,#528,.T.);
#3936=EDGE_CURVE('',#4709,#4708,#529,.T.);
#3937=EDGE_CURVE('',#4710,#4709,#530,.T.);
#3938=EDGE_CURVE('',#4711,#4710,#15,.F.);
#3939=EDGE_CURVE('',#4712,#4711,#531,.T.);
#3940=EDGE_CURVE('',#4713,#4712,#532,.T.);
#3941=EDGE_CURVE('',#4714,#4713,#533,.T.);
#3942=EDGE_CURVE('',#4704,#4714,#534,.T.);
#3943=EDGE_CURVE('',#4703,#4715,#535,.T.);
#3944=EDGE_CURVE('',#4715,#4712,#536,.T.);
#3945=EDGE_CURVE('',#4711,#4716,#16,.F.);
#3946=EDGE_CURVE('',#4716,#4717,#537,.T.);
#3947=EDGE_CURVE('',#4717,#4705,#538,.T.);
#3948=EDGE_CURVE('',#4718,#4718,#5081,.T.);
#3949=EDGE_CURVE('',#4719,#4719,#5082,.T.);
#3950=EDGE_CURVE('',#4720,#4720,#5083,.T.);
#3951=EDGE_CURVE('',#4721,#4722,#539,.T.);
#3952=EDGE_CURVE('',#4721,#4723,#540,.T.);
#3953=EDGE_CURVE('',#4723,#4724,#541,.T.);
#3954=EDGE_CURVE('',#4725,#4724,#542,.T.);
#3955=EDGE_CURVE('',#4726,#4725,#543,.T.);
#3956=EDGE_CURVE('',#4722,#4726,#544,.T.);
#3957=EDGE_CURVE('',#4727,#4728,#545,.T.);
#3958=EDGE_CURVE('',#4728,#4729,#546,.T.);
#3959=EDGE_CURVE('',#4729,#4730,#547,.T.);
#3960=EDGE_CURVE('',#4731,#4730,#548,.T.);
#3961=EDGE_CURVE('',#4732,#4731,#549,.T.);
#3962=EDGE_CURVE('',#4732,#4727,#550,.T.);
#3963=EDGE_CURVE('',#4716,#4733,#551,.T.);
#3964=EDGE_CURVE('',#4734,#4733,#552,.T.);
#3965=EDGE_CURVE('',#4735,#4734,#553,.T.);
#3966=EDGE_CURVE('',#4736,#4735,#554,.T.);
#3967=EDGE_CURVE('',#4736,#4737,#555,.T.);
#3968=EDGE_CURVE('',#4737,#4738,#556,.T.);
#3969=EDGE_CURVE('',#4739,#4738,#557,.T.);
#3970=EDGE_CURVE('',#4740,#4739,#558,.T.);
#3971=EDGE_CURVE('',#4740,#4741,#559,.T.);
#3972=EDGE_CURVE('',#4742,#4741,#560,.T.);
#3973=EDGE_CURVE('',#4743,#4742,#561,.T.);
#3974=EDGE_CURVE('',#4743,#4717,#562,.T.);
#3975=EDGE_CURVE('',#4744,#4745,#563,.T.);
#3976=EDGE_CURVE('',#4744,#4746,#564,.T.);
#3977=EDGE_CURVE('',#4746,#4747,#565,.T.);
#3978=EDGE_CURVE('',#4745,#4747,#566,.T.);
#3979=EDGE_CURVE('',#4748,#4749,#567,.T.);
#3980=EDGE_CURVE('',#4748,#4750,#568,.T.);
#3981=EDGE_CURVE('',#4750,#4751,#569,.T.);
#3982=EDGE_CURVE('',#4749,#4751,#570,.T.);
#3983=EDGE_CURVE('',#4752,#4753,#571,.T.);
#3984=EDGE_CURVE('',#4753,#4754,#17,.F.);
#3985=EDGE_CURVE('',#4754,#4755,#572,.T.);
#3986=EDGE_CURVE('',#4755,#4756,#573,.T.);
#3987=EDGE_CURVE('',#4756,#4757,#574,.T.);
#3988=EDGE_CURVE('',#4758,#4757,#575,.T.);
#3989=EDGE_CURVE('',#4758,#4759,#576,.T.);
#3990=EDGE_CURVE('',#4759,#4752,#577,.T.);
#3991=EDGE_CURVE('',#4760,#4761,#578,.T.);
#3992=EDGE_CURVE('',#4761,#4762,#579,.T.);
#3993=EDGE_CURVE('',#4762,#4763,#580,.T.);
#3994=EDGE_CURVE('',#4763,#4760,#581,.T.);
#3995=EDGE_CURVE('',#4756,#4764,#582,.T.);
#3996=EDGE_CURVE('',#4764,#4765,#583,.T.);
#3997=EDGE_CURVE('',#4765,#4766,#584,.T.);
#3998=EDGE_CURVE('',#4766,#4767,#585,.T.);
#3999=EDGE_CURVE('',#4767,#4768,#586,.T.);
#4000=EDGE_CURVE('',#4768,#4769,#587,.T.);
#4001=EDGE_CURVE('',#4770,#4769,#18,.F.);
#4002=EDGE_CURVE('',#4770,#4709,#588,.T.);
#4003=EDGE_CURVE('',#4771,#4708,#589,.T.);
#4004=EDGE_CURVE('',#4753,#4771,#19,.F.);
#4005=EDGE_CURVE('',#4772,#4752,#590,.T.);
#4006=EDGE_CURVE('',#4772,#4773,#591,.T.);
#4007=EDGE_CURVE('',#4773,#4757,#592,.T.);
#4008=EDGE_CURVE('',#4710,#4774,#593,.T.);
#4009=EDGE_CURVE('',#4770,#4775,#594,.T.);
#4010=EDGE_CURVE('',#4775,#4774,#595,.T.);
#4011=EDGE_CURVE('',#4707,#4776,#596,.T.);
#4012=EDGE_CURVE('',#4777,#4776,#597,.T.);
#4013=EDGE_CURVE('',#4771,#4777,#598,.T.);
#4014=EDGE_CURVE('',#4778,#4778,#5084,.T.);
#4015=EDGE_CURVE('',#4779,#4779,#5085,.T.);
#4016=EDGE_CURVE('',#4780,#4780,#5086,.T.);
#4017=EDGE_CURVE('',#4781,#4781,#5087,.T.);
#4018=EDGE_CURVE('',#4782,#4783,#599,.T.);
#4019=EDGE_CURVE('',#4782,#4777,#600,.T.);
#4020=EDGE_CURVE('',#4776,#4740,#601,.T.);
#4021=EDGE_CURVE('',#4784,#4739,#602,.T.);
#4022=EDGE_CURVE('',#4785,#4784,#603,.T.);
#4023=EDGE_CURVE('',#4786,#4785,#604,.T.);
#4024=EDGE_CURVE('',#4787,#4786,#605,.T.);
#4025=EDGE_CURVE('',#4787,#4788,#606,.T.);
#4026=EDGE_CURVE('',#4788,#4789,#607,.T.);
#4027=EDGE_CURVE('',#4789,#4790,#608,.T.);
#4028=EDGE_CURVE('',#4790,#4791,#609,.T.);
#4029=EDGE_CURVE('',#4791,#4783,#610,.T.);
#4030=EDGE_CURVE('',#4792,#4792,#5088,.T.);
#4031=EDGE_CURVE('',#4793,#4793,#5089,.T.);
#4032=EDGE_CURVE('',#4794,#4794,#5090,.T.);
#4033=EDGE_CURVE('',#4795,#4795,#5091,.F.);
#4034=EDGE_CURVE('',#4796,#4796,#5092,.T.);
#4035=EDGE_CURVE('',#4797,#4797,#5093,.F.);
#4036=EDGE_CURVE('',#4798,#4798,#5094,.T.);
#4037=EDGE_CURVE('',#4799,#4799,#5095,.T.);
#4038=EDGE_CURVE('',#4800,#4800,#5096,.F.);
#4039=EDGE_CURVE('',#4801,#4801,#5097,.T.);
#4040=EDGE_CURVE('',#4802,#4802,#5098,.T.);
#4041=EDGE_CURVE('',#4803,#4803,#5099,.F.);
#4042=EDGE_CURVE('',#4804,#4805,#611,.T.);
#4043=EDGE_CURVE('',#4805,#4806,#612,.T.);
#4044=EDGE_CURVE('',#4806,#4807,#613,.T.);
#4045=EDGE_CURVE('',#4807,#4808,#614,.T.);
#4046=EDGE_CURVE('',#4809,#4808,#615,.T.);
#4047=EDGE_CURVE('',#4810,#4809,#616,.T.);
#4048=EDGE_CURVE('',#4810,#4811,#617,.T.);
#4049=EDGE_CURVE('',#4804,#4811,#618,.T.);
#4050=EDGE_CURVE('',#4806,#4812,#619,.T.);
#4051=EDGE_CURVE('',#4812,#4813,#620,.T.);
#4052=EDGE_CURVE('',#4813,#4814,#621,.T.);
#4053=EDGE_CURVE('',#4814,#4815,#622,.T.);
#4054=EDGE_CURVE('',#4815,#4816,#623,.T.);
#4055=EDGE_CURVE('',#4817,#4816,#624,.T.);
#4056=EDGE_CURVE('',#4818,#4817,#625,.T.);
#4057=EDGE_CURVE('',#4819,#4818,#626,.T.);
#4058=EDGE_CURVE('',#4820,#4819,#627,.T.);
#4059=EDGE_CURVE('',#4820,#4821,#628,.T.);
#4060=EDGE_CURVE('',#4807,#4821,#629,.T.);
#4061=EDGE_CURVE('',#4811,#4822,#630,.T.);
#4062=EDGE_CURVE('',#4810,#4823,#631,.T.);
#4063=EDGE_CURVE('',#4823,#4824,#632,.T.);
#4064=EDGE_CURVE('',#4824,#4825,#633,.T.);
#4065=EDGE_CURVE('',#4825,#4826,#634,.T.);
#4066=EDGE_CURVE('',#4826,#4827,#635,.T.);
#4067=EDGE_CURVE('',#4827,#4738,#636,.T.);
#4068=EDGE_CURVE('',#4828,#4737,#637,.T.);
#4069=EDGE_CURVE('',#4829,#4828,#638,.T.);
#4070=EDGE_CURVE('',#4822,#4829,#639,.T.);
#4071=EDGE_CURVE('',#4830,#4775,#640,.T.);
#4072=EDGE_CURVE('',#4831,#4830,#641,.T.);
#4073=EDGE_CURVE('',#4832,#4831,#642,.T.);
#4074=EDGE_CURVE('',#4833,#4832,#643,.T.);
#4075=EDGE_CURVE('',#4834,#4833,#644,.T.);
#4076=EDGE_CURVE('',#4805,#4834,#645,.T.);
#4077=EDGE_CURVE('',#4804,#4835,#646,.T.);
#4078=EDGE_CURVE('',#4835,#4836,#647,.T.);
#4079=EDGE_CURVE('',#4836,#4837,#648,.T.);
#4080=EDGE_CURVE('',#4837,#4736,#649,.T.);
#4081=EDGE_CURVE('',#4774,#4735,#650,.T.);
#4082=EDGE_CURVE('',#4733,#4838,#5100,.T.);
#4083=EDGE_CURVE('',#4734,#4838,#651,.T.);
#4084=EDGE_CURVE('',#4741,#4839,#652,.T.);
#4085=EDGE_CURVE('',#4839,#4742,#5101,.T.);
#4086=EDGE_CURVE('',#4840,#4841,#653,.T.);
#4087=EDGE_CURVE('',#4840,#4842,#5102,.T.);
#4088=EDGE_CURVE('',#4842,#4841,#654,.T.);
#4089=EDGE_CURVE('',#4843,#4844,#655,.T.);
#4090=EDGE_CURVE('',#4843,#4845,#5103,.T.);
#4091=EDGE_CURVE('',#4844,#4845,#656,.T.);
#4092=EDGE_CURVE('',#4808,#4846,#657,.T.);
#4093=EDGE_CURVE('',#4847,#4846,#658,.T.);
#4094=EDGE_CURVE('',#4809,#4847,#659,.T.);
#4095=EDGE_CURVE('',#4848,#4848,#5104,.T.);
#4096=EDGE_CURVE('',#4849,#4849,#5105,.T.);
#4097=EDGE_CURVE('',#4850,#4851,#660,.T.);
#4098=EDGE_CURVE('',#4850,#4852,#661,.T.);
#4099=EDGE_CURVE('',#4852,#4853,#662,.T.);
#4100=EDGE_CURVE('',#4854,#4853,#663,.T.);
#4101=EDGE_CURVE('',#4855,#4854,#664,.T.);
#4102=EDGE_CURVE('',#4851,#4855,#665,.T.);
#4103=EDGE_CURVE('',#4856,#4857,#666,.T.);
#4104=EDGE_CURVE('',#4856,#4858,#667,.T.);
#4105=EDGE_CURVE('',#4859,#4858,#668,.T.);
#4106=EDGE_CURVE('',#4860,#4859,#669,.T.);
#4107=EDGE_CURVE('',#4861,#4860,#670,.T.);
#4108=EDGE_CURVE('',#4857,#4861,#671,.T.);
#4109=EDGE_CURVE('',#4862,#4863,#672,.T.);
#4110=EDGE_CURVE('',#4863,#4864,#673,.T.);
#4111=EDGE_CURVE('',#4865,#4864,#674,.T.);
#4112=EDGE_CURVE('',#4865,#4866,#675,.T.);
#4113=EDGE_CURVE('',#4867,#4866,#676,.T.);
#4114=EDGE_CURVE('',#4867,#4862,#677,.T.);
#4115=EDGE_CURVE('',#4868,#4869,#678,.T.);
#4116=EDGE_CURVE('',#4869,#4870,#679,.T.);
#4117=EDGE_CURVE('',#4870,#4871,#680,.T.);
#4118=EDGE_CURVE('',#4871,#4872,#681,.T.);
#4119=EDGE_CURVE('',#4873,#4872,#682,.T.);
#4120=EDGE_CURVE('',#4868,#4873,#683,.T.);
#4121=EDGE_CURVE('',#4754,#4840,#684,.T.);
#4122=EDGE_CURVE('',#4782,#4841,#685,.T.);
#4123=EDGE_CURVE('',#4783,#4816,#686,.T.);
#4124=EDGE_CURVE('',#4831,#4815,#687,.T.);
#4125=EDGE_CURVE('',#4830,#4844,#688,.T.);
#4126=EDGE_CURVE('',#4874,#4845,#689,.T.);
#4127=EDGE_CURVE('',#4874,#4755,#690,.T.);
#4128=EDGE_CURVE('',#4875,#4875,#5106,.T.);
#4129=EDGE_CURVE('',#4876,#4876,#5107,.T.);
#4130=EDGE_CURVE('',#4821,#4846,#691,.T.);
#4131=EDGE_CURVE('',#4877,#4877,#5108,.T.);
#4132=EDGE_CURVE('',#4878,#4878,#5109,.T.);
#4133=EDGE_CURVE('',#4879,#4879,#5110,.T.);
#4134=EDGE_CURVE('',#4823,#4847,#692,.T.);
#4135=EDGE_CURVE('',#4787,#4824,#693,.T.);
#4136=EDGE_CURVE('',#4788,#4820,#694,.T.);
#4137=EDGE_CURVE('',#4784,#4827,#695,.T.);
#4138=EDGE_CURVE('',#4785,#4826,#696,.T.);
#4139=EDGE_CURVE('',#4786,#4825,#697,.T.);
#4140=EDGE_CURVE('',#4789,#4819,#698,.T.);
#4141=EDGE_CURVE('',#4790,#4818,#699,.T.);
#4142=EDGE_CURVE('',#4791,#4817,#700,.T.);
#4143=EDGE_CURVE('',#4834,#4812,#701,.T.);
#4144=EDGE_CURVE('',#4835,#4822,#702,.T.);
#4145=EDGE_CURVE('',#4836,#4829,#703,.T.);
#4146=EDGE_CURVE('',#4837,#4828,#704,.T.);
#4147=EDGE_CURVE('',#4832,#4814,#705,.T.);
#4148=EDGE_CURVE('',#4833,#4813,#706,.T.);
#4149=EDGE_CURVE('',#4764,#4880,#707,.T.);
#4150=EDGE_CURVE('',#4874,#4769,#20,.F.);
#4151=EDGE_CURVE('',#4880,#4768,#708,.T.);
#4152=EDGE_CURVE('',#4743,#4706,#21,.F.);
#4153=EDGE_CURVE('',#4881,#4881,#5111,.T.);
#4154=EDGE_CURVE('',#4882,#4882,#22,.T.);
#4155=EDGE_CURVE('',#4883,#4884,#709,.T.);
#4156=EDGE_CURVE('',#4884,#4885,#710,.T.);
#4157=EDGE_CURVE('',#4886,#4885,#711,.T.);
#4158=EDGE_CURVE('',#4883,#4886,#712,.T.);
#4159=EDGE_CURVE('',#4883,#4758,#713,.T.);
#4160=EDGE_CURVE('',#4886,#4759,#714,.T.);
#4161=EDGE_CURVE('',#4885,#4772,#715,.T.);
#4162=EDGE_CURVE('',#4884,#4773,#716,.T.);
#4163=EDGE_CURVE('',#4887,#4887,#5112,.T.);
#4164=EDGE_CURVE('',#4888,#4888,#23,.T.);
#4165=EDGE_CURVE('',#4889,#4890,#717,.T.);
#4166=EDGE_CURVE('',#4890,#4891,#718,.T.);
#4167=EDGE_CURVE('',#4892,#4891,#719,.T.);
#4168=EDGE_CURVE('',#4889,#4892,#720,.T.);
#4169=EDGE_CURVE('',#4892,#4702,#721,.T.);
#4170=EDGE_CURVE('',#4889,#4701,#722,.T.);
#4171=EDGE_CURVE('',#4891,#4699,#723,.T.);
#4172=EDGE_CURVE('',#4890,#4700,#724,.T.);
#4173=EDGE_CURVE('',#4776,#4839,#725,.T.);
#4174=EDGE_CURVE('',#4774,#4838,#726,.T.);
#4175=EDGE_CURVE('',#4775,#4843,#727,.T.);
#4176=EDGE_CURVE('',#4777,#4842,#728,.T.);
#4177=EDGE_CURVE('',#4893,#4869,#729,.T.);
#4178=EDGE_CURVE('',#4893,#4894,#730,.T.);
#4179=EDGE_CURVE('',#4894,#4870,#731,.T.);
#4180=EDGE_CURVE('',#4895,#4868,#732,.T.);
#4181=EDGE_CURVE('',#4895,#4893,#733,.T.);
#4182=EDGE_CURVE('',#4896,#4873,#734,.T.);
#4183=EDGE_CURVE('',#4895,#4896,#735,.T.);
#4184=EDGE_CURVE('',#4897,#4872,#736,.T.);
#4185=EDGE_CURVE('',#4896,#4897,#737,.T.);
#4186=EDGE_CURVE('',#4898,#4871,#738,.T.);
#4187=EDGE_CURVE('',#4898,#4897,#739,.T.);
#4188=EDGE_CURVE('',#4894,#4898,#740,.T.);
#4189=EDGE_CURVE('',#4899,#4863,#741,.T.);
#4190=EDGE_CURVE('',#4899,#4900,#742,.T.);
#4191=EDGE_CURVE('',#4900,#4864,#743,.T.);
#4192=EDGE_CURVE('',#4901,#4862,#744,.T.);
#4193=EDGE_CURVE('',#4901,#4899,#745,.T.);
#4194=EDGE_CURVE('',#4902,#4867,#746,.T.);
#4195=EDGE_CURVE('',#4902,#4901,#747,.T.);
#4196=EDGE_CURVE('',#4903,#4866,#748,.T.);
#4197=EDGE_CURVE('',#4902,#4903,#749,.T.);
#4198=EDGE_CURVE('',#4904,#4865,#750,.T.);
#4199=EDGE_CURVE('',#4904,#4903,#751,.T.);
#4200=EDGE_CURVE('',#4904,#4900,#752,.T.);
#4201=EDGE_CURVE('',#4905,#4856,#753,.T.);
#4202=EDGE_CURVE('',#4905,#4906,#754,.T.);
#4203=EDGE_CURVE('',#4906,#4858,#755,.T.);
#4204=EDGE_CURVE('',#4907,#4857,#756,.T.);
#4205=EDGE_CURVE('',#4905,#4907,#757,.T.);
#4206=EDGE_CURVE('',#4908,#4861,#758,.T.);
#4207=EDGE_CURVE('',#4907,#4908,#759,.T.);
#4208=EDGE_CURVE('',#4909,#4860,#760,.T.);
#4209=EDGE_CURVE('',#4908,#4909,#761,.T.);
#4210=EDGE_CURVE('',#4910,#4859,#762,.T.);
#4211=EDGE_CURVE('',#4909,#4910,#763,.T.);
#4212=EDGE_CURVE('',#4910,#4906,#764,.T.);
#4213=EDGE_CURVE('',#4911,#4850,#765,.T.);
#4214=EDGE_CURVE('',#4911,#4912,#766,.T.);
#4215=EDGE_CURVE('',#4912,#4852,#767,.T.);
#4216=EDGE_CURVE('',#4913,#4851,#768,.T.);
#4217=EDGE_CURVE('',#4911,#4913,#769,.T.);
#4218=EDGE_CURVE('',#4914,#4855,#770,.T.);
#4219=EDGE_CURVE('',#4913,#4914,#771,.T.);
#4220=EDGE_CURVE('',#4915,#4854,#772,.T.);
#4221=EDGE_CURVE('',#4914,#4915,#773,.T.);
#4222=EDGE_CURVE('',#4916,#4853,#774,.T.);
#4223=EDGE_CURVE('',#4915,#4916,#775,.T.);
#4224=EDGE_CURVE('',#4912,#4916,#776,.T.);
#4225=EDGE_CURVE('',#4917,#4918,#777,.T.);
#4226=EDGE_CURVE('',#4919,#4917,#778,.T.);
#4227=EDGE_CURVE('',#4919,#4920,#779,.T.);
#4228=EDGE_CURVE('',#4920,#4918,#780,.T.);
#4229=EDGE_CURVE('',#4921,#4749,#781,.T.);
#4230=EDGE_CURVE('',#4919,#4921,#782,.T.);
#4231=EDGE_CURVE('',#4922,#4917,#783,.T.);
#4232=EDGE_CURVE('',#4922,#4748,#784,.T.);
#4233=EDGE_CURVE('',#4923,#4751,#785,.T.);
#4234=EDGE_CURVE('',#4921,#4923,#786,.T.);
#4235=EDGE_CURVE('',#4924,#4750,#787,.T.);
#4236=EDGE_CURVE('',#4924,#4923,#788,.T.);
#4237=EDGE_CURVE('',#4925,#4922,#789,.T.);
#4238=EDGE_CURVE('',#4926,#4925,#790,.T.);
#4239=EDGE_CURVE('',#4926,#4924,#791,.T.);
#4240=EDGE_CURVE('',#4918,#4925,#792,.T.);
#4241=EDGE_CURVE('',#4920,#4926,#793,.T.);
#4242=EDGE_CURVE('',#4927,#4728,#794,.T.);
#4243=EDGE_CURVE('',#4927,#4928,#795,.T.);
#4244=EDGE_CURVE('',#4929,#4928,#796,.T.);
#4245=EDGE_CURVE('',#4929,#4930,#797,.T.);
#4246=EDGE_CURVE('',#4930,#4729,#798,.T.);
#4247=EDGE_CURVE('',#4928,#4931,#799,.T.);
#4248=EDGE_CURVE('',#4932,#4931,#800,.T.);
#4249=EDGE_CURVE('',#4929,#4932,#801,.T.);
#4250=EDGE_CURVE('',#4931,#4933,#802,.T.);
#4251=EDGE_CURVE('',#4934,#4933,#803,.T.);
#4252=EDGE_CURVE('',#4932,#4934,#804,.T.);
#4253=EDGE_CURVE('',#4935,#4731,#805,.T.);
#4254=EDGE_CURVE('',#4934,#4935,#806,.T.);
#4255=EDGE_CURVE('',#4933,#4732,#807,.T.);
#4256=EDGE_CURVE('',#4936,#4730,#808,.T.);
#4257=EDGE_CURVE('',#4935,#4936,#809,.T.);
#4258=EDGE_CURVE('',#4930,#4936,#810,.T.);
#4259=EDGE_CURVE('',#4937,#4723,#811,.T.);
#4260=EDGE_CURVE('',#4937,#4938,#812,.T.);
#4261=EDGE_CURVE('',#4938,#4724,#813,.T.);
#4262=EDGE_CURVE('',#4939,#4721,#814,.T.);
#4263=EDGE_CURVE('',#4940,#4939,#815,.T.);
#4264=EDGE_CURVE('',#4940,#4937,#816,.T.);
#4265=EDGE_CURVE('',#4941,#4939,#817,.T.);
#4266=EDGE_CURVE('',#4942,#4941,#818,.T.);
#4267=EDGE_CURVE('',#4942,#4940,#819,.T.);
#4268=EDGE_CURVE('',#4943,#4941,#820,.T.);
#4269=EDGE_CURVE('',#4944,#4943,#821,.T.);
#4270=EDGE_CURVE('',#4944,#4942,#822,.T.);
#4271=EDGE_CURVE('',#4945,#4725,#823,.T.);
#4272=EDGE_CURVE('',#4944,#4945,#824,.T.);
#4273=EDGE_CURVE('',#4946,#4943,#825,.T.);
#4274=EDGE_CURVE('',#4946,#4726,#826,.T.);
#4275=EDGE_CURVE('',#4945,#4938,#827,.T.);
#4276=EDGE_CURVE('',#4947,#4948,#828,.T.);
#4277=EDGE_CURVE('',#4948,#4949,#829,.T.);
#4278=EDGE_CURVE('',#4950,#4949,#830,.T.);
#4279=EDGE_CURVE('',#4947,#4950,#831,.T.);
#4280=EDGE_CURVE('',#4951,#4745,#832,.T.);
#4281=EDGE_CURVE('',#4950,#4951,#833,.T.);
#4282=EDGE_CURVE('',#4949,#4952,#834,.T.);
#4283=EDGE_CURVE('',#4952,#4744,#835,.T.);
#4284=EDGE_CURVE('',#4953,#4747,#836,.T.);
#4285=EDGE_CURVE('',#4951,#4953,#837,.T.);
#4286=EDGE_CURVE('',#4954,#4746,#838,.T.);
#4287=EDGE_CURVE('',#4954,#4953,#839,.T.);
#4288=EDGE_CURVE('',#4952,#4955,#840,.T.);
#4289=EDGE_CURVE('',#4956,#4955,#841,.T.);
#4290=EDGE_CURVE('',#4956,#4954,#842,.T.);
#4291=EDGE_CURVE('',#4955,#4948,#843,.T.);
#4292=EDGE_CURVE('',#4956,#4947,#844,.T.);
#4293=EDGE_CURVE('',#4957,#4957,#5113,.T.);
#4294=EDGE_CURVE('',#4958,#4958,#5114,.F.);
#4295=EDGE_CURVE('',#4939,#4959,#845,.T.);
#4296=EDGE_CURVE('',#4959,#4722,#846,.T.);
#4297=EDGE_CURVE('',#4959,#4946,#847,.T.);
#4298=EDGE_CURVE('',#4960,#4960,#5115,.T.);
#4299=EDGE_CURVE('',#4961,#4961,#5116,.F.);
#4300=EDGE_CURVE('',#4962,#4962,#5117,.T.);
#4301=EDGE_CURVE('',#4963,#4963,#5118,.T.);
#4302=EDGE_CURVE('',#4933,#4964,#848,.T.);
#4303=EDGE_CURVE('',#4964,#4727,#849,.T.);
#4304=EDGE_CURVE('',#4964,#4927,#850,.T.);
#4305=EDGE_CURVE('',#4965,#4965,#5119,.T.);
#4306=EDGE_CURVE('',#4966,#4966,#5120,.T.);
#4307=EDGE_CURVE('',#4967,#4967,#5121,.T.);
#4308=EDGE_CURVE('',#4968,#4968,#5122,.T.);
#4309=EDGE_CURVE('',#4969,#4970,#851,.T.);
#4310=EDGE_CURVE('',#4970,#4971,#852,.T.);
#4311=EDGE_CURVE('',#4972,#4971,#853,.T.);
#4312=EDGE_CURVE('',#4969,#4972,#854,.T.);
#4313=EDGE_CURVE('',#4971,#4973,#855,.T.);
#4314=EDGE_CURVE('',#4974,#4973,#856,.T.);
#4315=EDGE_CURVE('',#4972,#4974,#857,.T.);
#4316=EDGE_CURVE('',#4975,#4765,#858,.T.);
#4317=EDGE_CURVE('',#4975,#4976,#859,.T.);
#4318=EDGE_CURVE('',#4976,#4766,#860,.T.);
#4319=EDGE_CURVE('',#4976,#4977,#861,.T.);
#4320=EDGE_CURVE('',#4977,#4767,#862,.T.);
#4321=EDGE_CURVE('',#4973,#4978,#863,.T.);
#4322=EDGE_CURVE('',#4979,#4978,#864,.T.);
#4323=EDGE_CURVE('',#4974,#4979,#865,.T.);
#4324=EDGE_CURVE('',#4980,#4880,#866,.T.);
#4325=EDGE_CURVE('',#4980,#4975,#867,.T.);
#4326=EDGE_CURVE('',#4977,#4980,#868,.T.);
#4327=EDGE_CURVE('',#4978,#4970,#869,.T.);
#4328=EDGE_CURVE('',#4979,#4969,#870,.T.);
#4329=EDGE_CURVE('',#4981,#4982,#871,.T.);
#4330=EDGE_CURVE('',#4982,#4983,#872,.T.);
#4331=EDGE_CURVE('',#4984,#4983,#873,.T.);
#4332=EDGE_CURVE('',#4981,#4984,#874,.T.);
#4333=EDGE_CURVE('',#4983,#4985,#875,.T.);
#4334=EDGE_CURVE('',#4986,#4985,#876,.T.);
#4335=EDGE_CURVE('',#4984,#4986,#877,.T.);
#4336=EDGE_CURVE('',#4985,#4987,#878,.T.);
#4337=EDGE_CURVE('',#4988,#4987,#879,.T.);
#4338=EDGE_CURVE('',#4986,#4988,#880,.T.);
#4339=EDGE_CURVE('',#4989,#4761,#881,.T.);
#4340=EDGE_CURVE('',#4989,#4990,#882,.T.);
#4341=EDGE_CURVE('',#4990,#4762,#883,.T.);
#4342=EDGE_CURVE('',#4991,#4760,#884,.T.);
#4343=EDGE_CURVE('',#4991,#4989,#885,.T.);
#4344=EDGE_CURVE('',#4992,#4763,#886,.T.);
#4345=EDGE_CURVE('',#4992,#4991,#887,.T.);
#4346=EDGE_CURVE('',#4990,#4992,#888,.T.);
#4347=EDGE_CURVE('',#4987,#4982,#889,.T.);
#4348=EDGE_CURVE('',#4988,#4981,#890,.T.);
#4349=EDGE_CURVE('',#4993,#4994,#891,.T.);
#4350=EDGE_CURVE('',#4995,#4993,#892,.T.);
#4351=EDGE_CURVE('',#4995,#4996,#893,.T.);
#4352=EDGE_CURVE('',#4996,#4994,#894,.T.);
#4353=EDGE_CURVE('',#4997,#4993,#895,.T.);
#4354=EDGE_CURVE('',#4998,#4997,#896,.T.);
#4355=EDGE_CURVE('',#4998,#4995,#897,.T.);
#4356=EDGE_CURVE('',#4999,#4704,#898,.T.);
#4357=EDGE_CURVE('',#5000,#4714,#899,.T.);
#4358=EDGE_CURVE('',#4999,#5000,#900,.T.);
#4359=EDGE_CURVE('',#5001,#4713,#901,.T.);
#4360=EDGE_CURVE('',#5000,#5001,#902,.T.);
#4361=EDGE_CURVE('',#5002,#4997,#903,.T.);
#4362=EDGE_CURVE('',#5003,#5002,#904,.T.);
#4363=EDGE_CURVE('',#5003,#4998,#905,.T.);
#4364=EDGE_CURVE('',#5004,#4999,#906,.T.);
#4365=EDGE_CURVE('',#5004,#4715,#907,.T.);
#4366=EDGE_CURVE('',#5001,#5004,#908,.T.);
#4367=EDGE_CURVE('',#4994,#5002,#909,.T.);
#4368=EDGE_CURVE('',#4996,#5003,#910,.T.);
#4369=EDGE_CURVE('',#5005,#5006,#911,.T.);
#4370=EDGE_CURVE('',#5007,#5005,#912,.T.);
#4371=EDGE_CURVE('',#5007,#5008,#913,.T.);
#4372=EDGE_CURVE('',#5008,#5006,#914,.T.);
#4373=EDGE_CURVE('',#5009,#5005,#915,.T.);
#4374=EDGE_CURVE('',#5010,#5009,#916,.T.);
#4375=EDGE_CURVE('',#5010,#5007,#917,.T.);
#4376=EDGE_CURVE('',#5011,#5009,#918,.T.);
#4377=EDGE_CURVE('',#5012,#5011,#919,.T.);
#4378=EDGE_CURVE('',#5012,#5010,#920,.T.);
#4379=EDGE_CURVE('',#5013,#4695,#921,.T.);
#4380=EDGE_CURVE('',#5014,#4696,#922,.T.);
#4381=EDGE_CURVE('',#5013,#5014,#923,.T.);
#4382=EDGE_CURVE('',#5015,#4698,#924,.T.);
#4383=EDGE_CURVE('',#5014,#5015,#925,.T.);
#4384=EDGE_CURVE('',#5016,#4697,#926,.T.);
#4385=EDGE_CURVE('',#5015,#5016,#927,.T.);
#4386=EDGE_CURVE('',#5016,#5013,#928,.T.);
#4387=EDGE_CURVE('',#5006,#5011,#929,.T.);
#4388=EDGE_CURVE('',#5008,#5012,#930,.T.);
#4389=EDGE_CURVE('',#5017,#5017,#5123,.T.);
#4390=EDGE_CURVE('',#5018,#5018,#5124,.F.);
#4391=EDGE_CURVE('',#5019,#5019,#5125,.T.);
#4392=EDGE_CURVE('',#5020,#5020,#5126,.T.);
#4393=EDGE_CURVE('',#5021,#5021,#5127,.T.);
#4394=EDGE_CURVE('',#5022,#5022,#5128,.T.);
#4395=EDGE_CURVE('',#5023,#5023,#5129,.T.);
#4396=EDGE_CURVE('',#5024,#5024,#5130,.F.);
#4397=EDGE_CURVE('',#5025,#5026,#931,.T.);
#4398=EDGE_CURVE('',#5027,#5026,#932,.T.);
#4399=EDGE_CURVE('',#5028,#5027,#933,.T.);
#4400=EDGE_CURVE('',#5028,#5025,#934,.T.);
#4401=EDGE_CURVE('',#5029,#5029,#5131,.T.);
#4402=EDGE_CURVE('',#5030,#5030,#5132,.T.);
#4403=EDGE_CURVE('',#5031,#5031,#5133,.T.);
#4404=EDGE_CURVE('',#5032,#5032,#5134,.T.);
#4405=EDGE_CURVE('',#5033,#5033,#5135,.T.);
#4406=EDGE_CURVE('',#5034,#5025,#935,.T.);
#4407=EDGE_CURVE('',#5035,#5028,#936,.T.);
#4408=EDGE_CURVE('',#5035,#5034,#937,.T.);
#4409=EDGE_CURVE('',#5034,#5036,#938,.T.);
#4410=EDGE_CURVE('',#5035,#5037,#939,.T.);
#4411=EDGE_CURVE('',#5037,#5036,#940,.T.);
#4412=EDGE_CURVE('',#5036,#5038,#941,.T.);
#4413=EDGE_CURVE('',#5037,#5039,#942,.T.);
#4414=EDGE_CURVE('',#5039,#5038,#943,.T.);
#4415=EDGE_CURVE('',#5038,#5040,#944,.T.);
#4416=EDGE_CURVE('',#5039,#5041,#945,.T.);
#4417=EDGE_CURVE('',#5041,#5040,#946,.T.);
#4418=EDGE_CURVE('',#5040,#5042,#947,.T.);
#4419=EDGE_CURVE('',#5041,#5043,#948,.T.);
#4420=EDGE_CURVE('',#5043,#5042,#949,.T.);
#4421=EDGE_CURVE('',#5042,#5044,#950,.T.);
#4422=EDGE_CURVE('',#5043,#5045,#951,.T.);
#4423=EDGE_CURVE('',#5045,#5044,#952,.T.);
#4424=EDGE_CURVE('',#5044,#5046,#953,.T.);
#4425=EDGE_CURVE('',#5045,#5047,#954,.T.);
#4426=EDGE_CURVE('',#5047,#5046,#955,.T.);
#4427=EDGE_CURVE('',#5048,#5048,#5136,.T.);
#4428=EDGE_CURVE('',#5049,#5049,#5137,.T.);
#4429=EDGE_CURVE('',#5050,#5050,#5138,.T.);
#4430=EDGE_CURVE('',#5051,#5051,#5139,.T.);
#4431=EDGE_CURVE('',#5052,#5052,#5140,.T.);
#4432=EDGE_CURVE('',#5053,#5046,#956,.T.);
#4433=EDGE_CURVE('',#5054,#5047,#957,.T.);
#4434=EDGE_CURVE('',#5054,#5053,#958,.T.);
#4435=EDGE_CURVE('',#5055,#5053,#959,.T.);
#4436=EDGE_CURVE('',#5056,#5054,#960,.T.);
#4437=EDGE_CURVE('',#5056,#5055,#961,.T.);
#4438=EDGE_CURVE('',#5057,#5055,#962,.T.);
#4439=EDGE_CURVE('',#5058,#5056,#963,.T.);
#4440=EDGE_CURVE('',#5058,#5057,#964,.T.);
#4441=EDGE_CURVE('',#5026,#5057,#965,.T.);
#4442=EDGE_CURVE('',#5027,#5058,#966,.T.);
#4443=VERTEX_POINT('',#9114);
#4444=VERTEX_POINT('',#9115);
#4445=VERTEX_POINT('',#9117);
#4446=VERTEX_POINT('',#9119);
#4447=VERTEX_POINT('',#9123);
#4448=VERTEX_POINT('',#9124);
#4449=VERTEX_POINT('',#9126);
#4450=VERTEX_POINT('',#9128);
#4451=VERTEX_POINT('',#9132);
#4452=VERTEX_POINT('',#9133);
#4453=VERTEX_POINT('',#9135);
#4454=VERTEX_POINT('',#9137);
#4455=VERTEX_POINT('',#9143);
#4456=VERTEX_POINT('',#9149);
#4457=VERTEX_POINT('',#9151);
#4458=VERTEX_POINT('',#9153);
#4459=VERTEX_POINT('',#9157);
#4460=VERTEX_POINT('',#9159);
#4461=VERTEX_POINT('',#9165);
#4462=VERTEX_POINT('',#9172);
#4463=VERTEX_POINT('',#9202);
#4464=VERTEX_POINT('',#9203);
#4465=VERTEX_POINT('',#9205);
#4466=VERTEX_POINT('',#9207);
#4467=VERTEX_POINT('',#9211);
#4468=VERTEX_POINT('',#9213);
#4469=VERTEX_POINT('',#9217);
#4470=VERTEX_POINT('',#9219);
#4471=VERTEX_POINT('',#9227);
#4472=VERTEX_POINT('',#9228);
#4473=VERTEX_POINT('',#9230);
#4474=VERTEX_POINT('',#9232);
#4475=VERTEX_POINT('',#9236);
#4476=VERTEX_POINT('',#9238);
#4477=VERTEX_POINT('',#9242);
#4478=VERTEX_POINT('',#9244);
#4479=VERTEX_POINT('',#9254);
#4480=VERTEX_POINT('',#9256);
#4481=VERTEX_POINT('',#9257);
#4482=VERTEX_POINT('',#9259);
#4483=VERTEX_POINT('',#9261);
#4484=VERTEX_POINT('',#9264);
#4485=VERTEX_POINT('',#9265);
#4486=VERTEX_POINT('',#9267);
#4487=VERTEX_POINT('',#9269);
#4488=VERTEX_POINT('',#9273);
#4489=VERTEX_POINT('',#9274);
#4490=VERTEX_POINT('',#9277);
#4491=VERTEX_POINT('',#9279);
#4492=VERTEX_POINT('',#9281);
#4493=VERTEX_POINT('',#9285);
#4494=VERTEX_POINT('',#9286);
#4495=VERTEX_POINT('',#9288);
#4496=VERTEX_POINT('',#9290);
#4497=VERTEX_POINT('',#9292);
#4498=VERTEX_POINT('',#9297);
#4499=VERTEX_POINT('',#9298);
#4500=VERTEX_POINT('',#9300);
#4501=VERTEX_POINT('',#9302);
#4502=VERTEX_POINT('',#9305);
#4503=VERTEX_POINT('',#9306);
#4504=VERTEX_POINT('',#9308);
#4505=VERTEX_POINT('',#9310);
#4506=VERTEX_POINT('',#9313);
#4507=VERTEX_POINT('',#9315);
#4508=VERTEX_POINT('',#9316);
#4509=VERTEX_POINT('',#9318);
#4510=VERTEX_POINT('',#9320);
#4511=VERTEX_POINT('',#9323);
#4512=VERTEX_POINT('',#9324);
#4513=VERTEX_POINT('',#9326);
#4514=VERTEX_POINT('',#9328);
#4515=VERTEX_POINT('',#9332);
#4516=VERTEX_POINT('',#9334);
#4517=VERTEX_POINT('',#9336);
#4518=VERTEX_POINT('',#9340);
#4519=VERTEX_POINT('',#9344);
#4520=VERTEX_POINT('',#9345);
#4521=VERTEX_POINT('',#9373);
#4522=VERTEX_POINT('',#9375);
#4523=VERTEX_POINT('',#9390);
#4524=VERTEX_POINT('',#9392);
#4525=VERTEX_POINT('',#9402);
#4526=VERTEX_POINT('',#9403);
#4527=VERTEX_POINT('',#9408);
#4528=VERTEX_POINT('',#9410);
#4529=VERTEX_POINT('',#9415);
#4530=VERTEX_POINT('',#9417);
#4531=VERTEX_POINT('',#9422);
#4532=VERTEX_POINT('',#9424);
#4533=VERTEX_POINT('',#9454);
#4534=VERTEX_POINT('',#9455);
#4535=VERTEX_POINT('',#9457);
#4536=VERTEX_POINT('',#9459);
#4537=VERTEX_POINT('',#9463);
#4538=VERTEX_POINT('',#9464);
#4539=VERTEX_POINT('',#9466);
#4540=VERTEX_POINT('',#9468);
#4541=VERTEX_POINT('',#9472);
#4542=VERTEX_POINT('',#9474);
#4543=VERTEX_POINT('',#9478);
#4544=VERTEX_POINT('',#9479);
#4545=VERTEX_POINT('',#9481);
#4546=VERTEX_POINT('',#9483);
#4547=VERTEX_POINT('',#9487);
#4548=VERTEX_POINT('',#9488);
#4549=VERTEX_POINT('',#9493);
#4550=VERTEX_POINT('',#9494);
#4551=VERTEX_POINT('',#9496);
#4552=VERTEX_POINT('',#9498);
#4553=VERTEX_POINT('',#9502);
#4554=VERTEX_POINT('',#9504);
#4555=VERTEX_POINT('',#9506);
#4556=VERTEX_POINT('',#9507);
#4557=VERTEX_POINT('',#9509);
#4558=VERTEX_POINT('',#9511);
#4559=VERTEX_POINT('',#9514);
#4560=VERTEX_POINT('',#9515);
#4561=VERTEX_POINT('',#9517);
#4562=VERTEX_POINT('',#9519);
#4563=VERTEX_POINT('',#9522);
#4564=VERTEX_POINT('',#9523);
#4565=VERTEX_POINT('',#9525);
#4566=VERTEX_POINT('',#9527);
#4567=VERTEX_POINT('',#9529);
#4568=VERTEX_POINT('',#9531);
#4569=VERTEX_POINT('',#9534);
#4570=VERTEX_POINT('',#9535);
#4571=VERTEX_POINT('',#9537);
#4572=VERTEX_POINT('',#9539);
#4573=VERTEX_POINT('',#9542);
#4574=VERTEX_POINT('',#9543);
#4575=VERTEX_POINT('',#9545);
#4576=VERTEX_POINT('',#9547);
#4577=VERTEX_POINT('',#9550);
#4578=VERTEX_POINT('',#9551);
#4579=VERTEX_POINT('',#9553);
#4580=VERTEX_POINT('',#9555);
#4581=VERTEX_POINT('',#9558);
#4582=VERTEX_POINT('',#9559);
#4583=VERTEX_POINT('',#9561);
#4584=VERTEX_POINT('',#9563);
#4585=VERTEX_POINT('',#9566);
#4586=VERTEX_POINT('',#9567);
#4587=VERTEX_POINT('',#9569);
#4588=VERTEX_POINT('',#9571);
#4589=VERTEX_POINT('',#9575);
#4590=VERTEX_POINT('',#9576);
#4591=VERTEX_POINT('',#9578);
#4592=VERTEX_POINT('',#9580);
#4593=VERTEX_POINT('',#9584);
#4594=VERTEX_POINT('',#9585);
#4595=VERTEX_POINT('',#9590);
#4596=VERTEX_POINT('',#9591);
#4597=VERTEX_POINT('',#9593);
#4598=VERTEX_POINT('',#9595);
#4599=VERTEX_POINT('',#9599);
#4600=VERTEX_POINT('',#9601);
#4601=VERTEX_POINT('',#9605);
#4602=VERTEX_POINT('',#9606);
#4603=VERTEX_POINT('',#9608);
#4604=VERTEX_POINT('',#9610);
#4605=VERTEX_POINT('',#9614);
#4606=VERTEX_POINT('',#9615);
#4607=VERTEX_POINT('',#9617);
#4608=VERTEX_POINT('',#9619);
#4609=VERTEX_POINT('',#9623);
#4610=VERTEX_POINT('',#9625);
#4611=VERTEX_POINT('',#9628);
#4612=VERTEX_POINT('',#9630);
#4613=VERTEX_POINT('',#9633);
#4614=VERTEX_POINT('',#9635);
#4615=VERTEX_POINT('',#9638);
#4616=VERTEX_POINT('',#9640);
#4617=VERTEX_POINT('',#9643);
#4618=VERTEX_POINT('',#9645);
#4619=VERTEX_POINT('',#9649);
#4620=VERTEX_POINT('',#9651);
#4621=VERTEX_POINT('',#9655);
#4622=VERTEX_POINT('',#9657);
#4623=VERTEX_POINT('',#9661);
#4624=VERTEX_POINT('',#9663);
#4625=VERTEX_POINT('',#9667);
#4626=VERTEX_POINT('',#9669);
#4627=VERTEX_POINT('',#9673);
#4628=VERTEX_POINT('',#9675);
#4629=VERTEX_POINT('',#9677);
#4630=VERTEX_POINT('',#9679);
#4631=VERTEX_POINT('',#9683);
#4632=VERTEX_POINT('',#9685);
#4633=VERTEX_POINT('',#9689);
#4634=VERTEX_POINT('',#9691);
#4635=VERTEX_POINT('',#9695);
#4636=VERTEX_POINT('',#9697);
#4637=VERTEX_POINT('',#9701);
#4638=VERTEX_POINT('',#9703);
#4639=VERTEX_POINT('',#9716);
#4640=VERTEX_POINT('',#9718);
#4641=VERTEX_POINT('',#9720);
#4642=VERTEX_POINT('',#9723);
#4643=VERTEX_POINT('',#9727);
#4644=VERTEX_POINT('',#9729);
#4645=VERTEX_POINT('',#9731);
#4646=VERTEX_POINT('',#9733);
#4647=VERTEX_POINT('',#9743);
#4648=VERTEX_POINT('',#9746);
#4649=VERTEX_POINT('',#9748);
#4650=VERTEX_POINT('',#9750);
#4651=VERTEX_POINT('',#9754);
#4652=VERTEX_POINT('',#9760);
#4653=VERTEX_POINT('',#9767);
#4654=VERTEX_POINT('',#9769);
#4655=VERTEX_POINT('',#9771);
#4656=VERTEX_POINT('',#9774);
#4657=VERTEX_POINT('',#9778);
#4658=VERTEX_POINT('',#9782);
#4659=VERTEX_POINT('',#9785);
#4660=VERTEX_POINT('',#9787);
#4661=VERTEX_POINT('',#9793);
#4662=VERTEX_POINT('',#9796);
#4663=VERTEX_POINT('',#9798);
#4664=VERTEX_POINT('',#9800);
#4665=VERTEX_POINT('',#9804);
#4666=VERTEX_POINT('',#9806);
#4667=VERTEX_POINT('',#9808);
#4668=VERTEX_POINT('',#9811);
#4669=VERTEX_POINT('',#9835);
#4670=VERTEX_POINT('',#9837);
#4671=VERTEX_POINT('',#9841);
#4672=VERTEX_POINT('',#9844);
#4673=VERTEX_POINT('',#9846);
#4674=VERTEX_POINT('',#9850);
#4675=VERTEX_POINT('',#9852);
#4676=VERTEX_POINT('',#9855);
#4677=VERTEX_POINT('',#9861);
#4678=VERTEX_POINT('',#9865);
#4679=VERTEX_POINT('',#9868);
#4680=VERTEX_POINT('',#9870);
#4681=VERTEX_POINT('',#9879);
#4682=VERTEX_POINT('',#9881);
#4683=VERTEX_POINT('',#9885);
#4684=VERTEX_POINT('',#9889);
#4685=VERTEX_POINT('',#9892);
#4686=VERTEX_POINT('',#9894);
#4687=VERTEX_POINT('',#9903);
#4688=VERTEX_POINT('',#9905);
#4689=VERTEX_POINT('',#9907);
#4690=VERTEX_POINT('',#9910);
#4691=VERTEX_POINT('',#9914);
#4692=VERTEX_POINT('',#9918);
#4693=VERTEX_POINT('',#9921);
#4694=VERTEX_POINT('',#9923);
#4695=VERTEX_POINT('',#9955);
#4696=VERTEX_POINT('',#9956);
#4697=VERTEX_POINT('',#9958);
#4698=VERTEX_POINT('',#9960);
#4699=VERTEX_POINT('',#9963);
#4700=VERTEX_POINT('',#9964);
#4701=VERTEX_POINT('',#9966);
#4702=VERTEX_POINT('',#9968);
#4703=VERTEX_POINT('',#9971);
#4704=VERTEX_POINT('',#9972);
#4705=VERTEX_POINT('',#9974);
#4706=VERTEX_POINT('',#9976);
#4707=VERTEX_POINT('',#9978);
#4708=VERTEX_POINT('',#9980);
#4709=VERTEX_POINT('',#9982);
#4710=VERTEX_POINT('',#9984);
#4711=VERTEX_POINT('',#9986);
#4712=VERTEX_POINT('',#9988);
#4713=VERTEX_POINT('',#9990);
#4714=VERTEX_POINT('',#9992);
#4715=VERTEX_POINT('',#9996);
#4716=VERTEX_POINT('',#9999);
#4717=VERTEX_POINT('',#10001);
#4718=VERTEX_POINT('',#10005);
#4719=VERTEX_POINT('',#10007);
#4720=VERTEX_POINT('',#10009);
#4721=VERTEX_POINT('',#10011);
#4722=VERTEX_POINT('',#10012);
#4723=VERTEX_POINT('',#10014);
#4724=VERTEX_POINT('',#10016);
#4725=VERTEX_POINT('',#10018);
#4726=VERTEX_POINT('',#10020);
#4727=VERTEX_POINT('',#10023);
#4728=VERTEX_POINT('',#10024);
#4729=VERTEX_POINT('',#10026);
#4730=VERTEX_POINT('',#10028);
#4731=VERTEX_POINT('',#10030);
#4732=VERTEX_POINT('',#10032);
#4733=VERTEX_POINT('',#10035);
#4734=VERTEX_POINT('',#10037);
#4735=VERTEX_POINT('',#10039);
#4736=VERTEX_POINT('',#10041);
#4737=VERTEX_POINT('',#10043);
#4738=VERTEX_POINT('',#10045);
#4739=VERTEX_POINT('',#10047);
#4740=VERTEX_POINT('',#10049);
#4741=VERTEX_POINT('',#10051);
#4742=VERTEX_POINT('',#10053);
#4743=VERTEX_POINT('',#10055);
#4744=VERTEX_POINT('',#10058);
#4745=VERTEX_POINT('',#10059);
#4746=VERTEX_POINT('',#10061);
#4747=VERTEX_POINT('',#10063);
#4748=VERTEX_POINT('',#10066);
#4749=VERTEX_POINT('',#10067);
#4750=VERTEX_POINT('',#10069);
#4751=VERTEX_POINT('',#10071);
#4752=VERTEX_POINT('',#10075);
#4753=VERTEX_POINT('',#10076);
#4754=VERTEX_POINT('',#10078);
#4755=VERTEX_POINT('',#10080);
#4756=VERTEX_POINT('',#10082);
#4757=VERTEX_POINT('',#10084);
#4758=VERTEX_POINT('',#10086);
#4759=VERTEX_POINT('',#10088);
#4760=VERTEX_POINT('',#10092);
#4761=VERTEX_POINT('',#10093);
#4762=VERTEX_POINT('',#10095);
#4763=VERTEX_POINT('',#10097);
#4764=VERTEX_POINT('',#10100);
#4765=VERTEX_POINT('',#10102);
#4766=VERTEX_POINT('',#10104);
#4767=VERTEX_POINT('',#10106);
#4768=VERTEX_POINT('',#10108);
#4769=VERTEX_POINT('',#10110);
#4770=VERTEX_POINT('',#10112);
#4771=VERTEX_POINT('',#10115);
#4772=VERTEX_POINT('',#10118);
#4773=VERTEX_POINT('',#10120);
#4774=VERTEX_POINT('',#10124);
#4775=VERTEX_POINT('',#10126);
#4776=VERTEX_POINT('',#10130);
#4777=VERTEX_POINT('',#10132);
#4778=VERTEX_POINT('',#10136);
#4779=VERTEX_POINT('',#10138);
#4780=VERTEX_POINT('',#10140);
#4781=VERTEX_POINT('',#10142);
#4782=VERTEX_POINT('',#10144);
#4783=VERTEX_POINT('',#10145);
#4784=VERTEX_POINT('',#10149);
#4785=VERTEX_POINT('',#10151);
#4786=VERTEX_POINT('',#10153);
#4787=VERTEX_POINT('',#10155);
#4788=VERTEX_POINT('',#10157);
#4789=VERTEX_POINT('',#10159);
#4790=VERTEX_POINT('',#10161);
#4791=VERTEX_POINT('',#10163);
#4792=VERTEX_POINT('',#10167);
#4793=VERTEX_POINT('',#10169);
#4794=VERTEX_POINT('',#10172);
#4795=VERTEX_POINT('',#10174);
#4796=VERTEX_POINT('',#10177);
#4797=VERTEX_POINT('',#10179);
#4798=VERTEX_POINT('',#10182);
#4799=VERTEX_POINT('',#10184);
#4800=VERTEX_POINT('',#10187);
#4801=VERTEX_POINT('',#10190);
#4802=VERTEX_POINT('',#10193);
#4803=VERTEX_POINT('',#10196);
#4804=VERTEX_POINT('',#10199);
#4805=VERTEX_POINT('',#10200);
#4806=VERTEX_POINT('',#10202);
#4807=VERTEX_POINT('',#10204);
#4808=VERTEX_POINT('',#10206);
#4809=VERTEX_POINT('',#10208);
#4810=VERTEX_POINT('',#10210);
#4811=VERTEX_POINT('',#10212);
#4812=VERTEX_POINT('',#10216);
#4813=VERTEX_POINT('',#10218);
#4814=VERTEX_POINT('',#10220);
#4815=VERTEX_POINT('',#10222);
#4816=VERTEX_POINT('',#10224);
#4817=VERTEX_POINT('',#10226);
#4818=VERTEX_POINT('',#10228);
#4819=VERTEX_POINT('',#10230);
#4820=VERTEX_POINT('',#10232);
#4821=VERTEX_POINT('',#10234);
#4822=VERTEX_POINT('',#10238);
#4823=VERTEX_POINT('',#10240);
#4824=VERTEX_POINT('',#10242);
#4825=VERTEX_POINT('',#10244);
#4826=VERTEX_POINT('',#10246);
#4827=VERTEX_POINT('',#10248);
#4828=VERTEX_POINT('',#10251);
#4829=VERTEX_POINT('',#10253);
#4830=VERTEX_POINT('',#10257);
#4831=VERTEX_POINT('',#10259);
#4832=VERTEX_POINT('',#10261);
#4833=VERTEX_POINT('',#10263);
#4834=VERTEX_POINT('',#10265);
#4835=VERTEX_POINT('',#10268);
#4836=VERTEX_POINT('',#10270);
#4837=VERTEX_POINT('',#10272);
#4838=VERTEX_POINT('',#10277);
#4839=VERTEX_POINT('',#10280);
#4840=VERTEX_POINT('',#10283);
#4841=VERTEX_POINT('',#10284);
#4842=VERTEX_POINT('',#10286);
#4843=VERTEX_POINT('',#10289);
#4844=VERTEX_POINT('',#10290);
#4845=VERTEX_POINT('',#10292);
#4846=VERTEX_POINT('',#10295);
#4847=VERTEX_POINT('',#10297);
#4848=VERTEX_POINT('',#10301);
#4849=VERTEX_POINT('',#10303);
#4850=VERTEX_POINT('',#10305);
#4851=VERTEX_POINT('',#10306);
#4852=VERTEX_POINT('',#10308);
#4853=VERTEX_POINT('',#10310);
#4854=VERTEX_POINT('',#10312);
#4855=VERTEX_POINT('',#10314);
#4856=VERTEX_POINT('',#10317);
#4857=VERTEX_POINT('',#10318);
#4858=VERTEX_POINT('',#10320);
#4859=VERTEX_POINT('',#10322);
#4860=VERTEX_POINT('',#10324);
#4861=VERTEX_POINT('',#10326);
#4862=VERTEX_POINT('',#10329);
#4863=VERTEX_POINT('',#10330);
#4864=VERTEX_POINT('',#10332);
#4865=VERTEX_POINT('',#10334);
#4866=VERTEX_POINT('',#10336);
#4867=VERTEX_POINT('',#10338);
#4868=VERTEX_POINT('',#10341);
#4869=VERTEX_POINT('',#10342);
#4870=VERTEX_POINT('',#10344);
#4871=VERTEX_POINT('',#10346);
#4872=VERTEX_POINT('',#10348);
#4873=VERTEX_POINT('',#10350);
#4874=VERTEX_POINT('',#10358);
#4875=VERTEX_POINT('',#10362);
#4876=VERTEX_POINT('',#10364);
#4877=VERTEX_POINT('',#10368);
#4878=VERTEX_POINT('',#10370);
#4879=VERTEX_POINT('',#10372);
#4880=VERTEX_POINT('',#10415);
#4881=VERTEX_POINT('',#10422);
#4882=VERTEX_POINT('',#10424);
#4883=VERTEX_POINT('',#10427);
#4884=VERTEX_POINT('',#10428);
#4885=VERTEX_POINT('',#10430);
#4886=VERTEX_POINT('',#10432);
#4887=VERTEX_POINT('',#10445);
#4888=VERTEX_POINT('',#10447);
#4889=VERTEX_POINT('',#10450);
#4890=VERTEX_POINT('',#10451);
#4891=VERTEX_POINT('',#10453);
#4892=VERTEX_POINT('',#10455);
#4893=VERTEX_POINT('',#10480);
#4894=VERTEX_POINT('',#10482);
#4895=VERTEX_POINT('',#10486);
#4896=VERTEX_POINT('',#10490);
#4897=VERTEX_POINT('',#10494);
#4898=VERTEX_POINT('',#10498);
#4899=VERTEX_POINT('',#10505);
#4900=VERTEX_POINT('',#10507);
#4901=VERTEX_POINT('',#10511);
#4902=VERTEX_POINT('',#10515);
#4903=VERTEX_POINT('',#10519);
#4904=VERTEX_POINT('',#10523);
#4905=VERTEX_POINT('',#10530);
#4906=VERTEX_POINT('',#10532);
#4907=VERTEX_POINT('',#10536);
#4908=VERTEX_POINT('',#10540);
#4909=VERTEX_POINT('',#10544);
#4910=VERTEX_POINT('',#10548);
#4911=VERTEX_POINT('',#10555);
#4912=VERTEX_POINT('',#10557);
#4913=VERTEX_POINT('',#10561);
#4914=VERTEX_POINT('',#10565);
#4915=VERTEX_POINT('',#10569);
#4916=VERTEX_POINT('',#10573);
#4917=VERTEX_POINT('',#10580);
#4918=VERTEX_POINT('',#10581);
#4919=VERTEX_POINT('',#10583);
#4920=VERTEX_POINT('',#10585);
#4921=VERTEX_POINT('',#10589);
#4922=VERTEX_POINT('',#10592);
#4923=VERTEX_POINT('',#10596);
#4924=VERTEX_POINT('',#10600);
#4925=VERTEX_POINT('',#10604);
#4926=VERTEX_POINT('',#10606);
#4927=VERTEX_POINT('',#10614);
#4928=VERTEX_POINT('',#10616);
#4929=VERTEX_POINT('',#10618);
#4930=VERTEX_POINT('',#10620);
#4931=VERTEX_POINT('',#10624);
#4932=VERTEX_POINT('',#10626);
#4933=VERTEX_POINT('',#10630);
#4934=VERTEX_POINT('',#10632);
#4935=VERTEX_POINT('',#10636);
#4936=VERTEX_POINT('',#10641);
#4937=VERTEX_POINT('',#10648);
#4938=VERTEX_POINT('',#10650);
#4939=VERTEX_POINT('',#10654);
#4940=VERTEX_POINT('',#10656);
#4941=VERTEX_POINT('',#10660);
#4942=VERTEX_POINT('',#10662);
#4943=VERTEX_POINT('',#10666);
#4944=VERTEX_POINT('',#10668);
#4945=VERTEX_POINT('',#10672);
#4946=VERTEX_POINT('',#10675);
#4947=VERTEX_POINT('',#10682);
#4948=VERTEX_POINT('',#10683);
#4949=VERTEX_POINT('',#10685);
#4950=VERTEX_POINT('',#10687);
#4951=VERTEX_POINT('',#10691);
#4952=VERTEX_POINT('',#10694);
#4953=VERTEX_POINT('',#10698);
#4954=VERTEX_POINT('',#10702);
#4955=VERTEX_POINT('',#10706);
#4956=VERTEX_POINT('',#10708);
#4957=VERTEX_POINT('',#10716);
#4958=VERTEX_POINT('',#10718);
#4959=VERTEX_POINT('',#10723);
#4960=VERTEX_POINT('',#10729);
#4961=VERTEX_POINT('',#10731);
#4962=VERTEX_POINT('',#10736);
#4963=VERTEX_POINT('',#10738);
#4964=VERTEX_POINT('',#10742);
#4965=VERTEX_POINT('',#10748);
#4966=VERTEX_POINT('',#10750);
#4967=VERTEX_POINT('',#10756);
#4968=VERTEX_POINT('',#10759);
#4969=VERTEX_POINT('',#10767);
#4970=VERTEX_POINT('',#10768);
#4971=VERTEX_POINT('',#10770);
#4972=VERTEX_POINT('',#10772);
#4973=VERTEX_POINT('',#10776);
#4974=VERTEX_POINT('',#10778);
#4975=VERTEX_POINT('',#10782);
#4976=VERTEX_POINT('',#10784);
#4977=VERTEX_POINT('',#10788);
#4978=VERTEX_POINT('',#10792);
#4979=VERTEX_POINT('',#10794);
#4980=VERTEX_POINT('',#10798);
#4981=VERTEX_POINT('',#10808);
#4982=VERTEX_POINT('',#10809);
#4983=VERTEX_POINT('',#10811);
#4984=VERTEX_POINT('',#10813);
#4985=VERTEX_POINT('',#10817);
#4986=VERTEX_POINT('',#10819);
#4987=VERTEX_POINT('',#10823);
#4988=VERTEX_POINT('',#10825);
#4989=VERTEX_POINT('',#10829);
#4990=VERTEX_POINT('',#10831);
#4991=VERTEX_POINT('',#10835);
#4992=VERTEX_POINT('',#10839);
#4993=VERTEX_POINT('',#10849);
#4994=VERTEX_POINT('',#10850);
#4995=VERTEX_POINT('',#10852);
#4996=VERTEX_POINT('',#10854);
#4997=VERTEX_POINT('',#10858);
#4998=VERTEX_POINT('',#10860);
#4999=VERTEX_POINT('',#10864);
#5000=VERTEX_POINT('',#10866);
#5001=VERTEX_POINT('',#10870);
#5002=VERTEX_POINT('',#10874);
#5003=VERTEX_POINT('',#10876);
#5004=VERTEX_POINT('',#10880);
#5005=VERTEX_POINT('',#10890);
#5006=VERTEX_POINT('',#10891);
#5007=VERTEX_POINT('',#10893);
#5008=VERTEX_POINT('',#10895);
#5009=VERTEX_POINT('',#10899);
#5010=VERTEX_POINT('',#10901);
#5011=VERTEX_POINT('',#10905);
#5012=VERTEX_POINT('',#10907);
#5013=VERTEX_POINT('',#10911);
#5014=VERTEX_POINT('',#10913);
#5015=VERTEX_POINT('',#10917);
#5016=VERTEX_POINT('',#10921);
#5017=VERTEX_POINT('',#10940);
#5018=VERTEX_POINT('',#10942);
#5019=VERTEX_POINT('',#10945);
#5020=VERTEX_POINT('',#10947);
#5021=VERTEX_POINT('',#10950);
#5022=VERTEX_POINT('',#10952);
#5023=VERTEX_POINT('',#10955);
#5024=VERTEX_POINT('',#10957);
#5025=VERTEX_POINT('',#10960);
#5026=VERTEX_POINT('',#10961);
#5027=VERTEX_POINT('',#10963);
#5028=VERTEX_POINT('',#10965);
#5029=VERTEX_POINT('',#10969);
#5030=VERTEX_POINT('',#10971);
#5031=VERTEX_POINT('',#10973);
#5032=VERTEX_POINT('',#10975);
#5033=VERTEX_POINT('',#10977);
#5034=VERTEX_POINT('',#10979);
#5035=VERTEX_POINT('',#10981);
#5036=VERTEX_POINT('',#10985);
#5037=VERTEX_POINT('',#10987);
#5038=VERTEX_POINT('',#10991);
#5039=VERTEX_POINT('',#10993);
#5040=VERTEX_POINT('',#10997);
#5041=VERTEX_POINT('',#10999);
#5042=VERTEX_POINT('',#11003);
#5043=VERTEX_POINT('',#11005);
#5044=VERTEX_POINT('',#11009);
#5045=VERTEX_POINT('',#11011);
#5046=VERTEX_POINT('',#11015);
#5047=VERTEX_POINT('',#11017);
#5048=VERTEX_POINT('',#11020);
#5049=VERTEX_POINT('',#11022);
#5050=VERTEX_POINT('',#11024);
#5051=VERTEX_POINT('',#11026);
#5052=VERTEX_POINT('',#11028);
#5053=VERTEX_POINT('',#11031);
#5054=VERTEX_POINT('',#11033);
#5055=VERTEX_POINT('',#11037);
#5056=VERTEX_POINT('',#11039);
#5057=VERTEX_POINT('',#11043);
#5058=VERTEX_POINT('',#11045);
#5059=CIRCLE('',#6870,0.005);
#5060=CIRCLE('',#6871,0.004);
#5061=CIRCLE('',#6873,0.004);
#5062=CIRCLE('',#6874,0.005);
#5063=CIRCLE('',#6904,0.003);
#5064=CIRCLE('',#6908,0.003);
#5065=CIRCLE('',#6921,0.006);
#5066=CIRCLE('',#6922,0.006);
#5067=CIRCLE('',#6924,0.008);
#5068=CIRCLE('',#6925,0.008);
#5069=CIRCLE('',#6950,0.004);
#5070=CIRCLE('',#6951,0.004);
#5071=CIRCLE('',#6959,0.001);
#5072=CIRCLE('',#6960,0.001);
#5073=CIRCLE('',#6962,0.001);
#5074=CIRCLE('',#6963,0.001);
#5075=CIRCLE('',#6965,0.001);
#5076=CIRCLE('',#6966,0.001);
#5077=CIRCLE('',#6968,0.001);
#5078=CIRCLE('',#6969,0.001);
#5079=CIRCLE('',#6976,0.004);
#5080=CIRCLE('',#6977,0.004);
#5081=CIRCLE('',#7063,0.004);
#5082=CIRCLE('',#7064,0.004);
#5083=CIRCLE('',#7065,0.0055);
#5084=CIRCLE('',#7074,0.0008);
#5085=CIRCLE('',#7075,0.0008);
#5086=CIRCLE('',#7076,0.0008);
#5087=CIRCLE('',#7077,0.0008);
#5088=CIRCLE('',#7079,0.0008);
#5089=CIRCLE('',#7080,0.0008);
#5090=CIRCLE('',#7082,0.0008);
#5091=CIRCLE('',#7083,0.0008);
#5092=CIRCLE('',#7085,0.0008);
#5093=CIRCLE('',#7086,0.0008);
#5094=CIRCLE('',#7088,0.0008);
#5095=CIRCLE('',#7089,0.0008);
#5096=CIRCLE('',#7091,0.0008);
#5097=CIRCLE('',#7093,0.0008);
#5098=CIRCLE('',#7095,0.0008);
#5099=CIRCLE('',#7097,0.0008);
#5100=CIRCLE('',#7103,0.005);
#5101=CIRCLE('',#7104,0.005);
#5102=CIRCLE('',#7105,0.005);
#5103=CIRCLE('',#7106,0.005);
#5104=CIRCLE('',#7108,0.004);
#5105=CIRCLE('',#7109,0.004);
#5106=CIRCLE('',#7111,0.004);
#5107=CIRCLE('',#7112,0.004);
#5108=CIRCLE('',#7114,0.00405);
#5109=CIRCLE('',#7115,0.004);
#5110=CIRCLE('',#7116,0.004);
#5111=CIRCLE('',#7147,0.0015);
#5112=CIRCLE('',#7156,0.0015);
#5113=CIRCLE('',#7229,0.0015);
#5114=CIRCLE('',#7230,0.0015);
#5115=CIRCLE('',#7236,0.0015);
#5116=CIRCLE('',#7237,0.0015);
#5117=CIRCLE('',#7241,0.0015);
#5118=CIRCLE('',#7242,0.0015);
#5119=CIRCLE('',#7247,0.0015);
#5120=CIRCLE('',#7248,0.0015);
#5121=CIRCLE('',#7253,0.0055);
#5122=CIRCLE('',#7255,0.00405);
#5123=CIRCLE('',#7307,0.001);
#5124=CIRCLE('',#7308,0.001);
#5125=CIRCLE('',#7310,0.001);
#5126=CIRCLE('',#7311,0.001);
#5127=CIRCLE('',#7313,0.001);
#5128=CIRCLE('',#7314,0.001);
#5129=CIRCLE('',#7316,0.001);
#5130=CIRCLE('',#7317,0.001);
#5131=CIRCLE('',#7320,0.00275);
#5132=CIRCLE('',#7321,0.00275);
#5133=CIRCLE('',#7322,0.00275);
#5134=CIRCLE('',#7323,0.00275);
#5135=CIRCLE('',#7324,0.00275);
#5136=CIRCLE('',#7331,0.00275);
#5137=CIRCLE('',#7332,0.00275);
#5138=CIRCLE('',#7333,0.00275);
#5139=CIRCLE('',#7334,0.00275);
#5140=CIRCLE('',#7335,0.00275);
#5141=EDGE_LOOP('',(#1758,#1759,#1760,#1761));
#5142=EDGE_LOOP('',(#1762,#1763,#1764,#1765));
#5143=EDGE_LOOP('',(#1766,#1767,#1768,#1769));
#5144=EDGE_LOOP('',(#1770,#1771,#1772,#1773,#1774));
#5145=EDGE_LOOP('',(#1775,#1776,#1777,#1778));
#5146=EDGE_LOOP('',(#1779,#1780,#1781,#1782,#1783));
#5147=EDGE_LOOP('',(#1784,#1785,#1786,#1787));
#5148=EDGE_LOOP('',(#1788,#1789,#1790,#1791,#1792));
#5149=EDGE_LOOP('',(#1793,#1794,#1795,#1796));
#5150=EDGE_LOOP('',(#1797,#1798,#1799,#1800,#1801));
#5151=EDGE_LOOP('',(#1802,#1803,#1804,#1805));
#5152=EDGE_LOOP('',(#1806,#1807,#1808,#1809));
#5153=EDGE_LOOP('',(#1810,#1811,#1812,#1813));
#5154=EDGE_LOOP('',(#1814,#1815,#1816,#1817));
#5155=EDGE_LOOP('',(#1818,#1819,#1820,#1821));
#5156=EDGE_LOOP('',(#1822,#1823,#1824,#1825));
#5157=EDGE_LOOP('',(#1826,#1827,#1828,#1829));
#5158=EDGE_LOOP('',(#1830,#1831,#1832,#1833));
#5159=EDGE_LOOP('',(#1834,#1835,#1836,#1837));
#5160=EDGE_LOOP('',(#1838,#1839,#1840,#1841));
#5161=EDGE_LOOP('',(#1842,#1843,#1844,#1845));
#5162=EDGE_LOOP('',(#1846,#1847,#1848,#1849));
#5163=EDGE_LOOP('',(#1850,#1851,#1852,#1853));
#5164=EDGE_LOOP('',(#1854,#1855,#1856,#1857));
#5165=EDGE_LOOP('',(#1858,#1859,#1860,#1861));
#5166=EDGE_LOOP('',(#1862,#1863,#1864,#1865));
#5167=EDGE_LOOP('',(#1866,#1867,#1868,#1869));
#5168=EDGE_LOOP('',(#1870,#1871,#1872,#1873));
#5169=EDGE_LOOP('',(#1874));
#5170=EDGE_LOOP('',(#1875,#1876,#1877,#1878));
#5171=EDGE_LOOP('',(#1879,#1880,#1881,#1882));
#5172=EDGE_LOOP('',(#1883,#1884,#1885,#1886,#1887,#1888,#1889));
#5173=EDGE_LOOP('',(#1890,#1891,#1892,#1893,#1894,#1895,#1896));
#5174=EDGE_LOOP('',(#1897,#1898,#1899,#1900));
#5175=EDGE_LOOP('',(#1901,#1902,#1903,#1904));
#5176=EDGE_LOOP('',(#1905));
#5177=EDGE_LOOP('',(#1906,#1907,#1908,#1909));
#5178=EDGE_LOOP('',(#1910,#1911,#1912,#1913));
#5179=EDGE_LOOP('',(#1914,#1915,#1916,#1917,#1918));
#5180=EDGE_LOOP('',(#1919,#1920,#1921,#1922));
#5181=EDGE_LOOP('',(#1923,#1924,#1925,#1926,#1927));
#5182=EDGE_LOOP('',(#1928,#1929,#1930,#1931));
#5183=EDGE_LOOP('',(#1932));
#5184=EDGE_LOOP('',(#1933));
#5185=EDGE_LOOP('',(#1934,#1935,#1936,#1937));
#5186=EDGE_LOOP('',(#1938,#1939,#1940,#1941));
#5187=EDGE_LOOP('',(#1942,#1943,#1944,#1945));
#5188=EDGE_LOOP('',(#1946,#1947,#1948,#1949));
#5189=EDGE_LOOP('',(#1950,#1951,#1952,#1953,#1954,#1955,#1956,#1957));
#5190=EDGE_LOOP('',(#1958,#1959,#1960,#1961,#1962,#1963,#1964,#1965));
#5191=EDGE_LOOP('',(#1966,#1967,#1968,#1969,#1970,#1971,#1972,#1973));
#5192=EDGE_LOOP('',(#1974,#1975,#1976,#1977,#1978,#1979,#1980,#1981));
#5193=EDGE_LOOP('',(#1982,#1983,#1984,#1985));
#5194=EDGE_LOOP('',(#1986,#1987,#1988,#1989));
#5195=EDGE_LOOP('',(#1990,#1991,#1992,#1993,#1994));
#5196=EDGE_LOOP('',(#1995,#1996,#1997,#1998,#1999));
#5197=EDGE_LOOP('',(#2000,#2001,#2002,#2003));
#5198=EDGE_LOOP('',(#2004,#2005,#2006,#2007,#2008));
#5199=EDGE_LOOP('',(#2009,#2010,#2011,#2012,#2013));
#5200=EDGE_LOOP('',(#2014,#2015,#2016,#2017));
#5201=EDGE_LOOP('',(#2018,#2019,#2020,#2021));
#5202=EDGE_LOOP('',(#2022,#2023,#2024,#2025));
#5203=EDGE_LOOP('',(#2026,#2027,#2028,#2029));
#5204=EDGE_LOOP('',(#2030,#2031,#2032,#2033));
#5205=EDGE_LOOP('',(#2034,#2035,#2036,#2037));
#5206=EDGE_LOOP('',(#2038,#2039,#2040,#2041));
#5207=EDGE_LOOP('',(#2042,#2043,#2044,#2045));
#5208=EDGE_LOOP('',(#2046,#2047,#2048,#2049));
#5209=EDGE_LOOP('',(#2050,#2051,#2052,#2053));
#5210=EDGE_LOOP('',(#2054,#2055,#2056,#2057));
#5211=EDGE_LOOP('',(#2058));
#5212=EDGE_LOOP('',(#2059));
#5213=EDGE_LOOP('',(#2060,#2061,#2062,#2063));
#5214=EDGE_LOOP('',(#2064,#2065,#2066,#2067));
#5215=EDGE_LOOP('',(#2068,#2069,#2070,#2071,#2072,#2073));
#5216=EDGE_LOOP('',(#2074,#2075,#2076,#2077));
#5217=EDGE_LOOP('',(#2078,#2079,#2080,#2081));
#5218=EDGE_LOOP('',(#2082,#2083,#2084,#2085));
#5219=EDGE_LOOP('',(#2086,#2087,#2088,#2089));
#5220=EDGE_LOOP('',(#2090,#2091,#2092,#2093));
#5221=EDGE_LOOP('',(#2094,#2095,#2096,#2097));
#5222=EDGE_LOOP('',(#2098,#2099,#2100,#2101));
#5223=EDGE_LOOP('',(#2102,#2103,#2104,#2105));
#5224=EDGE_LOOP('',(#2106,#2107,#2108,#2109));
#5225=EDGE_LOOP('',(#2110,#2111,#2112,#2113));
#5226=EDGE_LOOP('',(#2114,#2115,#2116,#2117));
#5227=EDGE_LOOP('',(#2118));
#5228=EDGE_LOOP('',(#2119));
#5229=EDGE_LOOP('',(#2120));
#5230=EDGE_LOOP('',(#2121));
#5231=EDGE_LOOP('',(#2122));
#5232=EDGE_LOOP('',(#2123));
#5233=EDGE_LOOP('',(#2124));
#5234=EDGE_LOOP('',(#2125));
#5235=EDGE_LOOP('',(#2126,#2127,#2128,#2129));
#5236=EDGE_LOOP('',(#2130,#2131,#2132,#2133));
#5237=EDGE_LOOP('',(#2134,#2135,#2136,#2137));
#5238=EDGE_LOOP('',(#2138,#2139,#2140,#2141));
#5239=EDGE_LOOP('',(#2142,#2143,#2144,#2145));
#5240=EDGE_LOOP('',(#2146));
#5241=EDGE_LOOP('',(#2147));
#5242=EDGE_LOOP('',(#2148,#2149,#2150,#2151));
#5243=EDGE_LOOP('',(#2152,#2153,#2154,#2155));
#5244=EDGE_LOOP('',(#2156,#2157,#2158,#2159));
#5245=EDGE_LOOP('',(#2160,#2161,#2162,#2163));
#5246=EDGE_LOOP('',(#2164,#2165,#2166,#2167));
#5247=EDGE_LOOP('',(#2168,#2169,#2170,#2171));
#5248=EDGE_LOOP('',(#2172,#2173,#2174,#2175,#2176,#2177,#2178,#2179,#2180,
#2181,#2182,#2183));
#5249=EDGE_LOOP('',(#2184));
#5250=EDGE_LOOP('',(#2185));
#5251=EDGE_LOOP('',(#2186));
#5252=EDGE_LOOP('',(#2187));
#5253=EDGE_LOOP('',(#2188,#2189,#2190,#2191,#2192,#2193,#2194,#2195,#2196,
#2197,#2198,#2199));
#5254=EDGE_LOOP('',(#2200));
#5255=EDGE_LOOP('',(#2201));
#5256=EDGE_LOOP('',(#2202));
#5257=EDGE_LOOP('',(#2203));
#5258=EDGE_LOOP('',(#2204,#2205,#2206,#2207,#2208,#2209,#2210,#2211));
#5259=EDGE_LOOP('',(#2212,#2213,#2214,#2215,#2216,#2217));
#5260=EDGE_LOOP('',(#2218,#2219,#2220,#2221,#2222,#2223,#2224,#2225));
#5261=EDGE_LOOP('',(#2226,#2227,#2228,#2229));
#5262=EDGE_LOOP('',(#2230,#2231,#2232,#2233,#2234,#2235,#2236,#2237));
#5263=EDGE_LOOP('',(#2238,#2239,#2240,#2241,#2242,#2243,#2244,#2245));
#5264=EDGE_LOOP('',(#2246,#2247,#2248,#2249));
#5265=EDGE_LOOP('',(#2250,#2251,#2252,#2253));
#5266=EDGE_LOOP('',(#2254,#2255,#2256,#2257));
#5267=EDGE_LOOP('',(#2258,#2259,#2260,#2261,#2262,#2263,#2264,#2265));
#5268=EDGE_LOOP('',(#2266,#2267,#2268,#2269));
#5269=EDGE_LOOP('',(#2270,#2271,#2272,#2273,#2274,#2275,#2276,#2277));
#5270=EDGE_LOOP('',(#2278,#2279,#2280,#2281));
#5271=EDGE_LOOP('',(#2282,#2283,#2284,#2285,#2286,#2287,#2288,#2289));
#5272=EDGE_LOOP('',(#2290,#2291,#2292,#2293,#2294,#2295,#2296,#2297));
#5273=EDGE_LOOP('',(#2298,#2299,#2300,#2301));
#5274=EDGE_LOOP('',(#2302,#2303,#2304,#2305));
#5275=EDGE_LOOP('',(#2306,#2307,#2308,#2309));
#5276=EDGE_LOOP('',(#2310,#2311,#2312,#2313));
#5277=EDGE_LOOP('',(#2314,#2315,#2316,#2317));
#5278=EDGE_LOOP('',(#2318,#2319,#2320,#2321));
#5279=EDGE_LOOP('',(#2322,#2323,#2324,#2325));
#5280=EDGE_LOOP('',(#2326,#2327,#2328,#2329));
#5281=EDGE_LOOP('',(#2330,#2331,#2332,#2333));
#5282=EDGE_LOOP('',(#2334,#2335,#2336,#2337));
#5283=EDGE_LOOP('',(#2338,#2339,#2340,#2341));
#5284=EDGE_LOOP('',(#2342,#2343,#2344,#2345));
#5285=EDGE_LOOP('',(#2346,#2347,#2348,#2349));
#5286=EDGE_LOOP('',(#2350,#2351,#2352,#2353));
#5287=EDGE_LOOP('',(#2354,#2355,#2356,#2357));
#5288=EDGE_LOOP('',(#2358,#2359,#2360,#2361,#2362,#2363,#2364,#2365));
#5289=EDGE_LOOP('',(#2366,#2367,#2368,#2369,#2370,#2371,#2372,#2373));
#5290=EDGE_LOOP('',(#2374,#2375,#2376,#2377));
#5291=EDGE_LOOP('',(#2378,#2379,#2380,#2381,#2382,#2383));
#5292=EDGE_LOOP('',(#2384,#2385,#2386,#2387,#2388,#2389,#2390,#2391));
#5293=EDGE_LOOP('',(#2392,#2393,#2394,#2395,#2396,#2397,#2398,#2399));
#5294=EDGE_LOOP('',(#2400,#2401,#2402,#2403));
#5295=EDGE_LOOP('',(#2404,#2405,#2406,#2407));
#5296=EDGE_LOOP('',(#2408,#2409,#2410,#2411));
#5297=EDGE_LOOP('',(#2412,#2413,#2414,#2415,#2416,#2417,#2418,#2419));
#5298=EDGE_LOOP('',(#2420,#2421,#2422,#2423,#2424,#2425,#2426,#2427));
#5299=EDGE_LOOP('',(#2428,#2429,#2430,#2431));
#5300=EDGE_LOOP('',(#2432,#2433,#2434,#2435,#2436,#2437,#2438,#2439));
#5301=EDGE_LOOP('',(#2440,#2441,#2442,#2443));
#5302=EDGE_LOOP('',(#2444,#2445,#2446,#2447,#2448,#2449,#2450,#2451));
#5303=EDGE_LOOP('',(#2452,#2453,#2454,#2455));
#5304=EDGE_LOOP('',(#2456,#2457,#2458,#2459));
#5305=EDGE_LOOP('',(#2460,#2461,#2462,#2463));
#5306=EDGE_LOOP('',(#2464,#2465,#2466,#2467));
#5307=EDGE_LOOP('',(#2468,#2469,#2470,#2471));
#5308=EDGE_LOOP('',(#2472,#2473,#2474,#2475));
#5309=EDGE_LOOP('',(#2476,#2477,#2478,#2479));
#5310=EDGE_LOOP('',(#2480,#2481,#2482,#2483));
#5311=EDGE_LOOP('',(#2484,#2485,#2486,#2487));
#5312=EDGE_LOOP('',(#2488,#2489,#2490,#2491));
#5313=EDGE_LOOP('',(#2492,#2493,#2494,#2495));
#5314=EDGE_LOOP('',(#2496,#2497,#2498,#2499));
#5315=EDGE_LOOP('',(#2500,#2501,#2502,#2503));
#5316=EDGE_LOOP('',(#2504));
#5317=EDGE_LOOP('',(#2505));
#5318=EDGE_LOOP('',(#2506));
#5319=EDGE_LOOP('',(#2507));
#5320=EDGE_LOOP('',(#2508,#2509,#2510,#2511));
#5321=EDGE_LOOP('',(#2512,#2513,#2514,#2515));
#5322=EDGE_LOOP('',(#2516,#2517,#2518,#2519,#2520,#2521,#2522,#2523,#2524,
#2525,#2526,#2527));
#5323=EDGE_LOOP('',(#2528,#2529,#2530,#2531,#2532,#2533,#2534));
#5324=EDGE_LOOP('',(#2535));
#5325=EDGE_LOOP('',(#2536));
#5326=EDGE_LOOP('',(#2537));
#5327=EDGE_LOOP('',(#2538,#2539,#2540,#2541,#2542,#2543));
#5328=EDGE_LOOP('',(#2544,#2545,#2546,#2547,#2548,#2549));
#5329=EDGE_LOOP('',(#2550,#2551,#2552,#2553,#2554,#2555,#2556,#2557,#2558,
#2559,#2560,#2561,#2562));
#5330=EDGE_LOOP('',(#2563,#2564,#2565,#2566));
#5331=EDGE_LOOP('',(#2567,#2568,#2569,#2570));
#5332=EDGE_LOOP('',(#2571,#2572,#2573,#2574,#2575,#2576,#2577,#2578));
#5333=EDGE_LOOP('',(#2579,#2580,#2581,#2582));
#5334=EDGE_LOOP('',(#2583,#2584,#2585,#2586,#2587,#2588,#2589,#2590,#2591,
#2592,#2593,#2594,#2595,#2596,#2597,#2598));
#5335=EDGE_LOOP('',(#2599,#2600,#2601,#2602,#2603));
#5336=EDGE_LOOP('',(#2604,#2605,#2606,#2607,#2608));
#5337=EDGE_LOOP('',(#2609));
#5338=EDGE_LOOP('',(#2610));
#5339=EDGE_LOOP('',(#2611));
#5340=EDGE_LOOP('',(#2612));
#5341=EDGE_LOOP('',(#2613,#2614,#2615,#2616,#2617,#2618,#2619,#2620,#2621,
#2622,#2623,#2624,#2625,#2626));
#5342=EDGE_LOOP('',(#2627));
#5343=EDGE_LOOP('',(#2628));
#5344=EDGE_LOOP('',(#2629));
#5345=EDGE_LOOP('',(#2630));
#5346=EDGE_LOOP('',(#2631));
#5347=EDGE_LOOP('',(#2632));
#5348=EDGE_LOOP('',(#2633));
#5349=EDGE_LOOP('',(#2634));
#5350=EDGE_LOOP('',(#2635));
#5351=EDGE_LOOP('',(#2636));
#5352=EDGE_LOOP('',(#2637));
#5353=EDGE_LOOP('',(#2638));
#5354=EDGE_LOOP('',(#2639));
#5355=EDGE_LOOP('',(#2640));
#5356=EDGE_LOOP('',(#2641));
#5357=EDGE_LOOP('',(#2642));
#5358=EDGE_LOOP('',(#2643,#2644,#2645,#2646,#2647,#2648,#2649,#2650));
#5359=EDGE_LOOP('',(#2651,#2652,#2653,#2654,#2655,#2656,#2657,#2658,#2659,
#2660,#2661,#2662));
#5360=EDGE_LOOP('',(#2663,#2664,#2665,#2666,#2667,#2668,#2669,#2670,#2671,
#2672,#2673,#2674));
#5361=EDGE_LOOP('',(#2675,#2676,#2677,#2678,#2679,#2680,#2681,#2682,#2683,
#2684,#2685,#2686,#2687,#2688));
#5362=EDGE_LOOP('',(#2689));
#5363=EDGE_LOOP('',(#2690));
#5364=EDGE_LOOP('',(#2691));
#5365=EDGE_LOOP('',(#2692));
#5366=EDGE_LOOP('',(#2693,#2694,#2695));
#5367=EDGE_LOOP('',(#2696,#2697,#2698));
#5368=EDGE_LOOP('',(#2699,#2700,#2701));
#5369=EDGE_LOOP('',(#2702,#2703,#2704));
#5370=EDGE_LOOP('',(#2705,#2706,#2707,#2708));
#5371=EDGE_LOOP('',(#2709));
#5372=EDGE_LOOP('',(#2710));
#5373=EDGE_LOOP('',(#2711,#2712,#2713,#2714,#2715,#2716));
#5374=EDGE_LOOP('',(#2717,#2718,#2719,#2720,#2721,#2722));
#5375=EDGE_LOOP('',(#2723,#2724,#2725,#2726,#2727,#2728));
#5376=EDGE_LOOP('',(#2729,#2730,#2731,#2732,#2733,#2734));
#5377=EDGE_LOOP('',(#2735,#2736,#2737,#2738,#2739,#2740,#2741,#2742,#2743,
#2744,#2745,#2746,#2747));
#5378=EDGE_LOOP('',(#2748));
#5379=EDGE_LOOP('',(#2749));
#5380=EDGE_LOOP('',(#2750,#2751,#2752,#2753));
#5381=EDGE_LOOP('',(#2754));
#5382=EDGE_LOOP('',(#2755));
#5383=EDGE_LOOP('',(#2756));
#5384=EDGE_LOOP('',(#2757,#2758,#2759,#2760));
#5385=EDGE_LOOP('',(#2761,#2762,#2763,#2764,#2765,#2766,#2767,#2768));
#5386=EDGE_LOOP('',(#2769,#2770,#2771,#2772));
#5387=EDGE_LOOP('',(#2773,#2774,#2775,#2776));
#5388=EDGE_LOOP('',(#2777,#2778,#2779,#2780));
#5389=EDGE_LOOP('',(#2781,#2782,#2783,#2784));
#5390=EDGE_LOOP('',(#2785,#2786,#2787,#2788));
#5391=EDGE_LOOP('',(#2789,#2790,#2791,#2792));
#5392=EDGE_LOOP('',(#2793,#2794,#2795,#2796));
#5393=EDGE_LOOP('',(#2797,#2798,#2799,#2800));
#5394=EDGE_LOOP('',(#2801,#2802,#2803,#2804));
#5395=EDGE_LOOP('',(#2805,#2806,#2807,#2808));
#5396=EDGE_LOOP('',(#2809,#2810,#2811,#2812));
#5397=EDGE_LOOP('',(#2813,#2814,#2815,#2816));
#5398=EDGE_LOOP('',(#2817,#2818,#2819,#2820));
#5399=EDGE_LOOP('',(#2821,#2822,#2823,#2824));
#5400=EDGE_LOOP('',(#2825,#2826,#2827,#2828));
#5401=EDGE_LOOP('',(#2829,#2830,#2831,#2832));
#5402=EDGE_LOOP('',(#2833));
#5403=EDGE_LOOP('',(#2834));
#5404=EDGE_LOOP('',(#2835));
#5405=EDGE_LOOP('',(#2836));
#5406=EDGE_LOOP('',(#2837));
#5407=EDGE_LOOP('',(#2838));
#5408=EDGE_LOOP('',(#2839));
#5409=EDGE_LOOP('',(#2840));
#5410=EDGE_LOOP('',(#2841,#2842,#2843,#2844,#2845,#2846,#2847));
#5411=EDGE_LOOP('',(#2848,#2849,#2850,#2851));
#5412=EDGE_LOOP('',(#2852));
#5413=EDGE_LOOP('',(#2853));
#5414=EDGE_LOOP('',(#2854));
#5415=EDGE_LOOP('',(#2855,#2856,#2857,#2858));
#5416=EDGE_LOOP('',(#2859,#2860,#2861,#2862));
#5417=EDGE_LOOP('',(#2863,#2864,#2865,#2866,#2867));
#5418=EDGE_LOOP('',(#2868,#2869,#2870,#2871));
#5419=EDGE_LOOP('',(#2872,#2873,#2874,#2875,#2876));
#5420=EDGE_LOOP('',(#2877));
#5421=EDGE_LOOP('',(#2878));
#5422=EDGE_LOOP('',(#2879));
#5423=EDGE_LOOP('',(#2880));
#5424=EDGE_LOOP('',(#2881,#2882,#2883,#2884));
#5425=EDGE_LOOP('',(#2885,#2886,#2887,#2888));
#5426=EDGE_LOOP('',(#2889,#2890,#2891,#2892));
#5427=EDGE_LOOP('',(#2893,#2894,#2895,#2896));
#5428=EDGE_LOOP('',(#2897,#2898,#2899,#2900));
#5429=EDGE_LOOP('',(#2901));
#5430=EDGE_LOOP('',(#2902,#2903,#2904,#2905,#2906,#2907));
#5431=EDGE_LOOP('',(#2908,#2909,#2910,#2911));
#5432=EDGE_LOOP('',(#2912,#2913,#2914,#2915));
#5433=EDGE_LOOP('',(#2916,#2917,#2918,#2919,#2920,#2921));
#5434=EDGE_LOOP('',(#2922,#2923,#2924,#2925,#2926,#2927));
#5435=EDGE_LOOP('',(#2928,#2929,#2930,#2931));
#5436=EDGE_LOOP('',(#2932,#2933,#2934,#2935,#2936,#2937));
#5437=EDGE_LOOP('',(#2938,#2939,#2940,#2941));
#5438=EDGE_LOOP('',(#2942,#2943,#2944,#2945));
#5439=EDGE_LOOP('',(#2946,#2947,#2948,#2949));
#5440=EDGE_LOOP('',(#2950,#2951,#2952,#2953));
#5441=EDGE_LOOP('',(#2954,#2955,#2956,#2957));
#5442=EDGE_LOOP('',(#2958,#2959,#2960,#2961));
#5443=EDGE_LOOP('',(#2962,#2963,#2964,#2965));
#5444=EDGE_LOOP('',(#2966,#2967,#2968,#2969,#2970,#2971));
#5445=EDGE_LOOP('',(#2972,#2973,#2974,#2975));
#5446=EDGE_LOOP('',(#2976,#2977,#2978,#2979));
#5447=EDGE_LOOP('',(#2980,#2981,#2982,#2983));
#5448=EDGE_LOOP('',(#2984,#2985,#2986,#2987));
#5449=EDGE_LOOP('',(#2988,#2989,#2990,#2991));
#5450=EDGE_LOOP('',(#2992,#2993,#2994,#2995));
#5451=EDGE_LOOP('',(#2996,#2997,#2998,#2999,#3000,#3001));
#5452=EDGE_LOOP('',(#3002,#3003,#3004,#3005));
#5453=EDGE_LOOP('',(#3006,#3007,#3008,#3009));
#5454=EDGE_LOOP('',(#3010,#3011,#3012,#3013));
#5455=EDGE_LOOP('',(#3014,#3015,#3016,#3017));
#5456=EDGE_LOOP('',(#3018,#3019,#3020,#3021));
#5457=EDGE_LOOP('',(#3022,#3023,#3024,#3025));
#5458=EDGE_LOOP('',(#3026,#3027,#3028,#3029,#3030,#3031));
#5459=EDGE_LOOP('',(#3032,#3033,#3034,#3035));
#5460=EDGE_LOOP('',(#3036,#3037,#3038,#3039));
#5461=EDGE_LOOP('',(#3040,#3041,#3042,#3043));
#5462=EDGE_LOOP('',(#3044,#3045,#3046,#3047));
#5463=EDGE_LOOP('',(#3048,#3049,#3050,#3051));
#5464=EDGE_LOOP('',(#3052,#3053,#3054,#3055));
#5465=EDGE_LOOP('',(#3056,#3057,#3058,#3059,#3060,#3061));
#5466=EDGE_LOOP('',(#3062,#3063,#3064,#3065));
#5467=EDGE_LOOP('',(#3066,#3067,#3068,#3069,#3070,#3071));
#5468=EDGE_LOOP('',(#3072,#3073,#3074,#3075));
#5469=EDGE_LOOP('',(#3076,#3077,#3078,#3079));
#5470=EDGE_LOOP('',(#3080,#3081,#3082,#3083,#3084,#3085));
#5471=EDGE_LOOP('',(#3086,#3087,#3088,#3089));
#5472=EDGE_LOOP('',(#3090,#3091,#3092,#3093,#3094,#3095));
#5473=EDGE_LOOP('',(#3096,#3097,#3098,#3099,#3100,#3101));
#5474=EDGE_LOOP('',(#3102,#3103,#3104,#3105));
#5475=EDGE_LOOP('',(#3106,#3107,#3108,#3109));
#5476=EDGE_LOOP('',(#3110,#3111,#3112,#3113,#3114));
#5477=EDGE_LOOP('',(#3115,#3116,#3117,#3118));
#5478=EDGE_LOOP('',(#3119,#3120,#3121,#3122));
#5479=EDGE_LOOP('',(#3123,#3124,#3125,#3126,#3127,#3128));
#5480=EDGE_LOOP('',(#3129,#3130,#3131,#3132));
#5481=EDGE_LOOP('',(#3133,#3134,#3135,#3136,#3137));
#5482=EDGE_LOOP('',(#3138,#3139,#3140,#3141));
#5483=EDGE_LOOP('',(#3142,#3143,#3144,#3145));
#5484=EDGE_LOOP('',(#3146,#3147,#3148,#3149,#3150,#3151));
#5485=EDGE_LOOP('',(#3152,#3153,#3154,#3155));
#5486=EDGE_LOOP('',(#3156,#3157,#3158,#3159,#3160,#3161));
#5487=EDGE_LOOP('',(#3162,#3163,#3164,#3165));
#5488=EDGE_LOOP('',(#3166,#3167,#3168,#3169,#3170,#3171));
#5489=EDGE_LOOP('',(#3172,#3173,#3174,#3175));
#5490=EDGE_LOOP('',(#3176,#3177,#3178,#3179));
#5491=EDGE_LOOP('',(#3180,#3181,#3182,#3183,#3184,#3185));
#5492=EDGE_LOOP('',(#3186,#3187,#3188,#3189));
#5493=EDGE_LOOP('',(#3190,#3191,#3192,#3193,#3194,#3195));
#5494=EDGE_LOOP('',(#3196));
#5495=EDGE_LOOP('',(#3197));
#5496=EDGE_LOOP('',(#3198));
#5497=EDGE_LOOP('',(#3199,#3200,#3201,#3202));
#5498=EDGE_LOOP('',(#3203));
#5499=EDGE_LOOP('',(#3204,#3205,#3206,#3207));
#5500=EDGE_LOOP('',(#3208,#3209,#3210,#3211));
#5501=EDGE_LOOP('',(#3212));
#5502=EDGE_LOOP('',(#3213));
#5503=EDGE_LOOP('',(#3214));
#5504=EDGE_LOOP('',(#3215,#3216,#3217,#3218,#3219));
#5505=EDGE_LOOP('',(#3220));
#5506=EDGE_LOOP('',(#3221));
#5507=EDGE_LOOP('',(#3222));
#5508=EDGE_LOOP('',(#3223,#3224,#3225,#3226));
#5509=EDGE_LOOP('',(#3227));
#5510=EDGE_LOOP('',(#3228,#3229,#3230,#3231));
#5511=EDGE_LOOP('',(#3232,#3233,#3234,#3235));
#5512=EDGE_LOOP('',(#3236));
#5513=EDGE_LOOP('',(#3237));
#5514=EDGE_LOOP('',(#3238,#3239,#3240,#3241,#3242));
#5515=EDGE_LOOP('',(#3243));
#5516=EDGE_LOOP('',(#3244));
#5517=EDGE_LOOP('',(#3245));
#5518=EDGE_LOOP('',(#3246));
#5519=EDGE_LOOP('',(#3247));
#5520=EDGE_LOOP('',(#3248));
#5521=EDGE_LOOP('',(#3249));
#5522=EDGE_LOOP('',(#3250));
#5523=EDGE_LOOP('',(#3251));
#5524=EDGE_LOOP('',(#3252));
#5525=EDGE_LOOP('',(#3253));
#5526=EDGE_LOOP('',(#3254));
#5527=EDGE_LOOP('',(#3255));
#5528=EDGE_LOOP('',(#3256));
#5529=EDGE_LOOP('',(#3257));
#5530=EDGE_LOOP('',(#3258));
#5531=EDGE_LOOP('',(#3259));
#5532=EDGE_LOOP('',(#3260,#3261,#3262,#3263));
#5533=EDGE_LOOP('',(#3264,#3265,#3266,#3267));
#5534=EDGE_LOOP('',(#3268,#3269,#3270,#3271));
#5535=EDGE_LOOP('',(#3272,#3273,#3274,#3275));
#5536=EDGE_LOOP('',(#3276,#3277,#3278,#3279));
#5537=EDGE_LOOP('',(#3280,#3281,#3282,#3283,#3284));
#5538=EDGE_LOOP('',(#3285,#3286,#3287,#3288,#3289));
#5539=EDGE_LOOP('',(#3290,#3291,#3292,#3293));
#5540=EDGE_LOOP('',(#3294,#3295,#3296,#3297));
#5541=EDGE_LOOP('',(#3298,#3299,#3300,#3301));
#5542=EDGE_LOOP('',(#3302,#3303,#3304,#3305));
#5543=EDGE_LOOP('',(#3306,#3307,#3308,#3309));
#5544=EDGE_LOOP('',(#3310,#3311,#3312,#3313));
#5545=EDGE_LOOP('',(#3314,#3315,#3316,#3317));
#5546=EDGE_LOOP('',(#3318,#3319,#3320,#3321));
#5547=EDGE_LOOP('',(#3322,#3323,#3324,#3325));
#5548=EDGE_LOOP('',(#3326,#3327,#3328,#3329));
#5549=EDGE_LOOP('',(#3330,#3331,#3332,#3333));
#5550=EDGE_LOOP('',(#3334,#3335,#3336,#3337));
#5551=EDGE_LOOP('',(#3338,#3339,#3340,#3341));
#5552=EDGE_LOOP('',(#3342,#3343,#3344,#3345));
#5553=EDGE_LOOP('',(#3346,#3347,#3348,#3349));
#5554=EDGE_LOOP('',(#3350,#3351,#3352,#3353));
#5555=EDGE_LOOP('',(#3354,#3355,#3356,#3357));
#5556=EDGE_LOOP('',(#3358,#3359,#3360,#3361));
#5557=EDGE_LOOP('',(#3362,#3363,#3364,#3365,#3366));
#5558=EDGE_LOOP('',(#3367,#3368,#3369,#3370,#3371));
#5559=EDGE_LOOP('',(#3372,#3373,#3374,#3375));
#5560=EDGE_LOOP('',(#3376,#3377,#3378,#3379));
#5561=EDGE_LOOP('',(#3380,#3381,#3382,#3383));
#5562=EDGE_LOOP('',(#3384,#3385,#3386,#3387));
#5563=EDGE_LOOP('',(#3388,#3389,#3390,#3391));
#5564=EDGE_LOOP('',(#3392,#3393,#3394,#3395));
#5565=EDGE_LOOP('',(#3396,#3397,#3398,#3399));
#5566=EDGE_LOOP('',(#3400,#3401,#3402,#3403));
#5567=EDGE_LOOP('',(#3404,#3405,#3406,#3407));
#5568=EDGE_LOOP('',(#3408,#3409,#3410,#3411));
#5569=EDGE_LOOP('',(#3412,#3413,#3414,#3415));
#5570=EDGE_LOOP('',(#3416,#3417,#3418,#3419));
#5571=EDGE_LOOP('',(#3420,#3421,#3422,#3423));
#5572=EDGE_LOOP('',(#3424,#3425,#3426,#3427));
#5573=EDGE_LOOP('',(#3428,#3429,#3430,#3431));
#5574=EDGE_LOOP('',(#3432,#3433,#3434,#3435));
#5575=EDGE_LOOP('',(#3436,#3437,#3438,#3439));
#5576=EDGE_LOOP('',(#3440));
#5577=EDGE_LOOP('',(#3441));
#5578=EDGE_LOOP('',(#3442));
#5579=EDGE_LOOP('',(#3443));
#5580=EDGE_LOOP('',(#3444));
#5581=EDGE_LOOP('',(#3445));
#5582=EDGE_LOOP('',(#3446));
#5583=EDGE_LOOP('',(#3447));
#5584=EDGE_LOOP('',(#3448,#3449,#3450,#3451));
#5585=EDGE_LOOP('',(#3452));
#5586=EDGE_LOOP('',(#3453));
#5587=EDGE_LOOP('',(#3454));
#5588=EDGE_LOOP('',(#3455));
#5589=EDGE_LOOP('',(#3456));
#5590=EDGE_LOOP('',(#3457,#3458,#3459,#3460));
#5591=EDGE_LOOP('',(#3461,#3462,#3463,#3464));
#5592=EDGE_LOOP('',(#3465,#3466,#3467,#3468));
#5593=EDGE_LOOP('',(#3469,#3470,#3471,#3472));
#5594=EDGE_LOOP('',(#3473,#3474,#3475,#3476));
#5595=EDGE_LOOP('',(#3477,#3478,#3479,#3480));
#5596=EDGE_LOOP('',(#3481,#3482,#3483,#3484));
#5597=EDGE_LOOP('',(#3485));
#5598=EDGE_LOOP('',(#3486));
#5599=EDGE_LOOP('',(#3487));
#5600=EDGE_LOOP('',(#3488));
#5601=EDGE_LOOP('',(#3489));
#5602=EDGE_LOOP('',(#3490,#3491,#3492,#3493));
#5603=EDGE_LOOP('',(#3494,#3495,#3496,#3497));
#5604=EDGE_LOOP('',(#3498,#3499,#3500,#3501));
#5605=EDGE_LOOP('',(#3502,#3503,#3504,#3505));
#5606=EDGE_LOOP('',(#3506,#3507,#3508,#3509,#3510,#3511,#3512,#3513,#3514,
#3515,#3516,#3517));
#5607=EDGE_LOOP('',(#3518));
#5608=EDGE_LOOP('',(#3519));
#5609=EDGE_LOOP('',(#3520));
#5610=EDGE_LOOP('',(#3521));
#5611=EDGE_LOOP('',(#3522,#3523,#3524,#3525,#3526,#3527,#3528,#3529,#3530,
#3531,#3532,#3533));
#5612=EDGE_LOOP('',(#3534));
#5613=EDGE_LOOP('',(#3535));
#5614=EDGE_LOOP('',(#3536));
#5615=EDGE_LOOP('',(#3537));
#5616=EDGE_LOOP('',(#3538));
#5617=EDGE_LOOP('',(#3539));
#5618=EDGE_LOOP('',(#3540));
#5619=EDGE_LOOP('',(#3541));
#5620=EDGE_LOOP('',(#3542));
#5621=EDGE_LOOP('',(#3543));
#5622=EDGE_LOOP('',(#3544));
#5623=EDGE_LOOP('',(#3545));
#5624=EDGE_LOOP('',(#3546));
#5625=EDGE_LOOP('',(#3547));
#5626=FACE_BOUND('',#5141,.T.);
#5627=FACE_BOUND('',#5142,.T.);
#5628=FACE_BOUND('',#5143,.T.);
#5629=FACE_BOUND('',#5144,.T.);
#5630=FACE_BOUND('',#5145,.T.);
#5631=FACE_BOUND('',#5146,.T.);
#5632=FACE_BOUND('',#5147,.T.);
#5633=FACE_BOUND('',#5148,.T.);
#5634=FACE_BOUND('',#5149,.T.);
#5635=FACE_BOUND('',#5150,.T.);
#5636=FACE_BOUND('',#5151,.T.);
#5637=FACE_BOUND('',#5152,.T.);
#5638=FACE_BOUND('',#5153,.T.);
#5639=FACE_BOUND('',#5154,.T.);
#5640=FACE_BOUND('',#5155,.T.);
#5641=FACE_BOUND('',#5156,.T.);
#5642=FACE_BOUND('',#5157,.T.);
#5643=FACE_BOUND('',#5158,.T.);
#5644=FACE_BOUND('',#5159,.T.);
#5645=FACE_BOUND('',#5160,.T.);
#5646=FACE_BOUND('',#5161,.T.);
#5647=FACE_BOUND('',#5162,.T.);
#5648=FACE_BOUND('',#5163,.T.);
#5649=FACE_BOUND('',#5164,.T.);
#5650=FACE_BOUND('',#5165,.T.);
#5651=FACE_BOUND('',#5166,.T.);
#5652=FACE_BOUND('',#5167,.T.);
#5653=FACE_BOUND('',#5168,.T.);
#5654=FACE_BOUND('',#5169,.T.);
#5655=FACE_BOUND('',#5170,.T.);
#5656=FACE_BOUND('',#5171,.T.);
#5657=FACE_BOUND('',#5172,.T.);
#5658=FACE_BOUND('',#5173,.T.);
#5659=FACE_BOUND('',#5174,.T.);
#5660=FACE_BOUND('',#5175,.T.);
#5661=FACE_BOUND('',#5176,.T.);
#5662=FACE_BOUND('',#5177,.T.);
#5663=FACE_BOUND('',#5178,.T.);
#5664=FACE_BOUND('',#5179,.T.);
#5665=FACE_BOUND('',#5180,.T.);
#5666=FACE_BOUND('',#5181,.T.);
#5667=FACE_BOUND('',#5182,.T.);
#5668=FACE_BOUND('',#5183,.T.);
#5669=FACE_BOUND('',#5184,.T.);
#5670=FACE_BOUND('',#5185,.T.);
#5671=FACE_BOUND('',#5186,.T.);
#5672=FACE_BOUND('',#5187,.T.);
#5673=FACE_BOUND('',#5188,.T.);
#5674=FACE_BOUND('',#5189,.T.);
#5675=FACE_BOUND('',#5190,.T.);
#5676=FACE_BOUND('',#5191,.T.);
#5677=FACE_BOUND('',#5192,.T.);
#5678=FACE_BOUND('',#5193,.T.);
#5679=FACE_BOUND('',#5194,.T.);
#5680=FACE_BOUND('',#5195,.T.);
#5681=FACE_BOUND('',#5196,.T.);
#5682=FACE_BOUND('',#5197,.T.);
#5683=FACE_BOUND('',#5198,.T.);
#5684=FACE_BOUND('',#5199,.T.);
#5685=FACE_BOUND('',#5200,.T.);
#5686=FACE_BOUND('',#5201,.T.);
#5687=FACE_BOUND('',#5202,.T.);
#5688=FACE_BOUND('',#5203,.T.);
#5689=FACE_BOUND('',#5204,.T.);
#5690=FACE_BOUND('',#5205,.T.);
#5691=FACE_BOUND('',#5206,.T.);
#5692=FACE_BOUND('',#5207,.T.);
#5693=FACE_BOUND('',#5208,.T.);
#5694=FACE_BOUND('',#5209,.T.);
#5695=FACE_BOUND('',#5210,.T.);
#5696=FACE_BOUND('',#5211,.T.);
#5697=FACE_BOUND('',#5212,.T.);
#5698=FACE_BOUND('',#5213,.T.);
#5699=FACE_BOUND('',#5214,.T.);
#5700=FACE_BOUND('',#5215,.T.);
#5701=FACE_BOUND('',#5216,.T.);
#5702=FACE_BOUND('',#5217,.T.);
#5703=FACE_BOUND('',#5218,.T.);
#5704=FACE_BOUND('',#5219,.T.);
#5705=FACE_BOUND('',#5220,.T.);
#5706=FACE_BOUND('',#5221,.T.);
#5707=FACE_BOUND('',#5222,.T.);
#5708=FACE_BOUND('',#5223,.T.);
#5709=FACE_BOUND('',#5224,.T.);
#5710=FACE_BOUND('',#5225,.T.);
#5711=FACE_BOUND('',#5226,.T.);
#5712=FACE_BOUND('',#5227,.T.);
#5713=FACE_BOUND('',#5228,.T.);
#5714=FACE_BOUND('',#5229,.T.);
#5715=FACE_BOUND('',#5230,.T.);
#5716=FACE_BOUND('',#5231,.T.);
#5717=FACE_BOUND('',#5232,.T.);
#5718=FACE_BOUND('',#5233,.T.);
#5719=FACE_BOUND('',#5234,.T.);
#5720=FACE_BOUND('',#5235,.T.);
#5721=FACE_BOUND('',#5236,.T.);
#5722=FACE_BOUND('',#5237,.T.);
#5723=FACE_BOUND('',#5238,.T.);
#5724=FACE_BOUND('',#5239,.T.);
#5725=FACE_BOUND('',#5240,.T.);
#5726=FACE_BOUND('',#5241,.T.);
#5727=FACE_BOUND('',#5242,.T.);
#5728=FACE_BOUND('',#5243,.T.);
#5729=FACE_BOUND('',#5244,.T.);
#5730=FACE_BOUND('',#5245,.T.);
#5731=FACE_BOUND('',#5246,.T.);
#5732=FACE_BOUND('',#5247,.T.);
#5733=FACE_BOUND('',#5248,.T.);
#5734=FACE_BOUND('',#5249,.T.);
#5735=FACE_BOUND('',#5250,.T.);
#5736=FACE_BOUND('',#5251,.T.);
#5737=FACE_BOUND('',#5252,.T.);
#5738=FACE_BOUND('',#5253,.T.);
#5739=FACE_BOUND('',#5254,.T.);
#5740=FACE_BOUND('',#5255,.T.);
#5741=FACE_BOUND('',#5256,.T.);
#5742=FACE_BOUND('',#5257,.T.);
#5743=FACE_BOUND('',#5258,.T.);
#5744=FACE_BOUND('',#5259,.T.);
#5745=FACE_BOUND('',#5260,.T.);
#5746=FACE_BOUND('',#5261,.T.);
#5747=FACE_BOUND('',#5262,.T.);
#5748=FACE_BOUND('',#5263,.T.);
#5749=FACE_BOUND('',#5264,.T.);
#5750=FACE_BOUND('',#5265,.T.);
#5751=FACE_BOUND('',#5266,.T.);
#5752=FACE_BOUND('',#5267,.T.);
#5753=FACE_BOUND('',#5268,.T.);
#5754=FACE_BOUND('',#5269,.T.);
#5755=FACE_BOUND('',#5270,.T.);
#5756=FACE_BOUND('',#5271,.T.);
#5757=FACE_BOUND('',#5272,.T.);
#5758=FACE_BOUND('',#5273,.T.);
#5759=FACE_BOUND('',#5274,.T.);
#5760=FACE_BOUND('',#5275,.T.);
#5761=FACE_BOUND('',#5276,.T.);
#5762=FACE_BOUND('',#5277,.T.);
#5763=FACE_BOUND('',#5278,.T.);
#5764=FACE_BOUND('',#5279,.T.);
#5765=FACE_BOUND('',#5280,.T.);
#5766=FACE_BOUND('',#5281,.T.);
#5767=FACE_BOUND('',#5282,.T.);
#5768=FACE_BOUND('',#5283,.T.);
#5769=FACE_BOUND('',#5284,.T.);
#5770=FACE_BOUND('',#5285,.T.);
#5771=FACE_BOUND('',#5286,.T.);
#5772=FACE_BOUND('',#5287,.T.);
#5773=FACE_BOUND('',#5288,.T.);
#5774=FACE_BOUND('',#5289,.T.);
#5775=FACE_BOUND('',#5290,.T.);
#5776=FACE_BOUND('',#5291,.T.);
#5777=FACE_BOUND('',#5292,.T.);
#5778=FACE_BOUND('',#5293,.T.);
#5779=FACE_BOUND('',#5294,.T.);
#5780=FACE_BOUND('',#5295,.T.);
#5781=FACE_BOUND('',#5296,.T.);
#5782=FACE_BOUND('',#5297,.T.);
#5783=FACE_BOUND('',#5298,.T.);
#5784=FACE_BOUND('',#5299,.T.);
#5785=FACE_BOUND('',#5300,.T.);
#5786=FACE_BOUND('',#5301,.T.);
#5787=FACE_BOUND('',#5302,.T.);
#5788=FACE_BOUND('',#5303,.T.);
#5789=FACE_BOUND('',#5304,.T.);
#5790=FACE_BOUND('',#5305,.T.);
#5791=FACE_BOUND('',#5306,.T.);
#5792=FACE_BOUND('',#5307,.T.);
#5793=FACE_BOUND('',#5308,.T.);
#5794=FACE_BOUND('',#5309,.T.);
#5795=FACE_BOUND('',#5310,.T.);
#5796=FACE_BOUND('',#5311,.T.);
#5797=FACE_BOUND('',#5312,.T.);
#5798=FACE_BOUND('',#5313,.T.);
#5799=FACE_BOUND('',#5314,.T.);
#5800=FACE_BOUND('',#5315,.T.);
#5801=FACE_BOUND('',#5316,.T.);
#5802=FACE_BOUND('',#5317,.T.);
#5803=FACE_BOUND('',#5318,.T.);
#5804=FACE_BOUND('',#5319,.T.);
#5805=FACE_BOUND('',#5320,.T.);
#5806=FACE_BOUND('',#5321,.T.);
#5807=FACE_BOUND('',#5322,.T.);
#5808=FACE_BOUND('',#5323,.T.);
#5809=FACE_BOUND('',#5324,.T.);
#5810=FACE_BOUND('',#5325,.T.);
#5811=FACE_BOUND('',#5326,.T.);
#5812=FACE_BOUND('',#5327,.T.);
#5813=FACE_BOUND('',#5328,.T.);
#5814=FACE_BOUND('',#5329,.T.);
#5815=FACE_BOUND('',#5330,.T.);
#5816=FACE_BOUND('',#5331,.T.);
#5817=FACE_BOUND('',#5332,.T.);
#5818=FACE_BOUND('',#5333,.T.);
#5819=FACE_BOUND('',#5334,.T.);
#5820=FACE_BOUND('',#5335,.T.);
#5821=FACE_BOUND('',#5336,.T.);
#5822=FACE_BOUND('',#5337,.T.);
#5823=FACE_BOUND('',#5338,.T.);
#5824=FACE_BOUND('',#5339,.T.);
#5825=FACE_BOUND('',#5340,.T.);
#5826=FACE_BOUND('',#5341,.T.);
#5827=FACE_BOUND('',#5342,.T.);
#5828=FACE_BOUND('',#5343,.T.);
#5829=FACE_BOUND('',#5344,.T.);
#5830=FACE_BOUND('',#5345,.T.);
#5831=FACE_BOUND('',#5346,.T.);
#5832=FACE_BOUND('',#5347,.T.);
#5833=FACE_BOUND('',#5348,.T.);
#5834=FACE_BOUND('',#5349,.T.);
#5835=FACE_BOUND('',#5350,.T.);
#5836=FACE_BOUND('',#5351,.T.);
#5837=FACE_BOUND('',#5352,.T.);
#5838=FACE_BOUND('',#5353,.T.);
#5839=FACE_BOUND('',#5354,.T.);
#5840=FACE_BOUND('',#5355,.T.);
#5841=FACE_BOUND('',#5356,.T.);
#5842=FACE_BOUND('',#5357,.T.);
#5843=FACE_BOUND('',#5358,.T.);
#5844=FACE_BOUND('',#5359,.T.);
#5845=FACE_BOUND('',#5360,.T.);
#5846=FACE_BOUND('',#5361,.T.);
#5847=FACE_BOUND('',#5362,.T.);
#5848=FACE_BOUND('',#5363,.T.);
#5849=FACE_BOUND('',#5364,.T.);
#5850=FACE_BOUND('',#5365,.T.);
#5851=FACE_BOUND('',#5366,.T.);
#5852=FACE_BOUND('',#5367,.T.);
#5853=FACE_BOUND('',#5368,.T.);
#5854=FACE_BOUND('',#5369,.T.);
#5855=FACE_BOUND('',#5370,.T.);
#5856=FACE_BOUND('',#5371,.T.);
#5857=FACE_BOUND('',#5372,.T.);
#5858=FACE_BOUND('',#5373,.T.);
#5859=FACE_BOUND('',#5374,.T.);
#5860=FACE_BOUND('',#5375,.T.);
#5861=FACE_BOUND('',#5376,.T.);
#5862=FACE_BOUND('',#5377,.T.);
#5863=FACE_BOUND('',#5378,.T.);
#5864=FACE_BOUND('',#5379,.T.);
#5865=FACE_BOUND('',#5380,.T.);
#5866=FACE_BOUND('',#5381,.T.);
#5867=FACE_BOUND('',#5382,.T.);
#5868=FACE_BOUND('',#5383,.T.);
#5869=FACE_BOUND('',#5384,.T.);
#5870=FACE_BOUND('',#5385,.T.);
#5871=FACE_BOUND('',#5386,.T.);
#5872=FACE_BOUND('',#5387,.T.);
#5873=FACE_BOUND('',#5388,.T.);
#5874=FACE_BOUND('',#5389,.T.);
#5875=FACE_BOUND('',#5390,.T.);
#5876=FACE_BOUND('',#5391,.T.);
#5877=FACE_BOUND('',#5392,.T.);
#5878=FACE_BOUND('',#5393,.T.);
#5879=FACE_BOUND('',#5394,.T.);
#5880=FACE_BOUND('',#5395,.T.);
#5881=FACE_BOUND('',#5396,.T.);
#5882=FACE_BOUND('',#5397,.T.);
#5883=FACE_BOUND('',#5398,.T.);
#5884=FACE_BOUND('',#5399,.T.);
#5885=FACE_BOUND('',#5400,.T.);
#5886=FACE_BOUND('',#5401,.T.);
#5887=FACE_BOUND('',#5402,.T.);
#5888=FACE_BOUND('',#5403,.T.);
#5889=FACE_BOUND('',#5404,.T.);
#5890=FACE_BOUND('',#5405,.T.);
#5891=FACE_BOUND('',#5406,.T.);
#5892=FACE_BOUND('',#5407,.T.);
#5893=FACE_BOUND('',#5408,.T.);
#5894=FACE_BOUND('',#5409,.T.);
#5895=FACE_BOUND('',#5410,.T.);
#5896=FACE_BOUND('',#5411,.T.);
#5897=FACE_BOUND('',#5412,.T.);
#5898=FACE_BOUND('',#5413,.T.);
#5899=FACE_BOUND('',#5414,.T.);
#5900=FACE_BOUND('',#5415,.T.);
#5901=FACE_BOUND('',#5416,.T.);
#5902=FACE_BOUND('',#5417,.T.);
#5903=FACE_BOUND('',#5418,.T.);
#5904=FACE_BOUND('',#5419,.T.);
#5905=FACE_BOUND('',#5420,.T.);
#5906=FACE_BOUND('',#5421,.T.);
#5907=FACE_BOUND('',#5422,.T.);
#5908=FACE_BOUND('',#5423,.T.);
#5909=FACE_BOUND('',#5424,.T.);
#5910=FACE_BOUND('',#5425,.T.);
#5911=FACE_BOUND('',#5426,.T.);
#5912=FACE_BOUND('',#5427,.T.);
#5913=FACE_BOUND('',#5428,.T.);
#5914=FACE_BOUND('',#5429,.T.);
#5915=FACE_BOUND('',#5430,.T.);
#5916=FACE_BOUND('',#5431,.T.);
#5917=FACE_BOUND('',#5432,.T.);
#5918=FACE_BOUND('',#5433,.T.);
#5919=FACE_BOUND('',#5434,.T.);
#5920=FACE_BOUND('',#5435,.T.);
#5921=FACE_BOUND('',#5436,.T.);
#5922=FACE_BOUND('',#5437,.T.);
#5923=FACE_BOUND('',#5438,.T.);
#5924=FACE_BOUND('',#5439,.T.);
#5925=FACE_BOUND('',#5440,.T.);
#5926=FACE_BOUND('',#5441,.T.);
#5927=FACE_BOUND('',#5442,.T.);
#5928=FACE_BOUND('',#5443,.T.);
#5929=FACE_BOUND('',#5444,.T.);
#5930=FACE_BOUND('',#5445,.T.);
#5931=FACE_BOUND('',#5446,.T.);
#5932=FACE_BOUND('',#5447,.T.);
#5933=FACE_BOUND('',#5448,.T.);
#5934=FACE_BOUND('',#5449,.T.);
#5935=FACE_BOUND('',#5450,.T.);
#5936=FACE_BOUND('',#5451,.T.);
#5937=FACE_BOUND('',#5452,.T.);
#5938=FACE_BOUND('',#5453,.T.);
#5939=FACE_BOUND('',#5454,.T.);
#5940=FACE_BOUND('',#5455,.T.);
#5941=FACE_BOUND('',#5456,.T.);
#5942=FACE_BOUND('',#5457,.T.);
#5943=FACE_BOUND('',#5458,.T.);
#5944=FACE_BOUND('',#5459,.T.);
#5945=FACE_BOUND('',#5460,.T.);
#5946=FACE_BOUND('',#5461,.T.);
#5947=FACE_BOUND('',#5462,.T.);
#5948=FACE_BOUND('',#5463,.T.);
#5949=FACE_BOUND('',#5464,.T.);
#5950=FACE_BOUND('',#5465,.T.);
#5951=FACE_BOUND('',#5466,.T.);
#5952=FACE_BOUND('',#5467,.T.);
#5953=FACE_BOUND('',#5468,.T.);
#5954=FACE_BOUND('',#5469,.T.);
#5955=FACE_BOUND('',#5470,.T.);
#5956=FACE_BOUND('',#5471,.T.);
#5957=FACE_BOUND('',#5472,.T.);
#5958=FACE_BOUND('',#5473,.T.);
#5959=FACE_BOUND('',#5474,.T.);
#5960=FACE_BOUND('',#5475,.T.);
#5961=FACE_BOUND('',#5476,.T.);
#5962=FACE_BOUND('',#5477,.T.);
#5963=FACE_BOUND('',#5478,.T.);
#5964=FACE_BOUND('',#5479,.T.);
#5965=FACE_BOUND('',#5480,.T.);
#5966=FACE_BOUND('',#5481,.T.);
#5967=FACE_BOUND('',#5482,.T.);
#5968=FACE_BOUND('',#5483,.T.);
#5969=FACE_BOUND('',#5484,.T.);
#5970=FACE_BOUND('',#5485,.T.);
#5971=FACE_BOUND('',#5486,.T.);
#5972=FACE_BOUND('',#5487,.T.);
#5973=FACE_BOUND('',#5488,.T.);
#5974=FACE_BOUND('',#5489,.T.);
#5975=FACE_BOUND('',#5490,.T.);
#5976=FACE_BOUND('',#5491,.T.);
#5977=FACE_BOUND('',#5492,.T.);
#5978=FACE_BOUND('',#5493,.T.);
#5979=FACE_BOUND('',#5494,.T.);
#5980=FACE_BOUND('',#5495,.T.);
#5981=FACE_BOUND('',#5496,.T.);
#5982=FACE_BOUND('',#5497,.T.);
#5983=FACE_BOUND('',#5498,.T.);
#5984=FACE_BOUND('',#5499,.T.);
#5985=FACE_BOUND('',#5500,.T.);
#5986=FACE_BOUND('',#5501,.T.);
#5987=FACE_BOUND('',#5502,.T.);
#5988=FACE_BOUND('',#5503,.T.);
#5989=FACE_BOUND('',#5504,.T.);
#5990=FACE_BOUND('',#5505,.T.);
#5991=FACE_BOUND('',#5506,.T.);
#5992=FACE_BOUND('',#5507,.T.);
#5993=FACE_BOUND('',#5508,.T.);
#5994=FACE_BOUND('',#5509,.T.);
#5995=FACE_BOUND('',#5510,.T.);
#5996=FACE_BOUND('',#5511,.T.);
#5997=FACE_BOUND('',#5512,.T.);
#5998=FACE_BOUND('',#5513,.T.);
#5999=FACE_BOUND('',#5514,.T.);
#6000=FACE_BOUND('',#5515,.T.);
#6001=FACE_BOUND('',#5516,.T.);
#6002=FACE_BOUND('',#5517,.T.);
#6003=FACE_BOUND('',#5518,.T.);
#6004=FACE_BOUND('',#5519,.T.);
#6005=FACE_BOUND('',#5520,.T.);
#6006=FACE_BOUND('',#5521,.T.);
#6007=FACE_BOUND('',#5522,.T.);
#6008=FACE_BOUND('',#5523,.T.);
#6009=FACE_BOUND('',#5524,.T.);
#6010=FACE_BOUND('',#5525,.T.);
#6011=FACE_BOUND('',#5526,.T.);
#6012=FACE_BOUND('',#5527,.T.);
#6013=FACE_BOUND('',#5528,.T.);
#6014=FACE_BOUND('',#5529,.T.);
#6015=FACE_BOUND('',#5530,.T.);
#6016=FACE_BOUND('',#5531,.T.);
#6017=FACE_BOUND('',#5532,.T.);
#6018=FACE_BOUND('',#5533,.T.);
#6019=FACE_BOUND('',#5534,.T.);
#6020=FACE_BOUND('',#5535,.T.);
#6021=FACE_BOUND('',#5536,.T.);
#6022=FACE_BOUND('',#5537,.T.);
#6023=FACE_BOUND('',#5538,.T.);
#6024=FACE_BOUND('',#5539,.T.);
#6025=FACE_BOUND('',#5540,.T.);
#6026=FACE_BOUND('',#5541,.T.);
#6027=FACE_BOUND('',#5542,.T.);
#6028=FACE_BOUND('',#5543,.T.);
#6029=FACE_BOUND('',#5544,.T.);
#6030=FACE_BOUND('',#5545,.T.);
#6031=FACE_BOUND('',#5546,.T.);
#6032=FACE_BOUND('',#5547,.T.);
#6033=FACE_BOUND('',#5548,.T.);
#6034=FACE_BOUND('',#5549,.T.);
#6035=FACE_BOUND('',#5550,.T.);
#6036=FACE_BOUND('',#5551,.T.);
#6037=FACE_BOUND('',#5552,.T.);
#6038=FACE_BOUND('',#5553,.T.);
#6039=FACE_BOUND('',#5554,.T.);
#6040=FACE_BOUND('',#5555,.T.);
#6041=FACE_BOUND('',#5556,.T.);
#6042=FACE_BOUND('',#5557,.T.);
#6043=FACE_BOUND('',#5558,.T.);
#6044=FACE_BOUND('',#5559,.T.);
#6045=FACE_BOUND('',#5560,.T.);
#6046=FACE_BOUND('',#5561,.T.);
#6047=FACE_BOUND('',#5562,.T.);
#6048=FACE_BOUND('',#5563,.T.);
#6049=FACE_BOUND('',#5564,.T.);
#6050=FACE_BOUND('',#5565,.T.);
#6051=FACE_BOUND('',#5566,.T.);
#6052=FACE_BOUND('',#5567,.T.);
#6053=FACE_BOUND('',#5568,.T.);
#6054=FACE_BOUND('',#5569,.T.);
#6055=FACE_BOUND('',#5570,.T.);
#6056=FACE_BOUND('',#5571,.T.);
#6057=FACE_BOUND('',#5572,.T.);
#6058=FACE_BOUND('',#5573,.T.);
#6059=FACE_BOUND('',#5574,.T.);
#6060=FACE_BOUND('',#5575,.T.);
#6061=FACE_BOUND('',#5576,.T.);
#6062=FACE_BOUND('',#5577,.T.);
#6063=FACE_BOUND('',#5578,.T.);
#6064=FACE_BOUND('',#5579,.T.);
#6065=FACE_BOUND('',#5580,.T.);
#6066=FACE_BOUND('',#5581,.T.);
#6067=FACE_BOUND('',#5582,.T.);
#6068=FACE_BOUND('',#5583,.T.);
#6069=FACE_BOUND('',#5584,.T.);
#6070=FACE_BOUND('',#5585,.T.);
#6071=FACE_BOUND('',#5586,.T.);
#6072=FACE_BOUND('',#5587,.T.);
#6073=FACE_BOUND('',#5588,.T.);
#6074=FACE_BOUND('',#5589,.T.);
#6075=FACE_BOUND('',#5590,.T.);
#6076=FACE_BOUND('',#5591,.T.);
#6077=FACE_BOUND('',#5592,.T.);
#6078=FACE_BOUND('',#5593,.T.);
#6079=FACE_BOUND('',#5594,.T.);
#6080=FACE_BOUND('',#5595,.T.);
#6081=FACE_BOUND('',#5596,.T.);
#6082=FACE_BOUND('',#5597,.T.);
#6083=FACE_BOUND('',#5598,.T.);
#6084=FACE_BOUND('',#5599,.T.);
#6085=FACE_BOUND('',#5600,.T.);
#6086=FACE_BOUND('',#5601,.T.);
#6087=FACE_BOUND('',#5602,.T.);
#6088=FACE_BOUND('',#5603,.T.);
#6089=FACE_BOUND('',#5604,.T.);
#6090=FACE_BOUND('',#5605,.T.);
#6091=FACE_BOUND('',#5606,.T.);
#6092=FACE_BOUND('',#5607,.T.);
#6093=FACE_BOUND('',#5608,.T.);
#6094=FACE_BOUND('',#5609,.T.);
#6095=FACE_BOUND('',#5610,.T.);
#6096=FACE_BOUND('',#5611,.T.);
#6097=FACE_BOUND('',#5612,.T.);
#6098=FACE_BOUND('',#5613,.T.);
#6099=FACE_BOUND('',#5614,.T.);
#6100=FACE_BOUND('',#5615,.T.);
#6101=FACE_BOUND('',#5616,.T.);
#6102=FACE_BOUND('',#5617,.T.);
#6103=FACE_BOUND('',#5618,.T.);
#6104=FACE_BOUND('',#5619,.T.);
#6105=FACE_BOUND('',#5620,.T.);
#6106=FACE_BOUND('',#5621,.T.);
#6107=FACE_BOUND('',#5622,.T.);
#6108=FACE_BOUND('',#5623,.T.);
#6109=FACE_BOUND('',#5624,.T.);
#6110=FACE_BOUND('',#5625,.T.);
#6111=PLANE('',#6869);
#6112=PLANE('',#6872);
#6113=PLANE('',#6875);
#6114=PLANE('',#6876);
#6115=PLANE('',#6878);
#6116=PLANE('',#6879);
#6117=PLANE('',#6880);
#6118=PLANE('',#6882);
#6119=PLANE('',#6883);
#6120=PLANE('',#6884);
#6121=PLANE('',#6885);
#6122=PLANE('',#6886);
#6123=PLANE('',#6891);
#6124=PLANE('',#6892);
#6125=PLANE('',#6893);
#6126=PLANE('',#6894);
#6127=PLANE('',#6895);
#6128=PLANE('',#6896);
#6129=PLANE('',#6897);
#6130=PLANE('',#6898);
#6131=PLANE('',#6899);
#6132=PLANE('',#6900);
#6133=PLANE('',#6901);
#6134=PLANE('',#6903);
#6135=PLANE('',#6905);
#6136=PLANE('',#6906);
#6137=PLANE('',#6907);
#6138=PLANE('',#6909);
#6139=PLANE('',#6910);
#6140=PLANE('',#6911);
#6141=PLANE('',#6912);
#6142=PLANE('',#6914);
#6143=PLANE('',#6915);
#6144=PLANE('',#6916);
#6145=PLANE('',#6917);
#6146=PLANE('',#6918);
#6147=PLANE('',#6919);
#6148=PLANE('',#6926);
#6149=PLANE('',#6927);
#6150=PLANE('',#6938);
#6151=PLANE('',#6939);
#6152=PLANE('',#6940);
#6153=PLANE('',#6941);
#6154=PLANE('',#6943);
#6155=PLANE('',#6944);
#6156=PLANE('',#6945);
#6157=PLANE('',#6946);
#6158=PLANE('',#6947);
#6159=PLANE('',#6948);
#6160=PLANE('',#6949);
#6161=PLANE('',#6952);
#6162=PLANE('',#6953);
#6163=PLANE('',#6954);
#6164=PLANE('',#6955);
#6165=PLANE('',#6956);
#6166=PLANE('',#6957);
#6167=PLANE('',#6970);
#6168=PLANE('',#6971);
#6169=PLANE('',#6972);
#6170=PLANE('',#6973);
#6171=PLANE('',#6974);
#6172=PLANE('',#6975);
#6173=PLANE('',#6978);
#6174=PLANE('',#6979);
#6175=PLANE('',#6980);
#6176=PLANE('',#6981);
#6177=PLANE('',#6982);
#6178=PLANE('',#6983);
#6179=PLANE('',#6984);
#6180=PLANE('',#6985);
#6181=PLANE('',#6986);
#6182=PLANE('',#6987);
#6183=PLANE('',#6988);
#6184=PLANE('',#6989);
#6185=PLANE('',#6990);
#6186=PLANE('',#6991);
#6187=PLANE('',#6992);
#6188=PLANE('',#6993);
#6189=PLANE('',#6994);
#6190=PLANE('',#6995);
#6191=PLANE('',#6996);
#6192=PLANE('',#6997);
#6193=PLANE('',#6998);
#6194=PLANE('',#6999);
#6195=PLANE('',#7000);
#6196=PLANE('',#7001);
#6197=PLANE('',#7002);
#6198=PLANE('',#7003);
#6199=PLANE('',#7004);
#6200=PLANE('',#7005);
#6201=PLANE('',#7006);
#6202=PLANE('',#7007);
#6203=PLANE('',#7008);
#6204=PLANE('',#7009);
#6205=PLANE('',#7010);
#6206=PLANE('',#7011);
#6207=PLANE('',#7012);
#6208=PLANE('',#7013);
#6209=PLANE('',#7014);
#6210=PLANE('',#7015);
#6211=PLANE('',#7016);
#6212=PLANE('',#7017);
#6213=PLANE('',#7018);
#6214=PLANE('',#7019);
#6215=PLANE('',#7020);
#6216=PLANE('',#7021);
#6217=PLANE('',#7022);
#6218=PLANE('',#7023);
#6219=PLANE('',#7024);
#6220=PLANE('',#7025);
#6221=PLANE('',#7026);
#6222=PLANE('',#7027);
#6223=PLANE('',#7028);
#6224=PLANE('',#7029);
#6225=PLANE('',#7030);
#6226=PLANE('',#7031);
#6227=PLANE('',#7032);
#6228=PLANE('',#7033);
#6229=PLANE('',#7034);
#6230=PLANE('',#7035);
#6231=PLANE('',#7036);
#6232=PLANE('',#7037);
#6233=PLANE('',#7038);
#6234=PLANE('',#7039);
#6235=PLANE('',#7040);
#6236=PLANE('',#7041);
#6237=PLANE('',#7042);
#6238=PLANE('',#7043);
#6239=PLANE('',#7044);
#6240=PLANE('',#7045);
#6241=PLANE('',#7046);
#6242=PLANE('',#7057);
#6243=PLANE('',#7060);
#6244=PLANE('',#7062);
#6245=PLANE('',#7066);
#6246=PLANE('',#7068);
#6247=PLANE('',#7071);
#6248=PLANE('',#7072);
#6249=PLANE('',#7073);
#6250=PLANE('',#7098);
#6251=PLANE('',#7099);
#6252=PLANE('',#7100);
#6253=PLANE('',#7101);
#6254=PLANE('',#7102);
#6255=PLANE('',#7107);
#6256=PLANE('',#7110);
#6257=PLANE('',#7113);
#6258=PLANE('',#7117);
#6259=PLANE('',#7118);
#6260=PLANE('',#7119);
#6261=PLANE('',#7120);
#6262=PLANE('',#7121);
#6263=PLANE('',#7122);
#6264=PLANE('',#7123);
#6265=PLANE('',#7124);
#6266=PLANE('',#7125);
#6267=PLANE('',#7126);
#6268=PLANE('',#7127);
#6269=PLANE('',#7128);
#6270=PLANE('',#7129);
#6271=PLANE('',#7130);
#6272=PLANE('',#7131);
#6273=PLANE('',#7132);
#6274=PLANE('',#7133);
#6275=PLANE('',#7134);
#6276=PLANE('',#7135);
#6277=PLANE('',#7136);
#6278=PLANE('',#7137);
#6279=PLANE('',#7138);
#6280=PLANE('',#7139);
#6281=PLANE('',#7140);
#6282=PLANE('',#7141);
#6283=PLANE('',#7142);
#6284=PLANE('',#7144);
#6285=PLANE('',#7149);
#6286=PLANE('',#7150);
#6287=PLANE('',#7151);
#6288=PLANE('',#7152);
#6289=PLANE('',#7153);
#6290=PLANE('',#7154);
#6291=PLANE('',#7158);
#6292=PLANE('',#7159);
#6293=PLANE('',#7160);
#6294=PLANE('',#7161);
#6295=PLANE('',#7162);
#6296=PLANE('',#7163);
#6297=PLANE('',#7165);
#6298=PLANE('',#7166);
#6299=PLANE('',#7169);
#6300=PLANE('',#7171);
#6301=PLANE('',#7172);
#6302=PLANE('',#7173);
#6303=PLANE('',#7174);
#6304=PLANE('',#7175);
#6305=PLANE('',#7176);
#6306=PLANE('',#7177);
#6307=PLANE('',#7178);
#6308=PLANE('',#7179);
#6309=PLANE('',#7180);
#6310=PLANE('',#7181);
#6311=PLANE('',#7182);
#6312=PLANE('',#7183);
#6313=PLANE('',#7184);
#6314=PLANE('',#7185);
#6315=PLANE('',#7186);
#6316=PLANE('',#7187);
#6317=PLANE('',#7188);
#6318=PLANE('',#7189);
#6319=PLANE('',#7190);
#6320=PLANE('',#7191);
#6321=PLANE('',#7192);
#6322=PLANE('',#7193);
#6323=PLANE('',#7194);
#6324=PLANE('',#7195);
#6325=PLANE('',#7196);
#6326=PLANE('',#7197);
#6327=PLANE('',#7198);
#6328=PLANE('',#7199);
#6329=PLANE('',#7200);
#6330=PLANE('',#7201);
#6331=PLANE('',#7202);
#6332=PLANE('',#7203);
#6333=PLANE('',#7204);
#6334=PLANE('',#7205);
#6335=PLANE('',#7206);
#6336=PLANE('',#7207);
#6337=PLANE('',#7208);
#6338=PLANE('',#7209);
#6339=PLANE('',#7210);
#6340=PLANE('',#7211);
#6341=PLANE('',#7212);
#6342=PLANE('',#7213);
#6343=PLANE('',#7214);
#6344=PLANE('',#7215);
#6345=PLANE('',#7216);
#6346=PLANE('',#7217);
#6347=PLANE('',#7218);
#6348=PLANE('',#7219);
#6349=PLANE('',#7220);
#6350=PLANE('',#7221);
#6351=PLANE('',#7222);
#6352=PLANE('',#7223);
#6353=PLANE('',#7224);
#6354=PLANE('',#7225);
#6355=PLANE('',#7226);
#6356=PLANE('',#7227);
#6357=PLANE('',#7231);
#6358=PLANE('',#7232);
#6359=PLANE('',#7233);
#6360=PLANE('',#7234);
#6361=PLANE('',#7238);
#6362=PLANE('',#7239);
#6363=PLANE('',#7243);
#6364=PLANE('',#7244);
#6365=PLANE('',#7245);
#6366=PLANE('',#7249);
#6367=PLANE('',#7250);
#6368=PLANE('',#7251);
#6369=PLANE('',#7254);
#6370=PLANE('',#7261);
#6371=PLANE('',#7262);
#6372=PLANE('',#7263);
#6373=PLANE('',#7264);
#6374=PLANE('',#7265);
#6375=PLANE('',#7266);
#6376=PLANE('',#7267);
#6377=PLANE('',#7268);
#6378=PLANE('',#7269);
#6379=PLANE('',#7270);
#6380=PLANE('',#7271);
#6381=PLANE('',#7272);
#6382=PLANE('',#7273);
#6383=PLANE('',#7274);
#6384=PLANE('',#7275);
#6385=PLANE('',#7276);
#6386=PLANE('',#7277);
#6387=PLANE('',#7278);
#6388=PLANE('',#7279);
#6389=PLANE('',#7280);
#6390=PLANE('',#7281);
#6391=PLANE('',#7282);
#6392=PLANE('',#7283);
#6393=PLANE('',#7284);
#6394=PLANE('',#7285);
#6395=PLANE('',#7286);
#6396=PLANE('',#7287);
#6397=PLANE('',#7288);
#6398=PLANE('',#7289);
#6399=PLANE('',#7290);
#6400=PLANE('',#7291);
#6401=PLANE('',#7292);
#6402=PLANE('',#7293);
#6403=PLANE('',#7294);
#6404=PLANE('',#7295);
#6405=PLANE('',#7296);
#6406=PLANE('',#7297);
#6407=PLANE('',#7298);
#6408=PLANE('',#7299);
#6409=PLANE('',#7300);
#6410=PLANE('',#7318);
#6411=PLANE('',#7319);
#6412=PLANE('',#7325);
#6413=PLANE('',#7326);
#6414=PLANE('',#7327);
#6415=PLANE('',#7328);
#6416=PLANE('',#7329);
#6417=PLANE('',#7330);
#6418=PLANE('',#7336);
#6419=PLANE('',#7337);
#6420=PLANE('',#7338);
#6421=PLANE('',#7339);
#6422=PLANE('',#7340);
#6423=PLANE('',#7341);
#6424=PLANE('',#7347);
#6425=PLANE('',#7348);
#6426=PLANE('',#7349);
#6427=PLANE('',#7350);
#6428=ADVANCED_FACE('',(#5626),#6111,.T.);
#6429=ADVANCED_FACE('',(#5627),#6112,.F.);
#6430=ADVANCED_FACE('',(#5628),#6113,.F.);
#6431=ADVANCED_FACE('',(#5629),#6114,.T.);
#6432=ADVANCED_FACE('',(#5630),#126,.T.);
#6433=ADVANCED_FACE('',(#5631),#6115,.F.);
#6434=ADVANCED_FACE('',(#5632),#6116,.T.);
#6435=ADVANCED_FACE('',(#5633),#6117,.T.);
#6436=ADVANCED_FACE('',(#5634),#127,.F.);
#6437=ADVANCED_FACE('',(#5635),#6118,.F.);
#6438=ADVANCED_FACE('',(#5636),#6119,.F.);
#6439=ADVANCED_FACE('',(#5637),#6120,.F.);
#6440=ADVANCED_FACE('',(#5638),#6121,.F.);
#6441=ADVANCED_FACE('',(#5639),#124,.F.);
#6442=ADVANCED_FACE('',(#5640),#125,.T.);
#6443=ADVANCED_FACE('',(#5641),#6122,.T.);
#6444=ADVANCED_FACE('',(#5642),#6123,.F.);
#6445=ADVANCED_FACE('',(#5643),#6124,.F.);
#6446=ADVANCED_FACE('',(#5644),#6125,.T.);
#6447=ADVANCED_FACE('',(#5645),#6126,.T.);
#6448=ADVANCED_FACE('',(#5646),#6127,.F.);
#6449=ADVANCED_FACE('',(#5647),#6128,.T.);
#6450=ADVANCED_FACE('',(#5648),#6129,.F.);
#6451=ADVANCED_FACE('',(#5649),#6130,.F.);
#6452=ADVANCED_FACE('',(#5650),#6131,.T.);
#6453=ADVANCED_FACE('',(#5651,#5652),#6132,.T.);
#6454=ADVANCED_FACE('',(#5653),#6133,.T.);
#6455=ADVANCED_FACE('',(#5654,#5655,#5656),#6134,.F.);
#6456=ADVANCED_FACE('',(#5657),#6135,.F.);
#6457=ADVANCED_FACE('',(#5658),#6136,.F.);
#6458=ADVANCED_FACE('',(#5659,#5660,#5661,#5662,#5663),#6137,.T.);
#6459=ADVANCED_FACE('',(#5664),#6138,.T.);
#6460=ADVANCED_FACE('',(#5665),#6139,.F.);
#6461=ADVANCED_FACE('',(#5666),#6140,.F.);
#6462=ADVANCED_FACE('',(#5667),#6141,.T.);
#6463=ADVANCED_FACE('',(#5668,#5669),#128,.F.);
#6464=ADVANCED_FACE('',(#5670),#6142,.T.);
#6465=ADVANCED_FACE('',(#5671),#6143,.F.);
#6466=ADVANCED_FACE('',(#5672),#6144,.F.);
#6467=ADVANCED_FACE('',(#5673),#6145,.T.);
#6468=ADVANCED_FACE('',(#5674),#6146,.T.);
#6469=ADVANCED_FACE('',(#5675),#6147,.T.);
#6470=ADVANCED_FACE('',(#5676),#129,.F.);
#6471=ADVANCED_FACE('',(#5677),#130,.T.);
#6472=ADVANCED_FACE('',(#5678),#6148,.F.);
#6473=ADVANCED_FACE('',(#5679),#6149,.T.);
#6474=ADVANCED_FACE('',(#5680),#131,.F.);
#6475=ADVANCED_FACE('',(#5681),#132,.F.);
#6476=ADVANCED_FACE('',(#5682),#133,.F.);
#6477=ADVANCED_FACE('',(#5683),#134,.F.);
#6478=ADVANCED_FACE('',(#5684),#135,.F.);
#6479=ADVANCED_FACE('',(#5685),#136,.F.);
#6480=ADVANCED_FACE('',(#5686),#6150,.T.);
#6481=ADVANCED_FACE('',(#5687),#6151,.T.);
#6482=ADVANCED_FACE('',(#5688),#6152,.F.);
#6483=ADVANCED_FACE('',(#5689),#6153,.F.);
#6484=ADVANCED_FACE('',(#5690),#6154,.F.);
#6485=ADVANCED_FACE('',(#5691),#6155,.F.);
#6486=ADVANCED_FACE('',(#5692),#6156,.F.);
#6487=ADVANCED_FACE('',(#5693),#6157,.T.);
#6488=ADVANCED_FACE('',(#5694),#6158,.T.);
#6489=ADVANCED_FACE('',(#5695),#6159,.T.);
#6490=ADVANCED_FACE('',(#5696,#5697,#5698,#5699,#5700,#5701,#5702,#5703,
#5704,#5705),#6160,.F.);
#6491=ADVANCED_FACE('',(#5706),#6161,.T.);
#6492=ADVANCED_FACE('',(#5707),#6162,.T.);
#6493=ADVANCED_FACE('',(#5708),#6163,.F.);
#6494=ADVANCED_FACE('',(#5709),#6164,.F.);
#6495=ADVANCED_FACE('',(#5710),#6165,.T.);
#6496=ADVANCED_FACE('',(#5711),#6166,.F.);
#6497=ADVANCED_FACE('',(#5712,#5713),#137,.F.);
#6498=ADVANCED_FACE('',(#5714,#5715),#138,.F.);
#6499=ADVANCED_FACE('',(#5716,#5717),#139,.F.);
#6500=ADVANCED_FACE('',(#5718,#5719),#140,.F.);
#6501=ADVANCED_FACE('',(#5720),#6167,.F.);
#6502=ADVANCED_FACE('',(#5721),#6168,.F.);
#6503=ADVANCED_FACE('',(#5722),#6169,.F.);
#6504=ADVANCED_FACE('',(#5723),#6170,.F.);
#6505=ADVANCED_FACE('',(#5724),#6171,.F.);
#6506=ADVANCED_FACE('',(#5725,#5726,#5727),#6172,.T.);
#6507=ADVANCED_FACE('',(#5728),#6173,.T.);
#6508=ADVANCED_FACE('',(#5729),#6174,.T.);
#6509=ADVANCED_FACE('',(#5730),#6175,.T.);
#6510=ADVANCED_FACE('',(#5731),#6176,.T.);
#6511=ADVANCED_FACE('',(#5732),#6177,.T.);
#6512=ADVANCED_FACE('',(#5733,#5734,#5735,#5736,#5737),#6178,.F.);
#6513=ADVANCED_FACE('',(#5738),#6179,.T.);
#6514=ADVANCED_FACE('',(#5739),#6180,.F.);
#6515=ADVANCED_FACE('',(#5740),#6181,.F.);
#6516=ADVANCED_FACE('',(#5741),#6182,.F.);
#6517=ADVANCED_FACE('',(#5742),#6183,.F.);
#6518=ADVANCED_FACE('',(#5743),#6184,.F.);
#6519=ADVANCED_FACE('',(#5744),#6185,.F.);
#6520=ADVANCED_FACE('',(#5745),#6186,.F.);
#6521=ADVANCED_FACE('',(#5746),#6187,.T.);
#6522=ADVANCED_FACE('',(#5747),#6188,.T.);
#6523=ADVANCED_FACE('',(#5748),#6189,.T.);
#6524=ADVANCED_FACE('',(#5749),#6190,.T.);
#6525=ADVANCED_FACE('',(#5750),#6191,.F.);
#6526=ADVANCED_FACE('',(#5751),#6192,.T.);
#6527=ADVANCED_FACE('',(#5752),#6193,.F.);
#6528=ADVANCED_FACE('',(#5753),#6194,.T.);
#6529=ADVANCED_FACE('',(#5754),#6195,.T.);
#6530=ADVANCED_FACE('',(#5755),#6196,.T.);
#6531=ADVANCED_FACE('',(#5756),#6197,.T.);
#6532=ADVANCED_FACE('',(#5757),#6198,.F.);
#6533=ADVANCED_FACE('',(#5758),#6199,.F.);
#6534=ADVANCED_FACE('',(#5759),#6200,.T.);
#6535=ADVANCED_FACE('',(#5760),#6201,.F.);
#6536=ADVANCED_FACE('',(#5761),#6202,.T.);
#6537=ADVANCED_FACE('',(#5762),#6203,.T.);
#6538=ADVANCED_FACE('',(#5763),#6204,.T.);
#6539=ADVANCED_FACE('',(#5764),#6205,.T.);
#6540=ADVANCED_FACE('',(#5765),#6206,.T.);
#6541=ADVANCED_FACE('',(#5766),#6207,.T.);
#6542=ADVANCED_FACE('',(#5767),#6208,.F.);
#6543=ADVANCED_FACE('',(#5768),#6209,.F.);
#6544=ADVANCED_FACE('',(#5769),#6210,.F.);
#6545=ADVANCED_FACE('',(#5770),#6211,.F.);
#6546=ADVANCED_FACE('',(#5771),#6212,.F.);
#6547=ADVANCED_FACE('',(#5772),#6213,.F.);
#6548=ADVANCED_FACE('',(#5773),#6214,.F.);
#6549=ADVANCED_FACE('',(#5774),#6215,.T.);
#6550=ADVANCED_FACE('',(#5775),#6216,.T.);
#6551=ADVANCED_FACE('',(#5776),#6217,.T.);
#6552=ADVANCED_FACE('',(#5777),#6218,.F.);
#6553=ADVANCED_FACE('',(#5778),#6219,.T.);
#6554=ADVANCED_FACE('',(#5779),#6220,.T.);
#6555=ADVANCED_FACE('',(#5780),#6221,.T.);
#6556=ADVANCED_FACE('',(#5781),#6222,.F.);
#6557=ADVANCED_FACE('',(#5782),#6223,.F.);
#6558=ADVANCED_FACE('',(#5783),#6224,.T.);
#6559=ADVANCED_FACE('',(#5784),#6225,.T.);
#6560=ADVANCED_FACE('',(#5785),#6226,.T.);
#6561=ADVANCED_FACE('',(#5786),#6227,.T.);
#6562=ADVANCED_FACE('',(#5787),#6228,.F.);
#6563=ADVANCED_FACE('',(#5788),#6229,.T.);
#6564=ADVANCED_FACE('',(#5789),#6230,.T.);
#6565=ADVANCED_FACE('',(#5790),#6231,.T.);
#6566=ADVANCED_FACE('',(#5791),#6232,.F.);
#6567=ADVANCED_FACE('',(#5792),#6233,.T.);
#6568=ADVANCED_FACE('',(#5793),#6234,.T.);
#6569=ADVANCED_FACE('',(#5794),#6235,.T.);
#6570=ADVANCED_FACE('',(#5795),#6236,.F.);
#6571=ADVANCED_FACE('',(#5796),#6237,.F.);
#6572=ADVANCED_FACE('',(#5797),#6238,.F.);
#6573=ADVANCED_FACE('',(#5798),#6239,.F.);
#6574=ADVANCED_FACE('',(#5799),#6240,.T.);
#6575=ADVANCED_FACE('',(#5800),#6241,.F.);
#6576=ADVANCED_FACE('',(#5801,#5802),#141,.F.);
#6577=ADVANCED_FACE('',(#5803,#5804),#142,.F.);
#6578=ADVANCED_FACE('',(#5805,#5806,#5807),#6242,.F.);
#6579=ADVANCED_FACE('',(#5808),#6243,.T.);
#6580=ADVANCED_FACE('',(#5809,#5810,#5811,#5812,#5813,#5814,#5815,#5816),
#6244,.T.);
#6581=ADVANCED_FACE('',(#5817),#6245,.T.);
#6582=ADVANCED_FACE('',(#5818,#5819),#6246,.F.);
#6583=ADVANCED_FACE('',(#5820),#6247,.F.);
#6584=ADVANCED_FACE('',(#5821),#6248,.F.);
#6585=ADVANCED_FACE('',(#5822,#5823,#5824,#5825,#5826),#6249,.T.);
#6586=ADVANCED_FACE('',(#5827,#5828),#143,.T.);
#6587=ADVANCED_FACE('',(#5829,#5830),#144,.T.);
#6588=ADVANCED_FACE('',(#5831,#5832),#145,.T.);
#6589=ADVANCED_FACE('',(#5833,#5834),#146,.T.);
#6590=ADVANCED_FACE('',(#5835,#5836),#147,.T.);
#6591=ADVANCED_FACE('',(#5837,#5838),#148,.T.);
#6592=ADVANCED_FACE('',(#5839,#5840),#149,.T.);
#6593=ADVANCED_FACE('',(#5841,#5842),#150,.T.);
#6594=ADVANCED_FACE('',(#5843),#6250,.T.);
#6595=ADVANCED_FACE('',(#5844),#6251,.T.);
#6596=ADVANCED_FACE('',(#5845),#6252,.T.);
#6597=ADVANCED_FACE('',(#5846,#5847,#5848,#5849,#5850),#6253,.T.);
#6598=ADVANCED_FACE('',(#5851,#5852,#5853,#5854,#5855),#6254,.F.);
#6599=ADVANCED_FACE('',(#5856,#5857,#5858,#5859,#5860,#5861,#5862),#6255,
 .F.);
#6600=ADVANCED_FACE('',(#5863,#5864,#5865),#6256,.T.);
#6601=ADVANCED_FACE('',(#5866,#5867,#5868,#5869),#6257,.F.);
#6602=ADVANCED_FACE('',(#5870),#6258,.F.);
#6603=ADVANCED_FACE('',(#5871),#6259,.T.);
#6604=ADVANCED_FACE('',(#5872),#6260,.T.);
#6605=ADVANCED_FACE('',(#5873),#6261,.T.);
#6606=ADVANCED_FACE('',(#5874),#6262,.T.);
#6607=ADVANCED_FACE('',(#5875),#6263,.F.);
#6608=ADVANCED_FACE('',(#5876),#6264,.F.);
#6609=ADVANCED_FACE('',(#5877),#6265,.F.);
#6610=ADVANCED_FACE('',(#5878),#6266,.F.);
#6611=ADVANCED_FACE('',(#5879),#6267,.T.);
#6612=ADVANCED_FACE('',(#5880),#6268,.F.);
#6613=ADVANCED_FACE('',(#5881),#6269,.F.);
#6614=ADVANCED_FACE('',(#5882),#6270,.F.);
#6615=ADVANCED_FACE('',(#5883),#6271,.F.);
#6616=ADVANCED_FACE('',(#5884),#6272,.T.);
#6617=ADVANCED_FACE('',(#5885),#6273,.T.);
#6618=ADVANCED_FACE('',(#5886),#6274,.T.);
#6619=ADVANCED_FACE('',(#5887),#6275,.T.);
#6620=ADVANCED_FACE('',(#5888),#6276,.T.);
#6621=ADVANCED_FACE('',(#5889),#6277,.T.);
#6622=ADVANCED_FACE('',(#5890),#6278,.T.);
#6623=ADVANCED_FACE('',(#5891),#6279,.T.);
#6624=ADVANCED_FACE('',(#5892),#6280,.T.);
#6625=ADVANCED_FACE('',(#5893),#6281,.T.);
#6626=ADVANCED_FACE('',(#5894),#6282,.T.);
#6627=ADVANCED_FACE('',(#5895),#6283,.T.);
#6628=ADVANCED_FACE('',(#5896),#6284,.T.);
#6629=ADVANCED_FACE('',(#5897,#5898),#151,.F.);
#6630=ADVANCED_FACE('',(#5899,#5900),#6285,.T.);
#6631=ADVANCED_FACE('',(#5901),#6286,.T.);
#6632=ADVANCED_FACE('',(#5902),#6287,.T.);
#6633=ADVANCED_FACE('',(#5903),#6288,.F.);
#6634=ADVANCED_FACE('',(#5904),#6289,.F.);
#6635=ADVANCED_FACE('',(#5905),#6290,.F.);
#6636=ADVANCED_FACE('',(#5906,#5907),#152,.F.);
#6637=ADVANCED_FACE('',(#5908,#5909),#6291,.T.);
#6638=ADVANCED_FACE('',(#5910),#6292,.T.);
#6639=ADVANCED_FACE('',(#5911),#6293,.T.);
#6640=ADVANCED_FACE('',(#5912),#6294,.F.);
#6641=ADVANCED_FACE('',(#5913),#6295,.F.);
#6642=ADVANCED_FACE('',(#5914),#6296,.F.);
#6643=ADVANCED_FACE('',(#5915),#153,.F.);
#6644=ADVANCED_FACE('',(#5916),#6297,.T.);
#6645=ADVANCED_FACE('',(#5917),#6298,.F.);
#6646=ADVANCED_FACE('',(#5918),#154,.F.);
#6647=ADVANCED_FACE('',(#5919),#155,.F.);
#6648=ADVANCED_FACE('',(#5920),#6299,.F.);
#6649=ADVANCED_FACE('',(#5921),#156,.F.);
#6650=ADVANCED_FACE('',(#5922),#6300,.T.);
#6651=ADVANCED_FACE('',(#5923),#6301,.T.);
#6652=ADVANCED_FACE('',(#5924),#6302,.T.);
#6653=ADVANCED_FACE('',(#5925),#6303,.F.);
#6654=ADVANCED_FACE('',(#5926),#6304,.F.);
#6655=ADVANCED_FACE('',(#5927),#6305,.T.);
#6656=ADVANCED_FACE('',(#5928),#6306,.T.);
#6657=ADVANCED_FACE('',(#5929),#6307,.T.);
#6658=ADVANCED_FACE('',(#5930),#6308,.T.);
#6659=ADVANCED_FACE('',(#5931),#6309,.T.);
#6660=ADVANCED_FACE('',(#5932),#6310,.T.);
#6661=ADVANCED_FACE('',(#5933),#6311,.F.);
#6662=ADVANCED_FACE('',(#5934),#6312,.T.);
#6663=ADVANCED_FACE('',(#5935),#6313,.F.);
#6664=ADVANCED_FACE('',(#5936),#6314,.T.);
#6665=ADVANCED_FACE('',(#5937),#6315,.T.);
#6666=ADVANCED_FACE('',(#5938),#6316,.F.);
#6667=ADVANCED_FACE('',(#5939),#6317,.F.);
#6668=ADVANCED_FACE('',(#5940),#6318,.F.);
#6669=ADVANCED_FACE('',(#5941),#6319,.F.);
#6670=ADVANCED_FACE('',(#5942),#6320,.F.);
#6671=ADVANCED_FACE('',(#5943),#6321,.T.);
#6672=ADVANCED_FACE('',(#5944),#6322,.T.);
#6673=ADVANCED_FACE('',(#5945),#6323,.F.);
#6674=ADVANCED_FACE('',(#5946),#6324,.F.);
#6675=ADVANCED_FACE('',(#5947),#6325,.F.);
#6676=ADVANCED_FACE('',(#5948),#6326,.F.);
#6677=ADVANCED_FACE('',(#5949),#6327,.T.);
#6678=ADVANCED_FACE('',(#5950),#6328,.T.);
#6679=ADVANCED_FACE('',(#5951),#6329,.T.);
#6680=ADVANCED_FACE('',(#5952),#6330,.F.);
#6681=ADVANCED_FACE('',(#5953),#6331,.F.);
#6682=ADVANCED_FACE('',(#5954),#6332,.T.);
#6683=ADVANCED_FACE('',(#5955),#6333,.T.);
#6684=ADVANCED_FACE('',(#5956),#6334,.T.);
#6685=ADVANCED_FACE('',(#5957),#6335,.T.);
#6686=ADVANCED_FACE('',(#5958),#6336,.T.);
#6687=ADVANCED_FACE('',(#5959),#6337,.F.);
#6688=ADVANCED_FACE('',(#5960),#6338,.F.);
#6689=ADVANCED_FACE('',(#5961),#6339,.F.);
#6690=ADVANCED_FACE('',(#5962),#6340,.F.);
#6691=ADVANCED_FACE('',(#5963),#6341,.T.);
#6692=ADVANCED_FACE('',(#5964),#6342,.T.);
#6693=ADVANCED_FACE('',(#5965),#6343,.T.);
#6694=ADVANCED_FACE('',(#5966),#6344,.T.);
#6695=ADVANCED_FACE('',(#5967),#6345,.T.);
#6696=ADVANCED_FACE('',(#5968),#6346,.T.);
#6697=ADVANCED_FACE('',(#5969),#6347,.F.);
#6698=ADVANCED_FACE('',(#5970),#6348,.F.);
#6699=ADVANCED_FACE('',(#5971),#6349,.T.);
#6700=ADVANCED_FACE('',(#5972),#6350,.F.);
#6701=ADVANCED_FACE('',(#5973),#6351,.F.);
#6702=ADVANCED_FACE('',(#5974),#6352,.F.);
#6703=ADVANCED_FACE('',(#5975),#6353,.T.);
#6704=ADVANCED_FACE('',(#5976),#6354,.T.);
#6705=ADVANCED_FACE('',(#5977),#6355,.F.);
#6706=ADVANCED_FACE('',(#5978),#6356,.T.);
#6707=ADVANCED_FACE('',(#5979,#5980),#157,.F.);
#6708=ADVANCED_FACE('',(#5981,#5982),#6357,.T.);
#6709=ADVANCED_FACE('',(#5983),#6358,.T.);
#6710=ADVANCED_FACE('',(#5984),#6359,.F.);
#6711=ADVANCED_FACE('',(#5985),#6360,.F.);
#6712=ADVANCED_FACE('',(#5986,#5987),#158,.F.);
#6713=ADVANCED_FACE('',(#5988,#5989),#6361,.T.);
#6714=ADVANCED_FACE('',(#5990),#6362,.T.);
#6715=ADVANCED_FACE('',(#5991,#5992),#159,.F.);
#6716=ADVANCED_FACE('',(#5993,#5994),#6363,.T.);
#6717=ADVANCED_FACE('',(#5995),#6364,.T.);
#6718=ADVANCED_FACE('',(#5996),#6365,.T.);
#6719=ADVANCED_FACE('',(#5997,#5998),#160,.F.);
#6720=ADVANCED_FACE('',(#5999,#6000),#6366,.T.);
#6721=ADVANCED_FACE('',(#6001),#6367,.T.);
#6722=ADVANCED_FACE('',(#6002),#6368,.T.);
#6723=ADVANCED_FACE('',(#6003,#6004),#161,.F.);
#6724=ADVANCED_FACE('',(#6005,#6006),#6369,.T.);
#6725=ADVANCED_FACE('',(#6007,#6008),#162,.F.);
#6726=ADVANCED_FACE('',(#6009,#6010),#163,.F.);
#6727=ADVANCED_FACE('',(#6011,#6012),#164,.F.);
#6728=ADVANCED_FACE('',(#6013,#6014),#165,.F.);
#6729=ADVANCED_FACE('',(#6015,#6016),#166,.F.);
#6730=ADVANCED_FACE('',(#6017),#6370,.F.);
#6731=ADVANCED_FACE('',(#6018),#6371,.F.);
#6732=ADVANCED_FACE('',(#6019),#6372,.T.);
#6733=ADVANCED_FACE('',(#6020),#6373,.T.);
#6734=ADVANCED_FACE('',(#6021),#6374,.F.);
#6735=ADVANCED_FACE('',(#6022),#6375,.T.);
#6736=ADVANCED_FACE('',(#6023),#6376,.T.);
#6737=ADVANCED_FACE('',(#6024),#6377,.F.);
#6738=ADVANCED_FACE('',(#6025,#6026),#6378,.T.);
#6739=ADVANCED_FACE('',(#6027),#6379,.F.);
#6740=ADVANCED_FACE('',(#6028),#6380,.F.);
#6741=ADVANCED_FACE('',(#6029),#6381,.F.);
#6742=ADVANCED_FACE('',(#6030),#6382,.T.);
#6743=ADVANCED_FACE('',(#6031),#6383,.T.);
#6744=ADVANCED_FACE('',(#6032),#6384,.T.);
#6745=ADVANCED_FACE('',(#6033),#6385,.T.);
#6746=ADVANCED_FACE('',(#6034),#6386,.F.);
#6747=ADVANCED_FACE('',(#6035,#6036),#6387,.T.);
#6748=ADVANCED_FACE('',(#6037),#6388,.T.);
#6749=ADVANCED_FACE('',(#6038),#6389,.T.);
#6750=ADVANCED_FACE('',(#6039),#6390,.F.);
#6751=ADVANCED_FACE('',(#6040),#6391,.F.);
#6752=ADVANCED_FACE('',(#6041),#6392,.T.);
#6753=ADVANCED_FACE('',(#6042),#6393,.F.);
#6754=ADVANCED_FACE('',(#6043),#6394,.F.);
#6755=ADVANCED_FACE('',(#6044),#6395,.T.);
#6756=ADVANCED_FACE('',(#6045,#6046),#6396,.T.);
#6757=ADVANCED_FACE('',(#6047),#6397,.T.);
#6758=ADVANCED_FACE('',(#6048),#6398,.T.);
#6759=ADVANCED_FACE('',(#6049),#6399,.T.);
#6760=ADVANCED_FACE('',(#6050),#6400,.F.);
#6761=ADVANCED_FACE('',(#6051),#6401,.F.);
#6762=ADVANCED_FACE('',(#6052),#6402,.F.);
#6763=ADVANCED_FACE('',(#6053),#6403,.F.);
#6764=ADVANCED_FACE('',(#6054),#6404,.T.);
#6765=ADVANCED_FACE('',(#6055,#6056),#6405,.T.);
#6766=ADVANCED_FACE('',(#6057),#6406,.T.);
#6767=ADVANCED_FACE('',(#6058),#6407,.T.);
#6768=ADVANCED_FACE('',(#6059),#6408,.T.);
#6769=ADVANCED_FACE('',(#6060),#6409,.T.);
#6770=ADVANCED_FACE('',(#6061,#6062),#167,.F.);
#6771=ADVANCED_FACE('',(#6063,#6064),#168,.F.);
#6772=ADVANCED_FACE('',(#6065,#6066),#169,.F.);
#6773=ADVANCED_FACE('',(#6067,#6068),#170,.F.);
#6774=ADVANCED_FACE('',(#6069),#6410,.F.);
#6775=ADVANCED_FACE('',(#6070,#6071,#6072,#6073,#6074,#6075),#6411,.F.);
#6776=ADVANCED_FACE('',(#6076),#6412,.T.);
#6777=ADVANCED_FACE('',(#6077),#6413,.T.);
#6778=ADVANCED_FACE('',(#6078),#6414,.T.);
#6779=ADVANCED_FACE('',(#6079),#6415,.T.);
#6780=ADVANCED_FACE('',(#6080),#6416,.T.);
#6781=ADVANCED_FACE('',(#6081,#6082,#6083,#6084,#6085,#6086),#6417,.T.);
#6782=ADVANCED_FACE('',(#6087),#6418,.F.);
#6783=ADVANCED_FACE('',(#6088),#6419,.F.);
#6784=ADVANCED_FACE('',(#6089),#6420,.F.);
#6785=ADVANCED_FACE('',(#6090),#6421,.F.);
#6786=ADVANCED_FACE('',(#6091,#6092,#6093,#6094,#6095),#6422,.F.);
#6787=ADVANCED_FACE('',(#6096),#6423,.T.);
#6788=ADVANCED_FACE('',(#6097,#6098),#171,.F.);
#6789=ADVANCED_FACE('',(#6099,#6100),#172,.F.);
#6790=ADVANCED_FACE('',(#6101,#6102),#173,.F.);
#6791=ADVANCED_FACE('',(#6103,#6104),#174,.F.);
#6792=ADVANCED_FACE('',(#6105,#6106),#175,.F.);
#6793=ADVANCED_FACE('',(#6107),#6424,.F.);
#6794=ADVANCED_FACE('',(#6108),#6425,.F.);
#6795=ADVANCED_FACE('',(#6109),#6426,.F.);
#6796=ADVANCED_FACE('',(#6110),#6427,.F.);
#6797=CLOSED_SHELL('',(#6428,#6429,#6430,#6431,#6432,#6433,#6434,#6435,
#6436,#6437,#6438,#6439,#6440,#6441,#6442,#6443));
#6798=CLOSED_SHELL('',(#6444,#6445,#6446,#6447,#6448,#6449,#6450,#6451,
#6452,#6453,#6454));
#6799=CLOSED_SHELL('',(#6455,#6456,#6457,#6458,#6459,#6460,#6461,#6462,
#6463,#6464,#6465,#6466,#6467,#6468,#6469,#6470,#6471,#6472,#6473,#6474,
#6475,#6476,#6477,#6478,#6479,#6480,#6481,#6482,#6483));
#6800=CLOSED_SHELL('',(#6484,#6485,#6486,#6487,#6488,#6489,#6490,#6491,
#6492,#6493,#6494,#6495,#6496,#6497,#6498,#6499,#6500,#6501,#6502,#6503,
#6504,#6505,#6506,#6507,#6508,#6509,#6510,#6511,#6512,#6513,#6514,#6515,
#6516,#6517,#6518,#6519,#6520,#6521,#6522,#6523,#6524,#6525,#6526,#6527,
#6528,#6529,#6530,#6531,#6532,#6533,#6534,#6535,#6536,#6537,#6538,#6539,
#6540,#6541,#6542,#6543,#6544,#6545,#6546,#6547,#6548,#6549,#6550,#6551,
#6552,#6553,#6554,#6555,#6556,#6557,#6558,#6559,#6560,#6561,#6562,#6563,
#6564,#6565,#6566,#6567,#6568,#6569,#6570,#6571,#6572,#6573,#6574,#6575,
#6576,#6577));
#6801=CLOSED_SHELL('',(#6578,#6579,#6580,#6581,#6582,#6583,#6584,#6585,
#6586,#6587,#6588,#6589,#6590,#6591,#6592,#6593,#6594,#6595,#6596,#6597,
#6598,#6599,#6600,#6601,#6602,#6603,#6604,#6605,#6606,#6607,#6608,#6609,
#6610,#6611,#6612,#6613,#6614,#6615,#6616,#6617,#6618,#6619,#6620,#6621,
#6622,#6623,#6624,#6625,#6626,#6627,#6628,#6629,#6630,#6631,#6632,#6633,
#6634,#6635,#6636,#6637,#6638,#6639,#6640,#6641,#6642,#6643,#6644,#6645,
#6646,#6647,#6648,#6649,#6650,#6651,#6652,#6653,#6654,#6655,#6656,#6657,
#6658,#6659,#6660,#6661,#6662,#6663,#6664,#6665,#6666,#6667,#6668,#6669,
#6670,#6671,#6672,#6673,#6674,#6675,#6676,#6677,#6678,#6679,#6680,#6681,
#6682,#6683,#6684,#6685,#6686,#6687,#6688,#6689,#6690,#6691,#6692,#6693,
#6694,#6695,#6696,#6697,#6698,#6699,#6700,#6701,#6702,#6703,#6704,#6705,
#6706,#6707,#6708,#6709,#6710,#6711,#6712,#6713,#6714,#6715,#6716,#6717,
#6718,#6719,#6720,#6721,#6722,#6723,#6724,#6725,#6726,#6727,#6728,#6729,
#6730,#6731,#6732,#6733,#6734,#6735,#6736,#6737,#6738,#6739,#6740,#6741,
#6742,#6743,#6744,#6745,#6746,#6747,#6748,#6749,#6750,#6751,#6752,#6753,
#6754,#6755,#6756,#6757,#6758,#6759,#6760,#6761,#6762,#6763,#6764,#6765,
#6766,#6767,#6768,#6769));
#6802=CLOSED_SHELL('',(#6770,#6771,#6772,#6773,#6774,#6775,#6776,#6777,
#6778,#6779,#6780,#6781,#6782,#6783,#6784,#6785,#6786,#6787,#6788,#6789,
#6790,#6791,#6792,#6793,#6794,#6795,#6796));
#6803=STYLED_ITEM('',(#6809),#6848);
#6804=STYLED_ITEM('',(#6810),#6849);
#6805=STYLED_ITEM('',(#6811),#6850);
#6806=STYLED_ITEM('',(#6812),#6851);
#6807=STYLED_ITEM('',(#6813),#6852);
#6808=STYLED_ITEM('',(#6814),#6853);
#6809=PRESENTATION_STYLE_ASSIGNMENT((#6815));
#6810=PRESENTATION_STYLE_ASSIGNMENT((#6816));
#6811=PRESENTATION_STYLE_ASSIGNMENT((#6817));
#6812=PRESENTATION_STYLE_ASSIGNMENT((#6818));
#6813=PRESENTATION_STYLE_ASSIGNMENT((#6819));
#6814=PRESENTATION_STYLE_ASSIGNMENT((#6820));
#6815=SURFACE_STYLE_USAGE(.BOTH.,#6821);
#6816=SURFACE_STYLE_USAGE(.BOTH.,#6822);
#6817=SURFACE_STYLE_USAGE(.BOTH.,#6823);
#6818=SURFACE_STYLE_USAGE(.BOTH.,#6824);
#6819=SURFACE_STYLE_USAGE(.BOTH.,#6825);
#6820=SURFACE_STYLE_USAGE(.BOTH.,#6826);
#6821=SURFACE_SIDE_STYLE('',(#6827));
#6822=SURFACE_SIDE_STYLE('',(#6828));
#6823=SURFACE_SIDE_STYLE('',(#6829));
#6824=SURFACE_SIDE_STYLE('',(#6830));
#6825=SURFACE_SIDE_STYLE('',(#6831));
#6826=SURFACE_SIDE_STYLE('',(#6832));
#6827=SURFACE_STYLE_FILL_AREA(#6833);
#6828=SURFACE_STYLE_FILL_AREA(#6834);
#6829=SURFACE_STYLE_FILL_AREA(#6835);
#6830=SURFACE_STYLE_FILL_AREA(#6836);
#6831=SURFACE_STYLE_FILL_AREA(#6837);
#6832=SURFACE_STYLE_FILL_AREA(#6838);
#6833=FILL_AREA_STYLE('',(#6839));
#6834=FILL_AREA_STYLE('',(#6840));
#6835=FILL_AREA_STYLE('',(#6841));
#6836=FILL_AREA_STYLE('',(#6842));
#6837=FILL_AREA_STYLE('',(#6843));
#6838=FILL_AREA_STYLE('',(#6844));
#6839=FILL_AREA_STYLE_COLOUR('',#6845);
#6840=FILL_AREA_STYLE_COLOUR('',#6845);
#6841=FILL_AREA_STYLE_COLOUR('',#6845);
#6842=FILL_AREA_STYLE_COLOUR('',#6846);
#6843=FILL_AREA_STYLE_COLOUR('',#6845);
#6844=FILL_AREA_STYLE_COLOUR('',#6847);
#6845=COLOUR_RGB('',0.615686274509804,0.811764705882353,0.929411764705882);
#6846=COLOUR_RGB('',0.768627450980392,0.886274509803922,0.952941176470588);
#6847=COLOUR_RGB('',0.917647058823529,0.917647058823529,0.917647058823529);
#6848=MANIFOLD_SOLID_BREP('Part 1',#6797);
#6849=MANIFOLD_SOLID_BREP('Part 1',#6798);
#6850=MANIFOLD_SOLID_BREP('Part 1',#6799);
#6851=MANIFOLD_SOLID_BREP('Wandmodular 2',#6800);
#6852=MANIFOLD_SOLID_BREP('BOX',#6801);
#6853=MANIFOLD_SOLID_BREP('Wandmodular 1',#6802);
#6854=SHAPE_DEFINITION_REPRESENTATION(#11080,#6861);
#6855=SHAPE_DEFINITION_REPRESENTATION(#11081,#6862);
#6856=SHAPE_DEFINITION_REPRESENTATION(#11086,#6863);
#6857=SHAPE_DEFINITION_REPRESENTATION(#11088,#6864);
#6858=SHAPE_DEFINITION_REPRESENTATION(#11090,#6865);
#6859=SHAPE_DEFINITION_REPRESENTATION(#11099,#6866);
#6860=SHAPE_DEFINITION_REPRESENTATION(#11105,#6867);
#6861=SHAPE_REPRESENTATION('Assembly 3',(#6868,#6887,#6888,#6889,#6890,
#6902,#6942,#7049,#7050,#7051,#7052,#7053,#7054,#7055,#7056,#7301,#7302,
#7303,#7304,#7305,#7351),#11063);
#6862=SHAPE_REPRESENTATION('Part 1',(#6868),#11064);
#6863=SHAPE_REPRESENTATION('Part 1',(#6868),#11065);
#6864=SHAPE_REPRESENTATION('Part 1',(#6868),#11066);
#6865=SHAPE_REPRESENTATION('Wandmodular 2',(#6868),#11067);
#6866=SHAPE_REPRESENTATION('BOX',(#6868),#11068);
#6867=SHAPE_REPRESENTATION('Wandmodular 1',(#6868),#11069);
#6868=AXIS2_PLACEMENT_3D('',#9111,#7352,#7353);
#6869=AXIS2_PLACEMENT_3D('',#9112,#7354,#7355);
#6870=AXIS2_PLACEMENT_3D('',#9113,#7356,#7357);
#6871=AXIS2_PLACEMENT_3D('',#9118,#7359,#7360);
#6872=AXIS2_PLACEMENT_3D('',#9121,#7362,#7363);
#6873=AXIS2_PLACEMENT_3D('',#9125,#7365,#7366);
#6874=AXIS2_PLACEMENT_3D('',#9129,#7368,#7369);
#6875=AXIS2_PLACEMENT_3D('',#9130,#7370,#7371);
#6876=AXIS2_PLACEMENT_3D('',#9139,#7376,#7377);
#6877=AXIS2_PLACEMENT_3D('',#9145,#7382,#7383);
#6878=AXIS2_PLACEMENT_3D('',#9147,#7385,#7386);
#6879=AXIS2_PLACEMENT_3D('',#9155,#7391,#7392);
#6880=AXIS2_PLACEMENT_3D('',#9161,#7396,#7397);
#6881=AXIS2_PLACEMENT_3D('',#9167,#7402,#7403);
#6882=AXIS2_PLACEMENT_3D('',#9169,#7405,#7406);
#6883=AXIS2_PLACEMENT_3D('',#9174,#7410,#7411);
#6884=AXIS2_PLACEMENT_3D('',#9175,#7412,#7413);
#6885=AXIS2_PLACEMENT_3D('',#9176,#7414,#7415);
#6886=AXIS2_PLACEMENT_3D('',#9195,#7418,#7419);
#6887=AXIS2_PLACEMENT_3D('',#9196,#7420,#7421);
#6888=AXIS2_PLACEMENT_3D('',#9197,#7422,#7423);
#6889=AXIS2_PLACEMENT_3D('',#9198,#7424,#7425);
#6890=AXIS2_PLACEMENT_3D('',#9199,#7426,#7427);
#6891=AXIS2_PLACEMENT_3D('',#9200,#7428,#7429);
#6892=AXIS2_PLACEMENT_3D('',#9209,#7434,#7435);
#6893=AXIS2_PLACEMENT_3D('',#9215,#7439,#7440);
#6894=AXIS2_PLACEMENT_3D('',#9221,#7444,#7445);
#6895=AXIS2_PLACEMENT_3D('',#9224,#7448,#7449);
#6896=AXIS2_PLACEMENT_3D('',#9225,#7450,#7451);
#6897=AXIS2_PLACEMENT_3D('',#9234,#7456,#7457);
#6898=AXIS2_PLACEMENT_3D('',#9240,#7461,#7462);
#6899=AXIS2_PLACEMENT_3D('',#9246,#7466,#7467);
#6900=AXIS2_PLACEMENT_3D('',#9249,#7470,#7471);
#6901=AXIS2_PLACEMENT_3D('',#9250,#7472,#7473);
#6902=AXIS2_PLACEMENT_3D('',#9251,#7474,#7475);
#6903=AXIS2_PLACEMENT_3D('',#9252,#7476,#7477);
#6904=AXIS2_PLACEMENT_3D('',#9253,#7478,#7479);
#6905=AXIS2_PLACEMENT_3D('',#9271,#7488,#7489);
#6906=AXIS2_PLACEMENT_3D('',#9283,#7496,#7497);
#6907=AXIS2_PLACEMENT_3D('',#9295,#7504,#7505);
#6908=AXIS2_PLACEMENT_3D('',#9312,#7514,#7515);
#6909=AXIS2_PLACEMENT_3D('',#9330,#7524,#7525);
#6910=AXIS2_PLACEMENT_3D('',#9338,#7530,#7531);
#6911=AXIS2_PLACEMENT_3D('',#9342,#7534,#7535);
#6912=AXIS2_PLACEMENT_3D('',#9348,#7539,#7540);
#6913=AXIS2_PLACEMENT_3D('',#9350,#7542,#7543);
#6914=AXIS2_PLACEMENT_3D('',#9351,#7544,#7545);
#6915=AXIS2_PLACEMENT_3D('',#9354,#7548,#7549);
#6916=AXIS2_PLACEMENT_3D('',#9356,#7551,#7552);
#6917=AXIS2_PLACEMENT_3D('',#9358,#7554,#7555);
#6918=AXIS2_PLACEMENT_3D('',#9359,#7556,#7557);
#6919=AXIS2_PLACEMENT_3D('',#9363,#7561,#7562);
#6920=AXIS2_PLACEMENT_3D('',#9365,#7564,#7565);
#6921=AXIS2_PLACEMENT_3D('',#9374,#7566,#7567);
#6922=AXIS2_PLACEMENT_3D('',#9391,#7568,#7569);
#6923=AXIS2_PLACEMENT_3D('',#9400,#7570,#7571);
#6924=AXIS2_PLACEMENT_3D('',#9401,#7572,#7573);
#6925=AXIS2_PLACEMENT_3D('',#9416,#7575,#7576);
#6926=AXIS2_PLACEMENT_3D('',#9429,#7578,#7579);
#6927=AXIS2_PLACEMENT_3D('',#9432,#7582,#7583);
#6928=AXIS2_PLACEMENT_3D('',#9435,#7586,#7587);
#6929=AXIS2_PLACEMENT_3D('',#9436,#7588,#7589);
#6930=AXIS2_PLACEMENT_3D('',#9437,#7590,#7591);
#6931=AXIS2_PLACEMENT_3D('',#9438,#7592,#7593);
#6932=AXIS2_PLACEMENT_3D('',#9439,#7594,#7595);
#6933=AXIS2_PLACEMENT_3D('',#9440,#7596,#7597);
#6934=AXIS2_PLACEMENT_3D('',#9441,#7598,#7599);
#6935=AXIS2_PLACEMENT_3D('',#9442,#7600,#7601);
#6936=AXIS2_PLACEMENT_3D('',#9443,#7602,#7603);
#6937=AXIS2_PLACEMENT_3D('',#9444,#7604,#7605);
#6938=AXIS2_PLACEMENT_3D('',#9445,#7606,#7607);
#6939=AXIS2_PLACEMENT_3D('',#9447,#7609,#7610);
#6940=AXIS2_PLACEMENT_3D('',#9448,#7611,#7612);
#6941=AXIS2_PLACEMENT_3D('',#9450,#7614,#7615);
#6942=AXIS2_PLACEMENT_3D('',#9451,#7616,#7617);
#6943=AXIS2_PLACEMENT_3D('',#9452,#7618,#7619);
#6944=AXIS2_PLACEMENT_3D('',#9461,#7624,#7625);
#6945=AXIS2_PLACEMENT_3D('',#9470,#7630,#7631);
#6946=AXIS2_PLACEMENT_3D('',#9476,#7635,#7636);
#6947=AXIS2_PLACEMENT_3D('',#9485,#7641,#7642);
#6948=AXIS2_PLACEMENT_3D('',#9491,#7646,#7647);
#6949=AXIS2_PLACEMENT_3D('',#9500,#7652,#7653);
#6950=AXIS2_PLACEMENT_3D('',#9501,#7654,#7655);
#6951=AXIS2_PLACEMENT_3D('',#9503,#7656,#7657);
#6952=AXIS2_PLACEMENT_3D('',#9573,#7692,#7693);
#6953=AXIS2_PLACEMENT_3D('',#9582,#7698,#7699);
#6954=AXIS2_PLACEMENT_3D('',#9588,#7703,#7704);
#6955=AXIS2_PLACEMENT_3D('',#9597,#7709,#7710);
#6956=AXIS2_PLACEMENT_3D('',#9603,#7714,#7715);
#6957=AXIS2_PLACEMENT_3D('',#9612,#7720,#7721);
#6958=AXIS2_PLACEMENT_3D('',#9621,#7726,#7727);
#6959=AXIS2_PLACEMENT_3D('',#9622,#7728,#7729);
#6960=AXIS2_PLACEMENT_3D('',#9624,#7730,#7731);
#6961=AXIS2_PLACEMENT_3D('',#9626,#7732,#7733);
#6962=AXIS2_PLACEMENT_3D('',#9627,#7734,#7735);
#6963=AXIS2_PLACEMENT_3D('',#9629,#7736,#7737);
#6964=AXIS2_PLACEMENT_3D('',#9631,#7738,#7739);
#6965=AXIS2_PLACEMENT_3D('',#9632,#7740,#7741);
#6966=AXIS2_PLACEMENT_3D('',#9634,#7742,#7743);
#6967=AXIS2_PLACEMENT_3D('',#9636,#7744,#7745);
#6968=AXIS2_PLACEMENT_3D('',#9637,#7746,#7747);
#6969=AXIS2_PLACEMENT_3D('',#9639,#7748,#7749);
#6970=AXIS2_PLACEMENT_3D('',#9641,#7750,#7751);
#6971=AXIS2_PLACEMENT_3D('',#9647,#7755,#7756);
#6972=AXIS2_PLACEMENT_3D('',#9653,#7760,#7761);
#6973=AXIS2_PLACEMENT_3D('',#9659,#7765,#7766);
#6974=AXIS2_PLACEMENT_3D('',#9665,#7770,#7771);
#6975=AXIS2_PLACEMENT_3D('',#9671,#7775,#7776);
#6976=AXIS2_PLACEMENT_3D('',#9672,#7777,#7778);
#6977=AXIS2_PLACEMENT_3D('',#9674,#7779,#7780);
#6978=AXIS2_PLACEMENT_3D('',#9681,#7784,#7785);
#6979=AXIS2_PLACEMENT_3D('',#9687,#7789,#7790);
#6980=AXIS2_PLACEMENT_3D('',#9693,#7794,#7795);
#6981=AXIS2_PLACEMENT_3D('',#9699,#7799,#7800);
#6982=AXIS2_PLACEMENT_3D('',#9705,#7804,#7805);
#6983=AXIS2_PLACEMENT_3D('',#9708,#7808,#7809);
#6984=AXIS2_PLACEMENT_3D('',#9709,#7810,#7811);
#6985=AXIS2_PLACEMENT_3D('',#9710,#7812,#7813);
#6986=AXIS2_PLACEMENT_3D('',#9711,#7814,#7815);
#6987=AXIS2_PLACEMENT_3D('',#9712,#7816,#7817);
#6988=AXIS2_PLACEMENT_3D('',#9713,#7818,#7819);
#6989=AXIS2_PLACEMENT_3D('',#9714,#7820,#7821);
#6990=AXIS2_PLACEMENT_3D('',#9725,#7828,#7829);
#6991=AXIS2_PLACEMENT_3D('',#9735,#7835,#7836);
#6992=AXIS2_PLACEMENT_3D('',#9739,#7840,#7841);
#6993=AXIS2_PLACEMENT_3D('',#9741,#7843,#7844);
#6994=AXIS2_PLACEMENT_3D('',#9752,#7851,#7852);
#6995=AXIS2_PLACEMENT_3D('',#9758,#7857,#7858);
#6996=AXIS2_PLACEMENT_3D('',#9762,#7861,#7862);
#6997=AXIS2_PLACEMENT_3D('',#9764,#7864,#7865);
#6998=AXIS2_PLACEMENT_3D('',#9765,#7866,#7867);
#6999=AXIS2_PLACEMENT_3D('',#9776,#7874,#7875);
#7000=AXIS2_PLACEMENT_3D('',#9780,#7878,#7879);
#7001=AXIS2_PLACEMENT_3D('',#9789,#7885,#7886);
#7002=AXIS2_PLACEMENT_3D('',#9791,#7888,#7889);
#7003=AXIS2_PLACEMENT_3D('',#9802,#7896,#7897);
#7004=AXIS2_PLACEMENT_3D('',#9813,#7904,#7905);
#7005=AXIS2_PLACEMENT_3D('',#9815,#7907,#7908);
#7006=AXIS2_PLACEMENT_3D('',#9817,#7910,#7911);
#7007=AXIS2_PLACEMENT_3D('',#9819,#7913,#7914);
#7008=AXIS2_PLACEMENT_3D('',#9820,#7915,#7916);
#7009=AXIS2_PLACEMENT_3D('',#9822,#7918,#7919);
#7010=AXIS2_PLACEMENT_3D('',#9823,#7920,#7921);
#7011=AXIS2_PLACEMENT_3D('',#9824,#7922,#7923);
#7012=AXIS2_PLACEMENT_3D('',#9825,#7924,#7925);
#7013=AXIS2_PLACEMENT_3D('',#9827,#7927,#7928);
#7014=AXIS2_PLACEMENT_3D('',#9828,#7929,#7930);
#7015=AXIS2_PLACEMENT_3D('',#9830,#7932,#7933);
#7016=AXIS2_PLACEMENT_3D('',#9831,#7934,#7935);
#7017=AXIS2_PLACEMENT_3D('',#9832,#7936,#7937);
#7018=AXIS2_PLACEMENT_3D('',#9833,#7938,#7939);
#7019=AXIS2_PLACEMENT_3D('',#9839,#7943,#7944);
#7020=AXIS2_PLACEMENT_3D('',#9848,#7950,#7951);
#7021=AXIS2_PLACEMENT_3D('',#9857,#7957,#7958);
#7022=AXIS2_PLACEMENT_3D('',#9859,#7960,#7961);
#7023=AXIS2_PLACEMENT_3D('',#9863,#7964,#7965);
#7024=AXIS2_PLACEMENT_3D('',#9872,#7971,#7972);
#7025=AXIS2_PLACEMENT_3D('',#9876,#7976,#7977);
#7026=AXIS2_PLACEMENT_3D('',#9877,#7978,#7979);
#7027=AXIS2_PLACEMENT_3D('',#9883,#7983,#7984);
#7028=AXIS2_PLACEMENT_3D('',#9887,#7987,#7988);
#7029=AXIS2_PLACEMENT_3D('',#9896,#7994,#7995);
#7030=AXIS2_PLACEMENT_3D('',#9900,#7999,#8000);
#7031=AXIS2_PLACEMENT_3D('',#9901,#8001,#8002);
#7032=AXIS2_PLACEMENT_3D('',#9912,#8009,#8010);
#7033=AXIS2_PLACEMENT_3D('',#9916,#8013,#8014);
#7034=AXIS2_PLACEMENT_3D('',#9925,#8020,#8021);
#7035=AXIS2_PLACEMENT_3D('',#9927,#8023,#8024);
#7036=AXIS2_PLACEMENT_3D('',#9929,#8026,#8027);
#7037=AXIS2_PLACEMENT_3D('',#9930,#8028,#8029);
#7038=AXIS2_PLACEMENT_3D('',#9932,#8031,#8032);
#7039=AXIS2_PLACEMENT_3D('',#9933,#8033,#8034);
#7040=AXIS2_PLACEMENT_3D('',#9934,#8035,#8036);
#7041=AXIS2_PLACEMENT_3D('',#9935,#8037,#8038);
#7042=AXIS2_PLACEMENT_3D('',#9937,#8040,#8041);
#7043=AXIS2_PLACEMENT_3D('',#9938,#8042,#8043);
#7044=AXIS2_PLACEMENT_3D('',#9939,#8044,#8045);
#7045=AXIS2_PLACEMENT_3D('',#9940,#8046,#8047);
#7046=AXIS2_PLACEMENT_3D('',#9942,#8049,#8050);
#7047=AXIS2_PLACEMENT_3D('',#9943,#8051,#8052);
#7048=AXIS2_PLACEMENT_3D('',#9944,#8053,#8054);
#7049=AXIS2_PLACEMENT_3D('',#9945,#8055,#8056);
#7050=AXIS2_PLACEMENT_3D('',#9946,#8057,#8058);
#7051=AXIS2_PLACEMENT_3D('',#9947,#8059,#8060);
#7052=AXIS2_PLACEMENT_3D('',#9948,#8061,#8062);
#7053=AXIS2_PLACEMENT_3D('',#9949,#8063,#8064);
#7054=AXIS2_PLACEMENT_3D('',#9950,#8065,#8066);
#7055=AXIS2_PLACEMENT_3D('',#9951,#8067,#8068);
#7056=AXIS2_PLACEMENT_3D('',#9952,#8069,#8070);
#7057=AXIS2_PLACEMENT_3D('',#9953,#8071,#8072);
#7058=AXIS2_PLACEMENT_3D('',#9977,#8084,#8085);
#7059=AXIS2_PLACEMENT_3D('',#9985,#8089,#8090);
#7060=AXIS2_PLACEMENT_3D('',#9994,#8095,#8096);
#7061=AXIS2_PLACEMENT_3D('',#9998,#8099,#8100);
#7062=AXIS2_PLACEMENT_3D('',#10003,#8103,#8104);
#7063=AXIS2_PLACEMENT_3D('',#10004,#8105,#8106);
#7064=AXIS2_PLACEMENT_3D('',#10006,#8107,#8108);
#7065=AXIS2_PLACEMENT_3D('',#10008,#8109,#8110);
#7066=AXIS2_PLACEMENT_3D('',#10073,#8143,#8144);
#7067=AXIS2_PLACEMENT_3D('',#10077,#8146,#8147);
#7068=AXIS2_PLACEMENT_3D('',#10090,#8154,#8155);
#7069=AXIS2_PLACEMENT_3D('',#10111,#8166,#8167);
#7070=AXIS2_PLACEMENT_3D('',#10116,#8170,#8171);
#7071=AXIS2_PLACEMENT_3D('',#10122,#8175,#8176);
#7072=AXIS2_PLACEMENT_3D('',#10128,#8180,#8181);
#7073=AXIS2_PLACEMENT_3D('',#10134,#8185,#8186);
#7074=AXIS2_PLACEMENT_3D('',#10135,#8187,#8188);
#7075=AXIS2_PLACEMENT_3D('',#10137,#8189,#8190);
#7076=AXIS2_PLACEMENT_3D('',#10139,#8191,#8192);
#7077=AXIS2_PLACEMENT_3D('',#10141,#8193,#8194);
#7078=AXIS2_PLACEMENT_3D('',#10165,#8207,#8208);
#7079=AXIS2_PLACEMENT_3D('',#10166,#8209,#8210);
#7080=AXIS2_PLACEMENT_3D('',#10168,#8211,#8212);
#7081=AXIS2_PLACEMENT_3D('',#10170,#8213,#8214);
#7082=AXIS2_PLACEMENT_3D('',#10171,#8215,#8216);
#7083=AXIS2_PLACEMENT_3D('',#10173,#8217,#8218);
#7084=AXIS2_PLACEMENT_3D('',#10175,#8219,#8220);
#7085=AXIS2_PLACEMENT_3D('',#10176,#8221,#8222);
#7086=AXIS2_PLACEMENT_3D('',#10178,#8223,#8224);
#7087=AXIS2_PLACEMENT_3D('',#10180,#8225,#8226);
#7088=AXIS2_PLACEMENT_3D('',#10181,#8227,#8228);
#7089=AXIS2_PLACEMENT_3D('',#10183,#8229,#8230);
#7090=AXIS2_PLACEMENT_3D('',#10185,#8231,#8232);
#7091=AXIS2_PLACEMENT_3D('',#10186,#8233,#8234);
#7092=AXIS2_PLACEMENT_3D('',#10188,#8235,#8236);
#7093=AXIS2_PLACEMENT_3D('',#10189,#8237,#8238);
#7094=AXIS2_PLACEMENT_3D('',#10191,#8239,#8240);
#7095=AXIS2_PLACEMENT_3D('',#10192,#8241,#8242);
#7096=AXIS2_PLACEMENT_3D('',#10194,#8243,#8244);
#7097=AXIS2_PLACEMENT_3D('',#10195,#8245,#8246);
#7098=AXIS2_PLACEMENT_3D('',#10197,#8247,#8248);
#7099=AXIS2_PLACEMENT_3D('',#10214,#8257,#8258);
#7100=AXIS2_PLACEMENT_3D('',#10236,#8270,#8271);
#7101=AXIS2_PLACEMENT_3D('',#10255,#8282,#8283);
#7102=AXIS2_PLACEMENT_3D('',#10275,#8295,#8296);
#7103=AXIS2_PLACEMENT_3D('',#10276,#8297,#8298);
#7104=AXIS2_PLACEMENT_3D('',#10281,#8301,#8302);
#7105=AXIS2_PLACEMENT_3D('',#10285,#8304,#8305);
#7106=AXIS2_PLACEMENT_3D('',#10291,#8308,#8309);
#7107=AXIS2_PLACEMENT_3D('',#10299,#8314,#8315);
#7108=AXIS2_PLACEMENT_3D('',#10300,#8316,#8317);
#7109=AXIS2_PLACEMENT_3D('',#10302,#8318,#8319);
#7110=AXIS2_PLACEMENT_3D('',#10360,#8351,#8352);
#7111=AXIS2_PLACEMENT_3D('',#10361,#8353,#8354);
#7112=AXIS2_PLACEMENT_3D('',#10363,#8355,#8356);
#7113=AXIS2_PLACEMENT_3D('',#10366,#8358,#8359);
#7114=AXIS2_PLACEMENT_3D('',#10367,#8360,#8361);
#7115=AXIS2_PLACEMENT_3D('',#10369,#8362,#8363);
#7116=AXIS2_PLACEMENT_3D('',#10371,#8364,#8365);
#7117=AXIS2_PLACEMENT_3D('',#10374,#8367,#8368);
#7118=AXIS2_PLACEMENT_3D('',#10377,#8371,#8372);
#7119=AXIS2_PLACEMENT_3D('',#10379,#8374,#8375);
#7120=AXIS2_PLACEMENT_3D('',#10381,#8377,#8378);
#7121=AXIS2_PLACEMENT_3D('',#10383,#8380,#8381);
#7122=AXIS2_PLACEMENT_3D('',#10384,#8382,#8383);
#7123=AXIS2_PLACEMENT_3D('',#10386,#8385,#8386);
#7124=AXIS2_PLACEMENT_3D('',#10388,#8388,#8389);
#7125=AXIS2_PLACEMENT_3D('',#10390,#8391,#8392);
#7126=AXIS2_PLACEMENT_3D('',#10391,#8393,#8394);
#7127=AXIS2_PLACEMENT_3D('',#10393,#8396,#8397);
#7128=AXIS2_PLACEMENT_3D('',#10395,#8399,#8400);
#7129=AXIS2_PLACEMENT_3D('',#10397,#8402,#8403);
#7130=AXIS2_PLACEMENT_3D('',#10399,#8405,#8406);
#7131=AXIS2_PLACEMENT_3D('',#10400,#8407,#8408);
#7132=AXIS2_PLACEMENT_3D('',#10402,#8410,#8411);
#7133=AXIS2_PLACEMENT_3D('',#10404,#8413,#8414);
#7134=AXIS2_PLACEMENT_3D('',#10405,#8415,#8416);
#7135=AXIS2_PLACEMENT_3D('',#10406,#8417,#8418);
#7136=AXIS2_PLACEMENT_3D('',#10407,#8419,#8420);
#7137=AXIS2_PLACEMENT_3D('',#10408,#8421,#8422);
#7138=AXIS2_PLACEMENT_3D('',#10409,#8423,#8424);
#7139=AXIS2_PLACEMENT_3D('',#10410,#8425,#8426);
#7140=AXIS2_PLACEMENT_3D('',#10411,#8427,#8428);
#7141=AXIS2_PLACEMENT_3D('',#10412,#8429,#8430);
#7142=AXIS2_PLACEMENT_3D('',#10413,#8431,#8432);
#7143=AXIS2_PLACEMENT_3D('',#10416,#8434,#8435);
#7144=AXIS2_PLACEMENT_3D('',#10418,#8437,#8438);
#7145=AXIS2_PLACEMENT_3D('',#10419,#8439,#8440);
#7146=AXIS2_PLACEMENT_3D('',#10420,#8441,#8442);
#7147=AXIS2_PLACEMENT_3D('',#10421,#8443,#8444);
#7148=AXIS2_PLACEMENT_3D('',#10423,#8445,#8446);
#7149=AXIS2_PLACEMENT_3D('',#10425,#8447,#8448);
#7150=AXIS2_PLACEMENT_3D('',#10434,#8453,#8454);
#7151=AXIS2_PLACEMENT_3D('',#10437,#8457,#8458);
#7152=AXIS2_PLACEMENT_3D('',#10439,#8460,#8461);
#7153=AXIS2_PLACEMENT_3D('',#10441,#8463,#8464);
#7154=AXIS2_PLACEMENT_3D('',#10442,#8465,#8466);
#7155=AXIS2_PLACEMENT_3D('',#10443,#8467,#8468);
#7156=AXIS2_PLACEMENT_3D('',#10444,#8469,#8470);
#7157=AXIS2_PLACEMENT_3D('',#10446,#8471,#8472);
#7158=AXIS2_PLACEMENT_3D('',#10448,#8473,#8474);
#7159=AXIS2_PLACEMENT_3D('',#10457,#8479,#8480);
#7160=AXIS2_PLACEMENT_3D('',#10460,#8483,#8484);
#7161=AXIS2_PLACEMENT_3D('',#10462,#8486,#8487);
#7162=AXIS2_PLACEMENT_3D('',#10464,#8489,#8490);
#7163=AXIS2_PLACEMENT_3D('',#10465,#8491,#8492);
#7164=AXIS2_PLACEMENT_3D('',#10466,#8493,#8494);
#7165=AXIS2_PLACEMENT_3D('',#10468,#8496,#8497);
#7166=AXIS2_PLACEMENT_3D('',#10469,#8498,#8499);
#7167=AXIS2_PLACEMENT_3D('',#10471,#8501,#8502);
#7168=AXIS2_PLACEMENT_3D('',#10472,#8503,#8504);
#7169=AXIS2_PLACEMENT_3D('',#10474,#8506,#8507);
#7170=AXIS2_PLACEMENT_3D('',#10475,#8508,#8509);
#7171=AXIS2_PLACEMENT_3D('',#10477,#8511,#8512);
#7172=AXIS2_PLACEMENT_3D('',#10478,#8513,#8514);
#7173=AXIS2_PLACEMENT_3D('',#10484,#8518,#8519);
#7174=AXIS2_PLACEMENT_3D('',#10488,#8522,#8523);
#7175=AXIS2_PLACEMENT_3D('',#10492,#8526,#8527);
#7176=AXIS2_PLACEMENT_3D('',#10496,#8530,#8531);
#7177=AXIS2_PLACEMENT_3D('',#10500,#8534,#8535);
#7178=AXIS2_PLACEMENT_3D('',#10502,#8537,#8538);
#7179=AXIS2_PLACEMENT_3D('',#10503,#8539,#8540);
#7180=AXIS2_PLACEMENT_3D('',#10509,#8544,#8545);
#7181=AXIS2_PLACEMENT_3D('',#10513,#8548,#8549);
#7182=AXIS2_PLACEMENT_3D('',#10517,#8552,#8553);
#7183=AXIS2_PLACEMENT_3D('',#10521,#8556,#8557);
#7184=AXIS2_PLACEMENT_3D('',#10525,#8560,#8561);
#7185=AXIS2_PLACEMENT_3D('',#10527,#8563,#8564);
#7186=AXIS2_PLACEMENT_3D('',#10528,#8565,#8566);
#7187=AXIS2_PLACEMENT_3D('',#10534,#8570,#8571);
#7188=AXIS2_PLACEMENT_3D('',#10538,#8574,#8575);
#7189=AXIS2_PLACEMENT_3D('',#10542,#8578,#8579);
#7190=AXIS2_PLACEMENT_3D('',#10546,#8582,#8583);
#7191=AXIS2_PLACEMENT_3D('',#10550,#8586,#8587);
#7192=AXIS2_PLACEMENT_3D('',#10552,#8589,#8590);
#7193=AXIS2_PLACEMENT_3D('',#10553,#8591,#8592);
#7194=AXIS2_PLACEMENT_3D('',#10559,#8596,#8597);
#7195=AXIS2_PLACEMENT_3D('',#10563,#8600,#8601);
#7196=AXIS2_PLACEMENT_3D('',#10567,#8604,#8605);
#7197=AXIS2_PLACEMENT_3D('',#10571,#8608,#8609);
#7198=AXIS2_PLACEMENT_3D('',#10575,#8612,#8613);
#7199=AXIS2_PLACEMENT_3D('',#10577,#8615,#8616);
#7200=AXIS2_PLACEMENT_3D('',#10578,#8617,#8618);
#7201=AXIS2_PLACEMENT_3D('',#10587,#8623,#8624);
#7202=AXIS2_PLACEMENT_3D('',#10594,#8629,#8630);
#7203=AXIS2_PLACEMENT_3D('',#10598,#8633,#8634);
#7204=AXIS2_PLACEMENT_3D('',#10602,#8637,#8638);
#7205=AXIS2_PLACEMENT_3D('',#10608,#8642,#8643);
#7206=AXIS2_PLACEMENT_3D('',#10611,#8646,#8647);
#7207=AXIS2_PLACEMENT_3D('',#10612,#8648,#8649);
#7208=AXIS2_PLACEMENT_3D('',#10622,#8655,#8656);
#7209=AXIS2_PLACEMENT_3D('',#10628,#8660,#8661);
#7210=AXIS2_PLACEMENT_3D('',#10634,#8665,#8666);
#7211=AXIS2_PLACEMENT_3D('',#10639,#8670,#8671);
#7212=AXIS2_PLACEMENT_3D('',#10643,#8674,#8675);
#7213=AXIS2_PLACEMENT_3D('',#10645,#8677,#8678);
#7214=AXIS2_PLACEMENT_3D('',#10646,#8679,#8680);
#7215=AXIS2_PLACEMENT_3D('',#10652,#8684,#8685);
#7216=AXIS2_PLACEMENT_3D('',#10658,#8689,#8690);
#7217=AXIS2_PLACEMENT_3D('',#10664,#8694,#8695);
#7218=AXIS2_PLACEMENT_3D('',#10670,#8699,#8700);
#7219=AXIS2_PLACEMENT_3D('',#10677,#8705,#8706);
#7220=AXIS2_PLACEMENT_3D('',#10679,#8708,#8709);
#7221=AXIS2_PLACEMENT_3D('',#10680,#8710,#8711);
#7222=AXIS2_PLACEMENT_3D('',#10689,#8716,#8717);
#7223=AXIS2_PLACEMENT_3D('',#10696,#8722,#8723);
#7224=AXIS2_PLACEMENT_3D('',#10700,#8726,#8727);
#7225=AXIS2_PLACEMENT_3D('',#10704,#8730,#8731);
#7226=AXIS2_PLACEMENT_3D('',#10710,#8735,#8736);
#7227=AXIS2_PLACEMENT_3D('',#10713,#8739,#8740);
#7228=AXIS2_PLACEMENT_3D('',#10714,#8741,#8742);
#7229=AXIS2_PLACEMENT_3D('',#10715,#8743,#8744);
#7230=AXIS2_PLACEMENT_3D('',#10717,#8745,#8746);
#7231=AXIS2_PLACEMENT_3D('',#10719,#8747,#8748);
#7232=AXIS2_PLACEMENT_3D('',#10720,#8749,#8750);
#7233=AXIS2_PLACEMENT_3D('',#10721,#8751,#8752);
#7234=AXIS2_PLACEMENT_3D('',#10725,#8755,#8756);
#7235=AXIS2_PLACEMENT_3D('',#10727,#8758,#8759);
#7236=AXIS2_PLACEMENT_3D('',#10728,#8760,#8761);
#7237=AXIS2_PLACEMENT_3D('',#10730,#8762,#8763);
#7238=AXIS2_PLACEMENT_3D('',#10732,#8764,#8765);
#7239=AXIS2_PLACEMENT_3D('',#10733,#8766,#8767);
#7240=AXIS2_PLACEMENT_3D('',#10734,#8768,#8769);
#7241=AXIS2_PLACEMENT_3D('',#10735,#8770,#8771);
#7242=AXIS2_PLACEMENT_3D('',#10737,#8772,#8773);
#7243=AXIS2_PLACEMENT_3D('',#10739,#8774,#8775);
#7244=AXIS2_PLACEMENT_3D('',#10740,#8776,#8777);
#7245=AXIS2_PLACEMENT_3D('',#10744,#8780,#8781);
#7246=AXIS2_PLACEMENT_3D('',#10746,#8783,#8784);
#7247=AXIS2_PLACEMENT_3D('',#10747,#8785,#8786);
#7248=AXIS2_PLACEMENT_3D('',#10749,#8787,#8788);
#7249=AXIS2_PLACEMENT_3D('',#10751,#8789,#8790);
#7250=AXIS2_PLACEMENT_3D('',#10752,#8791,#8792);
#7251=AXIS2_PLACEMENT_3D('',#10753,#8793,#8794);
#7252=AXIS2_PLACEMENT_3D('',#10754,#8795,#8796);
#7253=AXIS2_PLACEMENT_3D('',#10755,#8797,#8798);
#7254=AXIS2_PLACEMENT_3D('',#10757,#8799,#8800);
#7255=AXIS2_PLACEMENT_3D('',#10758,#8801,#8802);
#7256=AXIS2_PLACEMENT_3D('',#10760,#8803,#8804);
#7257=AXIS2_PLACEMENT_3D('',#10761,#8805,#8806);
#7258=AXIS2_PLACEMENT_3D('',#10762,#8807,#8808);
#7259=AXIS2_PLACEMENT_3D('',#10763,#8809,#8810);
#7260=AXIS2_PLACEMENT_3D('',#10764,#8811,#8812);
#7261=AXIS2_PLACEMENT_3D('',#10765,#8813,#8814);
#7262=AXIS2_PLACEMENT_3D('',#10774,#8819,#8820);
#7263=AXIS2_PLACEMENT_3D('',#10780,#8824,#8825);
#7264=AXIS2_PLACEMENT_3D('',#10786,#8829,#8830);
#7265=AXIS2_PLACEMENT_3D('',#10790,#8833,#8834);
#7266=AXIS2_PLACEMENT_3D('',#10796,#8838,#8839);
#7267=AXIS2_PLACEMENT_3D('',#10800,#8842,#8843);
#7268=AXIS2_PLACEMENT_3D('',#10802,#8845,#8846);
#7269=AXIS2_PLACEMENT_3D('',#10805,#8849,#8850);
#7270=AXIS2_PLACEMENT_3D('',#10806,#8851,#8852);
#7271=AXIS2_PLACEMENT_3D('',#10815,#8857,#8858);
#7272=AXIS2_PLACEMENT_3D('',#10821,#8862,#8863);
#7273=AXIS2_PLACEMENT_3D('',#10827,#8867,#8868);
#7274=AXIS2_PLACEMENT_3D('',#10833,#8872,#8873);
#7275=AXIS2_PLACEMENT_3D('',#10837,#8876,#8877);
#7276=AXIS2_PLACEMENT_3D('',#10841,#8880,#8881);
#7277=AXIS2_PLACEMENT_3D('',#10843,#8883,#8884);
#7278=AXIS2_PLACEMENT_3D('',#10846,#8887,#8888);
#7279=AXIS2_PLACEMENT_3D('',#10847,#8889,#8890);
#7280=AXIS2_PLACEMENT_3D('',#10856,#8895,#8896);
#7281=AXIS2_PLACEMENT_3D('',#10862,#8900,#8901);
#7282=AXIS2_PLACEMENT_3D('',#10868,#8905,#8906);
#7283=AXIS2_PLACEMENT_3D('',#10872,#8909,#8910);
#7284=AXIS2_PLACEMENT_3D('',#10878,#8914,#8915);
#7285=AXIS2_PLACEMENT_3D('',#10882,#8918,#8919);
#7286=AXIS2_PLACEMENT_3D('',#10884,#8921,#8922);
#7287=AXIS2_PLACEMENT_3D('',#10887,#8925,#8926);
#7288=AXIS2_PLACEMENT_3D('',#10888,#8927,#8928);
#7289=AXIS2_PLACEMENT_3D('',#10897,#8933,#8934);
#7290=AXIS2_PLACEMENT_3D('',#10903,#8938,#8939);
#7291=AXIS2_PLACEMENT_3D('',#10909,#8943,#8944);
#7292=AXIS2_PLACEMENT_3D('',#10915,#8948,#8949);
#7293=AXIS2_PLACEMENT_3D('',#10919,#8952,#8953);
#7294=AXIS2_PLACEMENT_3D('',#10923,#8956,#8957);
#7295=AXIS2_PLACEMENT_3D('',#10925,#8959,#8960);
#7296=AXIS2_PLACEMENT_3D('',#10928,#8963,#8964);
#7297=AXIS2_PLACEMENT_3D('',#10929,#8965,#8966);
#7298=AXIS2_PLACEMENT_3D('',#10930,#8967,#8968);
#7299=AXIS2_PLACEMENT_3D('',#10931,#8969,#8970);
#7300=AXIS2_PLACEMENT_3D('',#10932,#8971,#8972);
#7301=AXIS2_PLACEMENT_3D('',#10933,#8973,#8974);
#7302=AXIS2_PLACEMENT_3D('',#10934,#8975,#8976);
#7303=AXIS2_PLACEMENT_3D('',#10935,#8977,#8978);
#7304=AXIS2_PLACEMENT_3D('',#10936,#8979,#8980);
#7305=AXIS2_PLACEMENT_3D('',#10937,#8981,#8982);
#7306=AXIS2_PLACEMENT_3D('',#10938,#8983,#8984);
#7307=AXIS2_PLACEMENT_3D('',#10939,#8985,#8986);
#7308=AXIS2_PLACEMENT_3D('',#10941,#8987,#8988);
#7309=AXIS2_PLACEMENT_3D('',#10943,#8989,#8990);
#7310=AXIS2_PLACEMENT_3D('',#10944,#8991,#8992);
#7311=AXIS2_PLACEMENT_3D('',#10946,#8993,#8994);
#7312=AXIS2_PLACEMENT_3D('',#10948,#8995,#8996);
#7313=AXIS2_PLACEMENT_3D('',#10949,#8997,#8998);
#7314=AXIS2_PLACEMENT_3D('',#10951,#8999,#9000);
#7315=AXIS2_PLACEMENT_3D('',#10953,#9001,#9002);
#7316=AXIS2_PLACEMENT_3D('',#10954,#9003,#9004);
#7317=AXIS2_PLACEMENT_3D('',#10956,#9005,#9006);
#7318=AXIS2_PLACEMENT_3D('',#10958,#9007,#9008);
#7319=AXIS2_PLACEMENT_3D('',#10967,#9013,#9014);
#7320=AXIS2_PLACEMENT_3D('',#10968,#9015,#9016);
#7321=AXIS2_PLACEMENT_3D('',#10970,#9017,#9018);
#7322=AXIS2_PLACEMENT_3D('',#10972,#9019,#9020);
#7323=AXIS2_PLACEMENT_3D('',#10974,#9021,#9022);
#7324=AXIS2_PLACEMENT_3D('',#10976,#9023,#9024);
#7325=AXIS2_PLACEMENT_3D('',#10983,#9028,#9029);
#7326=AXIS2_PLACEMENT_3D('',#10989,#9033,#9034);
#7327=AXIS2_PLACEMENT_3D('',#10995,#9038,#9039);
#7328=AXIS2_PLACEMENT_3D('',#11001,#9043,#9044);
#7329=AXIS2_PLACEMENT_3D('',#11007,#9048,#9049);
#7330=AXIS2_PLACEMENT_3D('',#11013,#9053,#9054);
#7331=AXIS2_PLACEMENT_3D('',#11019,#9058,#9059);
#7332=AXIS2_PLACEMENT_3D('',#11021,#9060,#9061);
#7333=AXIS2_PLACEMENT_3D('',#11023,#9062,#9063);
#7334=AXIS2_PLACEMENT_3D('',#11025,#9064,#9065);
#7335=AXIS2_PLACEMENT_3D('',#11027,#9066,#9067);
#7336=AXIS2_PLACEMENT_3D('',#11029,#9068,#9069);
#7337=AXIS2_PLACEMENT_3D('',#11035,#9073,#9074);
#7338=AXIS2_PLACEMENT_3D('',#11041,#9078,#9079);
#7339=AXIS2_PLACEMENT_3D('',#11047,#9083,#9084);
#7340=AXIS2_PLACEMENT_3D('',#11050,#9087,#9088);
#7341=AXIS2_PLACEMENT_3D('',#11051,#9089,#9090);
#7342=AXIS2_PLACEMENT_3D('',#11052,#9091,#9092);
#7343=AXIS2_PLACEMENT_3D('',#11053,#9093,#9094);
#7344=AXIS2_PLACEMENT_3D('',#11054,#9095,#9096);
#7345=AXIS2_PLACEMENT_3D('',#11055,#9097,#9098);
#7346=AXIS2_PLACEMENT_3D('',#11056,#9099,#9100);
#7347=AXIS2_PLACEMENT_3D('',#11057,#9101,#9102);
#7348=AXIS2_PLACEMENT_3D('',#11058,#9103,#9104);
#7349=AXIS2_PLACEMENT_3D('',#11059,#9105,#9106);
#7350=AXIS2_PLACEMENT_3D('',#11060,#9107,#9108);
#7351=AXIS2_PLACEMENT_3D('',#11061,#9109,#9110);
#7352=DIRECTION('',(0.,0.,1.));
#7353=DIRECTION('',(1.,0.,0.));
#7354=DIRECTION('',(0.,0.,1.));
#7355=DIRECTION('',(1.,0.,0.));
#7356=DIRECTION('',(0.,0.,1.));
#7357=DIRECTION('',(1.,0.,0.));
#7358=DIRECTION('',(0.999999535006672,-0.000964358045274752,0.));
#7359=DIRECTION('',(0.,0.,1.));
#7360=DIRECTION('',(1.,0.,0.));
#7361=DIRECTION('',(0.999999535006672,0.000964358045274752,0.));
#7362=DIRECTION('',(0.,0.,1.));
#7363=DIRECTION('',(1.,0.,0.));
#7364=DIRECTION('',(1.,-6.39091318114888E-16,0.));
#7365=DIRECTION('',(0.,0.,1.));
#7366=DIRECTION('',(1.,0.,0.));
#7367=DIRECTION('',(-1.,-6.39091318114888E-16,0.));
#7368=DIRECTION('',(0.,0.,1.));
#7369=DIRECTION('',(1.,0.,0.));
#7370=DIRECTION('',(-4.67183600732502E-16,1.,0.));
#7371=DIRECTION('',(-1.,-4.67183600732502E-16,0.));
#7372=DIRECTION('',(0.,0.,-1.));
#7373=DIRECTION('',(1.,4.5382105056509E-16,9.87280585078433E-17));
#7374=DIRECTION('',(0.,0.,-1.));
#7375=DIRECTION('',(1.,4.67183600732502E-16,0.));
#7376=DIRECTION('',(0.557184404897448,0.830388787821149,0.));
#7377=DIRECTION('',(-0.830388787821149,0.557184404897448,0.));
#7378=DIRECTION('',(0.73244082703767,-0.491462086580433,-0.471163933617993));
#7379=DIRECTION('',(0.,0.,-1.));
#7380=DIRECTION('',(-0.731819895041671,0.491045446050423,-0.472561118940543));
#7381=DIRECTION('',(0.00780456898814928,-0.00523680496524194,-0.999955831312896));
#7382=DIRECTION('',(0.,0.,-1.));
#7383=DIRECTION('',(-1.,0.,0.));
#7384=DIRECTION('',(0.,0.,-1.));
#7385=DIRECTION('',(0.557184404897448,-0.830388787821149,0.));
#7386=DIRECTION('',(0.830388787821149,0.557184404897448,0.));
#7387=DIRECTION('',(-0.73244082703767,-0.491462086580433,-0.471163933617993));
#7388=DIRECTION('',(0.,0.,-1.));
#7389=DIRECTION('',(-0.00780456898814928,-0.00523680496524194,-0.999955831312896));
#7390=DIRECTION('',(-0.731819895041671,-0.491045446050423,0.472561118940543));
#7391=DIRECTION('',(-2.22254240903032E-16,-1.,0.));
#7392=DIRECTION('',(1.,-2.22254240903032E-16,0.));
#7393=DIRECTION('',(-1.,4.5382105056509E-16,9.87280585078433E-17));
#7394=DIRECTION('',(0.,0.,-1.));
#7395=DIRECTION('',(-1.,2.22254240903032E-16,0.));
#7396=DIRECTION('',(0.62839185956032,0.777896953868778,0.));
#7397=DIRECTION('',(-0.777896953868778,0.62839185956032,0.));
#7398=DIRECTION('',(-0.666323289569912,0.538261692527232,0.516030642631278));
#7399=DIRECTION('',(0.,0.,-1.));
#7400=DIRECTION('',(0.66611404844778,-0.538092665746526,0.516476870276207));
#7401=DIRECTION('',(-3.83659471204748E-17,3.09923425396199E-17,-1.));
#7402=DIRECTION('',(0.,0.,-1.));
#7403=DIRECTION('',(-1.,0.,0.));
#7404=DIRECTION('',(0.,0.,-1.));
#7405=DIRECTION('',(0.62839185956032,-0.777896953868778,0.));
#7406=DIRECTION('',(0.777896953868778,0.62839185956032,0.));
#7407=DIRECTION('',(0.666323289569912,0.538261692527232,0.516030642631278));
#7408=DIRECTION('',(3.83659471204748E-17,3.09923425396199E-17,-1.));
#7409=DIRECTION('',(0.66611404844778,0.538092665746526,-0.516476870276207));
#7410=DIRECTION('',(3.33131083429727E-16,-0.692042731422252,0.721856535528791));
#7411=DIRECTION('',(0.,-0.721856535528791,-0.692042731422252));
#7412=DIRECTION('',(-3.33131083429727E-16,-0.692042731422252,0.721856535528791));
#7413=DIRECTION('',(0.,-0.721856535528791,-0.692042731422252));
#7414=DIRECTION('',(0.000668201909257676,-0.692897831694733,-0.721035469542897));
#7415=DIRECTION('',(0.,0.721035630511881,-0.692897986382075));
#7416=DIRECTION('',(-0.99999918833099,-0.00127405725553156,1.07457575075465E-5));
#7417=DIRECTION('',(0.99999918833099,-0.00127405725553156,1.07457575075465E-5));
#7418=DIRECTION('',(0.000668201909257676,0.692897831694733,0.721035469542897));
#7419=DIRECTION('',(0.,-0.721035630511881,0.692897986382075));
#7420=DIRECTION('',(1.,3.22206055189772E-14,1.75946037600762E-14));
#7421=DIRECTION('',(3.22206055189758E-14,-1.,8.35595763886911E-14));
#7422=DIRECTION('',(1.,3.22206055189772E-14,1.75946037600762E-14));
#7423=DIRECTION('',(3.22206055189758E-14,-1.,8.35595763886911E-14));
#7424=DIRECTION('',(1.,3.22206055189772E-14,1.75946037600762E-14));
#7425=DIRECTION('',(3.22206055189758E-14,-1.,8.35595763886911E-14));
#7426=DIRECTION('',(1.,-1.36605282311448E-15,-3.33066907387574E-16));
#7427=DIRECTION('',(1.36605282311448E-15,1.,1.23522022365715E-14));
#7428=DIRECTION('',(1.,0.,0.));
#7429=DIRECTION('',(0.,0.,-1.));
#7430=DIRECTION('',(0.,0.,-1.));
#7431=DIRECTION('',(0.,1.,0.));
#7432=DIRECTION('',(0.,0.,-1.));
#7433=DIRECTION('',(0.,1.,0.));
#7434=DIRECTION('',(0.,0.,1.));
#7435=DIRECTION('',(1.,0.,0.));
#7436=DIRECTION('',(1.,0.,0.));
#7437=DIRECTION('',(0.,1.,0.));
#7438=DIRECTION('',(1.,0.,0.));
#7439=DIRECTION('',(1.,0.,0.));
#7440=DIRECTION('',(0.,0.,-1.));
#7441=DIRECTION('',(0.,0.,-1.));
#7442=DIRECTION('',(0.,1.,0.));
#7443=DIRECTION('',(0.,0.,-1.));
#7444=DIRECTION('',(0.,0.,1.));
#7445=DIRECTION('',(1.,0.,0.));
#7446=DIRECTION('',(1.,0.,0.));
#7447=DIRECTION('',(1.,0.,0.));
#7448=DIRECTION('',(0.,-1.,0.));
#7449=DIRECTION('',(1.,0.,0.));
#7450=DIRECTION('',(1.,0.,8.51398025019292E-17));
#7451=DIRECTION('',(8.51398025019292E-17,0.,-1.));
#7452=DIRECTION('',(0.,1.,0.));
#7453=DIRECTION('',(-8.51398025019292E-17,0.,1.));
#7454=DIRECTION('',(0.,1.,0.));
#7455=DIRECTION('',(8.51398025019292E-17,0.,-1.));
#7456=DIRECTION('',(0.,0.,1.));
#7457=DIRECTION('',(1.,0.,0.));
#7458=DIRECTION('',(-1.,0.,0.));
#7459=DIRECTION('',(0.,1.,0.));
#7460=DIRECTION('',(1.,0.,0.));
#7461=DIRECTION('',(1.,0.,0.));
#7462=DIRECTION('',(0.,0.,-1.));
#7463=DIRECTION('',(0.,0.,1.));
#7464=DIRECTION('',(0.,1.,0.));
#7465=DIRECTION('',(0.,0.,-1.));
#7466=DIRECTION('',(0.,0.,1.));
#7467=DIRECTION('',(1.,0.,0.));
#7468=DIRECTION('',(-1.,0.,0.));
#7469=DIRECTION('',(1.,0.,0.));
#7470=DIRECTION('',(0.,-1.,0.));
#7471=DIRECTION('',(1.,0.,0.));
#7472=DIRECTION('',(0.,-1.,0.));
#7473=DIRECTION('',(1.,0.,0.));
#7474=DIRECTION('',(1.,2.51006104130467E-16,-4.99600361081338E-15));
#7475=DIRECTION('',(-4.99600361081338E-15,1.71376519448101E-14,-1.));
#7476=DIRECTION('',(0.,0.,1.));
#7477=DIRECTION('',(1.,0.,0.));
#7478=DIRECTION('',(0.,0.,1.));
#7479=DIRECTION('',(1.,0.,0.));
#7480=DIRECTION('',(1.,8.67361737988404E-16,0.));
#7481=DIRECTION('',(2.89120579329468E-16,-1.,0.));
#7482=DIRECTION('',(1.,0.,0.));
#7483=DIRECTION('',(2.89120579329468E-16,-1.,0.));
#7484=DIRECTION('',(1.15648231731787E-16,1.,0.));
#7485=DIRECTION('',(-1.,-1.15648231731787E-16,0.));
#7486=DIRECTION('',(-1.15648231731787E-16,1.,0.));
#7487=DIRECTION('',(-1.,-1.15648231731787E-16,0.));
#7488=DIRECTION('',(1.,-1.15648231731787E-16,0.));
#7489=DIRECTION('',(-1.15648231731787E-16,-1.,0.));
#7490=DIRECTION('',(-1.15648231731787E-16,-1.,0.));
#7491=DIRECTION('',(3.32312748576153E-17,0.287347885566341,-0.957826285221153));
#7492=DIRECTION('',(-3.32312748576153E-17,-0.287347885566341,-0.957826285221153));
#7493=DIRECTION('',(1.15648231731787E-16,1.,0.));
#7494=DIRECTION('',(-3.32312748576158E-17,-0.287347885566346,-0.957826285221151));
#7495=DIRECTION('',(-3.32312748576158E-17,-0.287347885566346,0.957826285221151));
#7496=DIRECTION('',(-1.,-1.15648231731787E-16,0.));
#7497=DIRECTION('',(1.15648231731787E-16,-1.,0.));
#7498=DIRECTION('',(-1.15648231731787E-16,1.,0.));
#7499=DIRECTION('',(3.32312748576158E-17,-0.287347885566346,0.957826285221151));
#7500=DIRECTION('',(3.32312748576158E-17,-0.287347885566346,-0.957826285221151));
#7501=DIRECTION('',(1.15648231731787E-16,-1.,0.));
#7502=DIRECTION('',(-3.32312748576153E-17,0.287347885566341,0.957826285221153));
#7503=DIRECTION('',(3.32312748576153E-17,-0.287347885566341,0.957826285221153));
#7504=DIRECTION('',(0.,0.,1.));
#7505=DIRECTION('',(1.,0.,0.));
#7506=DIRECTION('',(-1.,-1.15648231731787E-16,0.));
#7507=DIRECTION('',(-1.15648231731787E-16,1.,0.));
#7508=DIRECTION('',(1.,1.15648231731787E-16,0.));
#7509=DIRECTION('',(-1.15648231731787E-16,1.,0.));
#7510=DIRECTION('',(-1.,-1.15648231731787E-16,0.));
#7511=DIRECTION('',(-1.15648231731787E-16,1.,0.));
#7512=DIRECTION('',(1.,1.15648231731787E-16,0.));
#7513=DIRECTION('',(-1.15648231731787E-16,1.,0.));
#7514=DIRECTION('',(0.,0.,1.));
#7515=DIRECTION('',(1.,0.,0.));
#7516=DIRECTION('',(-1.15648231731787E-16,1.,0.));
#7517=DIRECTION('',(1.,0.,0.));
#7518=DIRECTION('',(-2.31296463463574E-16,1.,0.));
#7519=DIRECTION('',(1.,0.,0.));
#7520=DIRECTION('',(2.89120579329468E-16,-1.,0.));
#7521=DIRECTION('',(1.,8.67361737988404E-16,0.));
#7522=DIRECTION('',(2.89120579329468E-16,-1.,0.));
#7523=DIRECTION('',(1.,0.,0.));
#7524=DIRECTION('',(-1.,-1.15648231731787E-16,0.));
#7525=DIRECTION('',(1.15648231731787E-16,-1.,0.));
#7526=DIRECTION('',(0.,0.,-1.));
#7527=DIRECTION('',(3.32312748576158E-17,-0.287347885566346,-0.957826285221151));
#7528=DIRECTION('',(3.32312748576158E-17,-0.287347885566346,0.957826285221151));
#7529=DIRECTION('',(0.,0.,-1.));
#7530=DIRECTION('',(0.,1.,0.));
#7531=DIRECTION('',(0.,0.,1.));
#7532=DIRECTION('',(1.,0.,0.));
#7533=DIRECTION('',(0.,0.,-1.));
#7534=DIRECTION('',(-1.,-2.31296463463574E-16,0.));
#7535=DIRECTION('',(2.31296463463574E-16,-1.,0.));
#7536=DIRECTION('',(-3.32312748576158E-17,-0.287347885566346,-0.957826285221151));
#7537=DIRECTION('',(0.,0.,-1.));
#7538=DIRECTION('',(-3.32312748576158E-17,-0.287347885566346,0.957826285221151));
#7539=DIRECTION('',(0.,1.,0.));
#7540=DIRECTION('',(0.,0.,1.));
#7541=DIRECTION('',(1.,0.,0.));
#7542=DIRECTION('',(0.,0.,1.));
#7543=DIRECTION('',(1.,0.,0.));
#7544=DIRECTION('',(8.67361737988404E-16,-1.,0.));
#7545=DIRECTION('',(1.,8.67361737988404E-16,0.));
#7546=DIRECTION('',(0.,0.,1.));
#7547=DIRECTION('',(0.,0.,1.));
#7548=DIRECTION('',(-1.,-2.89120579329468E-16,0.));
#7549=DIRECTION('',(2.89120579329468E-16,-1.,0.));
#7550=DIRECTION('',(0.,0.,1.));
#7551=DIRECTION('',(0.,-1.,0.));
#7552=DIRECTION('',(0.,0.,-1.));
#7553=DIRECTION('',(0.,0.,1.));
#7554=DIRECTION('',(-1.,-2.89120579329468E-16,0.));
#7555=DIRECTION('',(2.89120579329468E-16,-1.,0.));
#7556=DIRECTION('',(-1.10770916192053E-16,0.957826285221151,-0.287347885566346));
#7557=DIRECTION('',(0.,0.287347885566346,0.957826285221152));
#7558=DIRECTION('',(-1.,-1.15648231731787E-16,0.));
#7559=DIRECTION('',(1.,-1.15648231731787E-16,0.));
#7560=DIRECTION('',(-1.,-1.15648231731787E-16,0.));
#7561=DIRECTION('',(1.10770916192053E-16,-0.957826285221151,-0.287347885566346));
#7562=DIRECTION('',(0.,0.287347885566346,-0.957826285221152));
#7563=DIRECTION('',(-1.,-1.15648231731787E-16,0.));
#7564=DIRECTION('',(-1.,-1.15648231731787E-16,0.));
#7565=DIRECTION('',(1.15648231731787E-16,-1.,0.));
#7566=DIRECTION('',(-1.,-1.15648231731787E-16,0.));
#7567=DIRECTION('',(1.15648231731787E-16,-1.,0.));
#7568=DIRECTION('',(-1.,-1.15648231731787E-16,0.));
#7569=DIRECTION('',(1.15648231731787E-16,-1.,0.));
#7570=DIRECTION('',(-1.,-1.15648231731787E-16,0.));
#7571=DIRECTION('',(1.15648231731787E-16,-1.,0.));
#7572=DIRECTION('',(-1.,-1.15648231731787E-16,0.));
#7573=DIRECTION('',(1.15648231731787E-16,-1.,0.));
#7574=DIRECTION('',(-1.,-1.15648231731787E-16,0.));
#7575=DIRECTION('',(-1.,-1.15648231731787E-16,0.));
#7576=DIRECTION('',(1.15648231731787E-16,-1.,0.));
#7577=DIRECTION('',(-1.,-1.15648231731787E-16,0.));
#7578=DIRECTION('',(-1.,-1.15648231731787E-16,0.));
#7579=DIRECTION('',(1.15648231731787E-16,-1.,0.));
#7580=DIRECTION('',(-1.15648231731787E-16,1.,0.));
#7581=DIRECTION('',(-1.15648231731787E-16,1.,0.));
#7582=DIRECTION('',(-1.,-1.15648231731787E-16,0.));
#7583=DIRECTION('',(1.15648231731787E-16,-1.,0.));
#7584=DIRECTION('',(-1.15648231731787E-16,1.,0.));
#7585=DIRECTION('',(-1.15648231731787E-16,1.,0.));
#7586=DIRECTION('',(-1.15648231731787E-16,1.,0.));
#7587=DIRECTION('',(-1.,-1.15648231731787E-16,0.));
#7588=DIRECTION('',(0.707106781186547,0.707106781186548,0.));
#7589=DIRECTION('',(-0.707106781186548,0.707106781186547,0.));
#7590=DIRECTION('',(1.15648231731787E-16,-1.,0.));
#7591=DIRECTION('',(1.,1.15648231731787E-16,0.));
#7592=DIRECTION('',(0.707106781186548,-0.707106781186547,0.));
#7593=DIRECTION('',(-0.707106781186547,-0.707106781186548,0.));
#7594=DIRECTION('',(-1.,-1.15648231731787E-16,0.));
#7595=DIRECTION('',(1.15648231731787E-16,-1.,0.));
#7596=DIRECTION('',(-1.15648231731787E-16,1.,0.));
#7597=DIRECTION('',(-1.,-1.15648231731787E-16,0.));
#7598=DIRECTION('',(-0.707106781186548,0.707106781186547,0.));
#7599=DIRECTION('',(0.707106781186547,0.707106781186548,0.));
#7600=DIRECTION('',(1.15648231731787E-16,-1.,0.));
#7601=DIRECTION('',(1.,1.15648231731787E-16,0.));
#7602=DIRECTION('',(-0.707106781186547,-0.707106781186548,0.));
#7603=DIRECTION('',(0.707106781186548,-0.707106781186547,0.));
#7604=DIRECTION('',(-1.,-1.15648231731787E-16,0.));
#7605=DIRECTION('',(1.15648231731787E-16,-1.,0.));
#7606=DIRECTION('',(1.10770916192053E-16,-0.957826285221153,0.287347885566341));
#7607=DIRECTION('',(0.,-0.287347885566341,-0.957826285221153));
#7608=DIRECTION('',(-1.,-1.15648231731787E-16,0.));
#7609=DIRECTION('',(0.,0.,-1.));
#7610=DIRECTION('',(-1.,0.,0.));
#7611=DIRECTION('',(0.,0.,1.));
#7612=DIRECTION('',(1.,0.,0.));
#7613=DIRECTION('',(-1.,-1.15648231731787E-16,0.));
#7614=DIRECTION('',(1.10770916192053E-16,-0.957826285221153,-0.287347885566341));
#7615=DIRECTION('',(0.,0.287347885566341,-0.957826285221153));
#7616=DIRECTION('',(0.,0.,1.));
#7617=DIRECTION('',(1.,0.,0.));
#7618=DIRECTION('',(1.,0.,0.));
#7619=DIRECTION('',(0.,0.,-1.));
#7620=DIRECTION('',(0.,0.,1.));
#7621=DIRECTION('',(0.,-1.,0.));
#7622=DIRECTION('',(0.,0.,1.));
#7623=DIRECTION('',(0.,-1.,0.));
#7624=DIRECTION('',(-1.,0.,0.));
#7625=DIRECTION('',(0.,0.,1.));
#7626=DIRECTION('',(0.,0.,-1.));
#7627=DIRECTION('',(0.,-1.,0.));
#7628=DIRECTION('',(0.,0.,-1.));
#7629=DIRECTION('',(0.,-1.,0.));
#7630=DIRECTION('',(0.,0.,-1.));
#7631=DIRECTION('',(-1.,0.,0.));
#7632=DIRECTION('',(1.,0.,0.));
#7633=DIRECTION('',(1.,0.,0.));
#7634=DIRECTION('',(0.,-1.,0.));
#7635=DIRECTION('',(0.,0.,1.));
#7636=DIRECTION('',(1.,0.,0.));
#7637=DIRECTION('',(0.,-1.,0.));
#7638=DIRECTION('',(-1.,0.,0.));
#7639=DIRECTION('',(0.,-1.,0.));
#7640=DIRECTION('',(-1.,0.,0.));
#7641=DIRECTION('',(-1.,0.,0.));
#7642=DIRECTION('',(0.,0.,1.));
#7643=DIRECTION('',(0.,-1.,0.));
#7644=DIRECTION('',(0.,0.,-1.));
#7645=DIRECTION('',(0.,0.,-1.));
#7646=DIRECTION('',(1.,0.,0.));
#7647=DIRECTION('',(0.,0.,-1.));
#7648=DIRECTION('',(0.,-1.,0.));
#7649=DIRECTION('',(0.,0.,1.));
#7650=DIRECTION('',(0.,-1.,0.));
#7651=DIRECTION('',(0.,0.,1.));
#7652=DIRECTION('',(0.,-1.,0.));
#7653=DIRECTION('',(0.,0.,-1.));
#7654=DIRECTION('',(0.,1.,0.));
#7655=DIRECTION('',(0.,0.,1.));
#7656=DIRECTION('',(0.,1.,0.));
#7657=DIRECTION('',(0.,0.,1.));
#7658=DIRECTION('',(-1.,0.,0.));
#7659=DIRECTION('',(0.,0.,1.));
#7660=DIRECTION('',(-1.,0.,0.));
#7661=DIRECTION('',(0.,0.,1.));
#7662=DIRECTION('',(-1.,0.,0.));
#7663=DIRECTION('',(0.,0.,-1.));
#7664=DIRECTION('',(-1.,0.,0.));
#7665=DIRECTION('',(0.,0.,-1.));
#7666=DIRECTION('',(0.,0.,1.));
#7667=DIRECTION('',(1.,0.,0.));
#7668=DIRECTION('',(-8.67361737988406E-16,0.,-1.));
#7669=DIRECTION('',(1.,0.,0.));
#7670=DIRECTION('',(0.,0.,1.));
#7671=DIRECTION('',(-1.,0.,0.));
#7672=DIRECTION('',(1.,0.,0.));
#7673=DIRECTION('',(-3.4694469519536E-16,0.,-1.));
#7674=DIRECTION('',(1.,0.,0.));
#7675=DIRECTION('',(0.,0.,-1.));
#7676=DIRECTION('',(0.,0.,1.));
#7677=DIRECTION('',(1.,0.,0.));
#7678=DIRECTION('',(0.,0.,1.));
#7679=DIRECTION('',(1.,0.,0.));
#7680=DIRECTION('',(0.,0.,1.));
#7681=DIRECTION('',(-1.,0.,0.));
#7682=DIRECTION('',(0.,0.,1.));
#7683=DIRECTION('',(1.,0.,0.));
#7684=DIRECTION('',(0.,0.,-1.));
#7685=DIRECTION('',(-1.,0.,0.));
#7686=DIRECTION('',(0.,0.,-1.));
#7687=DIRECTION('',(-1.,0.,-6.93889390390722E-15));
#7688=DIRECTION('',(1.,0.,0.));
#7689=DIRECTION('',(7.88510670898553E-17,0.,-1.));
#7690=DIRECTION('',(1.,0.,0.));
#7691=DIRECTION('',(-1.57702134179711E-16,0.,-1.));
#7692=DIRECTION('',(0.,0.,1.));
#7693=DIRECTION('',(1.,0.,0.));
#7694=DIRECTION('',(0.,-1.,0.));
#7695=DIRECTION('',(-1.,0.,0.));
#7696=DIRECTION('',(0.,-1.,0.));
#7697=DIRECTION('',(-1.,0.,0.));
#7698=DIRECTION('',(-1.,0.,0.));
#7699=DIRECTION('',(0.,0.,1.));
#7700=DIRECTION('',(0.,-1.,0.));
#7701=DIRECTION('',(0.,0.,-1.));
#7702=DIRECTION('',(0.,0.,-1.));
#7703=DIRECTION('',(-1.,0.,0.));
#7704=DIRECTION('',(0.,0.,1.));
#7705=DIRECTION('',(0.,0.,-1.));
#7706=DIRECTION('',(0.,-1.,0.));
#7707=DIRECTION('',(0.,0.,-1.));
#7708=DIRECTION('',(0.,-1.,0.));
#7709=DIRECTION('',(0.,0.,-1.));
#7710=DIRECTION('',(-1.,0.,0.));
#7711=DIRECTION('',(1.,0.,0.));
#7712=DIRECTION('',(1.,0.,0.));
#7713=DIRECTION('',(0.,-1.,0.));
#7714=DIRECTION('',(1.,0.,0.));
#7715=DIRECTION('',(0.,0.,-1.));
#7716=DIRECTION('',(0.,-1.,0.));
#7717=DIRECTION('',(0.,0.,1.));
#7718=DIRECTION('',(0.,-1.,0.));
#7719=DIRECTION('',(0.,0.,1.));
#7720=DIRECTION('',(1.,0.,0.));
#7721=DIRECTION('',(0.,0.,-1.));
#7722=DIRECTION('',(0.,0.,1.));
#7723=DIRECTION('',(0.,-1.,0.));
#7724=DIRECTION('',(0.,0.,1.));
#7725=DIRECTION('',(0.,-1.,0.));
#7726=DIRECTION('',(0.,0.,1.));
#7727=DIRECTION('',(1.,0.,0.));
#7728=DIRECTION('',(0.,0.,-1.));
#7729=DIRECTION('',(1.,0.,0.));
#7730=DIRECTION('',(0.,0.,-1.));
#7731=DIRECTION('',(1.,0.,0.));
#7732=DIRECTION('',(0.,0.,1.));
#7733=DIRECTION('',(1.,0.,0.));
#7734=DIRECTION('',(0.,0.,1.));
#7735=DIRECTION('',(1.,0.,0.));
#7736=DIRECTION('',(0.,0.,1.));
#7737=DIRECTION('',(1.,0.,0.));
#7738=DIRECTION('',(0.,0.,1.));
#7739=DIRECTION('',(1.,0.,0.));
#7740=DIRECTION('',(0.,0.,1.));
#7741=DIRECTION('',(1.,0.,0.));
#7742=DIRECTION('',(0.,0.,1.));
#7743=DIRECTION('',(1.,0.,0.));
#7744=DIRECTION('',(0.,0.,1.));
#7745=DIRECTION('',(1.,0.,0.));
#7746=DIRECTION('',(0.,0.,-1.));
#7747=DIRECTION('',(1.,0.,0.));
#7748=DIRECTION('',(0.,0.,-1.));
#7749=DIRECTION('',(1.,0.,0.));
#7750=DIRECTION('',(1.,0.,0.));
#7751=DIRECTION('',(0.,0.,-1.));
#7752=DIRECTION('',(0.,1.,0.));
#7753=DIRECTION('',(0.,1.,0.));
#7754=DIRECTION('',(0.,0.,1.));
#7755=DIRECTION('',(0.,-1.,0.));
#7756=DIRECTION('',(0.,0.,-1.));
#7757=DIRECTION('',(1.,0.,0.));
#7758=DIRECTION('',(1.,0.,0.));
#7759=DIRECTION('',(0.,0.,1.));
#7760=DIRECTION('',(1.,0.,0.));
#7761=DIRECTION('',(0.,0.,-1.));
#7762=DIRECTION('',(0.,1.,0.));
#7763=DIRECTION('',(0.,1.,0.));
#7764=DIRECTION('',(0.,0.,1.));
#7765=DIRECTION('',(0.,1.,0.));
#7766=DIRECTION('',(0.,0.,1.));
#7767=DIRECTION('',(-1.,0.,0.));
#7768=DIRECTION('',(-1.,0.,0.));
#7769=DIRECTION('',(0.,0.,1.));
#7770=DIRECTION('',(1.,0.,0.));
#7771=DIRECTION('',(0.,0.,-1.));
#7772=DIRECTION('',(0.,1.,0.));
#7773=DIRECTION('',(0.,1.,0.));
#7774=DIRECTION('',(0.,0.,1.));
#7775=DIRECTION('',(0.,-1.,0.));
#7776=DIRECTION('',(0.,0.,-1.));
#7777=DIRECTION('',(0.,-1.,0.));
#7778=DIRECTION('',(0.,0.,-1.));
#7779=DIRECTION('',(0.,-1.,0.));
#7780=DIRECTION('',(0.,0.,-1.));
#7781=DIRECTION('',(1.,0.,0.));
#7782=DIRECTION('',(1.,0.,0.));
#7783=DIRECTION('',(0.,0.,1.));
#7784=DIRECTION('',(1.,0.,0.));
#7785=DIRECTION('',(0.,0.,-1.));
#7786=DIRECTION('',(0.,1.,0.));
#7787=DIRECTION('',(0.,1.,0.));
#7788=DIRECTION('',(0.,0.,1.));
#7789=DIRECTION('',(0.,-1.,0.));
#7790=DIRECTION('',(0.,0.,-1.));
#7791=DIRECTION('',(1.,0.,0.));
#7792=DIRECTION('',(1.,0.,0.));
#7793=DIRECTION('',(0.,0.,1.));
#7794=DIRECTION('',(1.,0.,0.));
#7795=DIRECTION('',(0.,0.,-1.));
#7796=DIRECTION('',(0.,1.,0.));
#7797=DIRECTION('',(0.,1.,0.));
#7798=DIRECTION('',(0.,0.,1.));
#7799=DIRECTION('',(0.,1.,0.));
#7800=DIRECTION('',(0.,0.,1.));
#7801=DIRECTION('',(-1.,0.,0.));
#7802=DIRECTION('',(-1.,0.,0.));
#7803=DIRECTION('',(0.,0.,1.));
#7804=DIRECTION('',(1.,0.,0.));
#7805=DIRECTION('',(0.,0.,-1.));
#7806=DIRECTION('',(0.,1.,0.));
#7807=DIRECTION('',(0.,1.,0.));
#7808=DIRECTION('',(0.,0.,1.));
#7809=DIRECTION('',(1.,0.,0.));
#7810=DIRECTION('',(0.,0.,1.));
#7811=DIRECTION('',(1.,0.,0.));
#7812=DIRECTION('',(0.,0.,1.));
#7813=DIRECTION('',(1.,0.,0.));
#7814=DIRECTION('',(0.,0.,1.));
#7815=DIRECTION('',(1.,0.,0.));
#7816=DIRECTION('',(0.,0.,1.));
#7817=DIRECTION('',(1.,0.,0.));
#7818=DIRECTION('',(0.,0.,1.));
#7819=DIRECTION('',(1.,0.,0.));
#7820=DIRECTION('',(0.,0.,-1.));
#7821=DIRECTION('',(-1.,0.,0.));
#7822=DIRECTION('',(0.,-1.,0.));
#7823=DIRECTION('',(1.,0.,0.));
#7824=DIRECTION('',(0.,-1.,0.));
#7825=DIRECTION('',(1.,0.,0.));
#7826=DIRECTION('',(1.,0.,0.));
#7827=DIRECTION('',(0.,-1.,0.));
#7828=DIRECTION('',(0.,0.,1.));
#7829=DIRECTION('',(1.,0.,0.));
#7830=DIRECTION('',(0.,-1.,0.));
#7831=DIRECTION('',(-1.,0.,0.));
#7832=DIRECTION('',(0.,-1.,0.));
#7833=DIRECTION('',(1.,0.,0.));
#7834=DIRECTION('',(0.,-1.,0.));
#7835=DIRECTION('',(1.,0.,0.));
#7836=DIRECTION('',(0.,0.,-1.));
#7837=DIRECTION('',(0.,0.,1.));
#7838=DIRECTION('',(0.,0.,1.));
#7839=DIRECTION('',(0.,0.,1.));
#7840=DIRECTION('',(0.,1.,0.));
#7841=DIRECTION('',(-1.,0.,0.));
#7842=DIRECTION('',(-8.67361737988406E-16,0.,-1.));
#7843=DIRECTION('',(0.,0.,1.));
#7844=DIRECTION('',(1.,0.,0.));
#7845=DIRECTION('',(0.,-1.,0.));
#7846=DIRECTION('',(-1.,0.,0.));
#7847=DIRECTION('',(-1.,0.,0.));
#7848=DIRECTION('',(0.,-1.,0.));
#7849=DIRECTION('',(-1.,0.,0.));
#7850=DIRECTION('',(0.,-1.,0.));
#7851=DIRECTION('',(1.,0.,0.));
#7852=DIRECTION('',(0.,0.,-1.));
#7853=DIRECTION('',(0.,-1.,0.));
#7854=DIRECTION('',(0.,0.,1.));
#7855=DIRECTION('',(0.,0.,1.));
#7856=DIRECTION('',(0.,0.,1.));
#7857=DIRECTION('',(0.,0.,-1.));
#7858=DIRECTION('',(-1.,0.,0.));
#7859=DIRECTION('',(0.,-1.,0.));
#7860=DIRECTION('',(1.,0.,0.));
#7861=DIRECTION('',(1.,0.,0.));
#7862=DIRECTION('',(0.,0.,-1.));
#7863=DIRECTION('',(0.,0.,1.));
#7864=DIRECTION('',(0.,1.,0.));
#7865=DIRECTION('',(-1.,0.,0.));
#7866=DIRECTION('',(-6.93889390390722E-15,0.,1.));
#7867=DIRECTION('',(1.,0.,6.93889390390722E-15));
#7868=DIRECTION('',(0.,-1.,0.));
#7869=DIRECTION('',(-1.,0.,-6.93889390390722E-15));
#7870=DIRECTION('',(0.,-1.,0.));
#7871=DIRECTION('',(-1.,0.,-6.93889390390732E-15));
#7872=DIRECTION('',(-1.,0.,-6.93889390390732E-15));
#7873=DIRECTION('',(0.,-1.,0.));
#7874=DIRECTION('',(-1.,0.,0.));
#7875=DIRECTION('',(0.,0.,1.));
#7876=DIRECTION('',(0.,-1.,0.));
#7877=DIRECTION('',(0.,0.,-1.));
#7878=DIRECTION('',(0.,0.,1.));
#7879=DIRECTION('',(1.,0.,0.));
#7880=DIRECTION('',(0.,-1.,0.));
#7881=DIRECTION('',(1.,0.,0.));
#7882=DIRECTION('',(1.,0.,0.));
#7883=DIRECTION('',(0.,-1.,0.));
#7884=DIRECTION('',(-1.,0.,0.));
#7885=DIRECTION('',(0.,1.,0.));
#7886=DIRECTION('',(-1.,0.,0.));
#7887=DIRECTION('',(0.,0.,-1.));
#7888=DIRECTION('',(0.,0.,-1.));
#7889=DIRECTION('',(-1.,0.,0.));
#7890=DIRECTION('',(0.,-1.,0.));
#7891=DIRECTION('',(1.,0.,0.));
#7892=DIRECTION('',(1.,0.,0.));
#7893=DIRECTION('',(0.,-1.,0.));
#7894=DIRECTION('',(1.,0.,0.));
#7895=DIRECTION('',(0.,-1.,0.));
#7896=DIRECTION('',(0.,0.,-1.));
#7897=DIRECTION('',(-1.,0.,0.));
#7898=DIRECTION('',(0.,-1.,0.));
#7899=DIRECTION('',(1.,0.,0.));
#7900=DIRECTION('',(0.,-1.,0.));
#7901=DIRECTION('',(-1.,0.,0.));
#7902=DIRECTION('',(-1.,0.,0.));
#7903=DIRECTION('',(0.,-1.,0.));
#7904=DIRECTION('',(-1.,0.,0.));
#7905=DIRECTION('',(0.,0.,1.));
#7906=DIRECTION('',(0.,0.,-1.));
#7907=DIRECTION('',(0.,1.,0.));
#7908=DIRECTION('',(-1.,0.,0.));
#7909=DIRECTION('',(-3.4694469519536E-16,0.,-1.));
#7910=DIRECTION('',(-1.,0.,0.));
#7911=DIRECTION('',(0.,0.,1.));
#7912=DIRECTION('',(0.,0.,-1.));
#7913=DIRECTION('',(0.,1.,0.));
#7914=DIRECTION('',(-1.,0.,0.));
#7915=DIRECTION('',(-1.,0.,3.4694469519536E-16));
#7916=DIRECTION('',(3.4694469519536E-16,0.,1.));
#7917=DIRECTION('',(-3.4694469519536E-16,0.,-1.));
#7918=DIRECTION('',(0.,1.,0.));
#7919=DIRECTION('',(-1.,0.,0.));
#7920=DIRECTION('',(0.,1.,0.));
#7921=DIRECTION('',(-1.,0.,0.));
#7922=DIRECTION('',(0.,1.,0.));
#7923=DIRECTION('',(-1.,0.,0.));
#7924=DIRECTION('',(-1.,0.,3.4694469519536E-16));
#7925=DIRECTION('',(3.4694469519536E-16,0.,1.));
#7926=DIRECTION('',(-3.4694469519536E-16,0.,-1.));
#7927=DIRECTION('',(0.,1.,0.));
#7928=DIRECTION('',(-1.,0.,0.));
#7929=DIRECTION('',(-1.,0.,0.));
#7930=DIRECTION('',(0.,0.,1.));
#7931=DIRECTION('',(0.,0.,-1.));
#7932=DIRECTION('',(0.,1.,0.));
#7933=DIRECTION('',(-1.,0.,0.));
#7934=DIRECTION('',(0.,1.,0.));
#7935=DIRECTION('',(-1.,0.,0.));
#7936=DIRECTION('',(0.,1.,0.));
#7937=DIRECTION('',(-1.,0.,0.));
#7938=DIRECTION('',(-1.,0.,0.));
#7939=DIRECTION('',(0.,0.,1.));
#7940=DIRECTION('',(0.,-1.,0.));
#7941=DIRECTION('',(0.,0.,-1.));
#7942=DIRECTION('',(0.,-1.,0.));
#7943=DIRECTION('',(0.,0.,1.));
#7944=DIRECTION('',(1.,0.,0.));
#7945=DIRECTION('',(0.,-1.,0.));
#7946=DIRECTION('',(1.,0.,0.));
#7947=DIRECTION('',(1.,0.,0.));
#7948=DIRECTION('',(0.,-1.,0.));
#7949=DIRECTION('',(-1.,0.,0.));
#7950=DIRECTION('',(0.,0.,1.));
#7951=DIRECTION('',(1.,0.,0.));
#7952=DIRECTION('',(-1.,0.,0.));
#7953=DIRECTION('',(0.,-1.,0.));
#7954=DIRECTION('',(-1.,0.,0.));
#7955=DIRECTION('',(-1.,0.,0.));
#7956=DIRECTION('',(0.,-1.,0.));
#7957=DIRECTION('',(0.,1.,0.));
#7958=DIRECTION('',(-1.,0.,0.));
#7959=DIRECTION('',(0.,0.,-1.));
#7960=DIRECTION('',(-1.,0.,8.67361737988406E-16));
#7961=DIRECTION('',(8.67361737988406E-16,0.,1.));
#7962=DIRECTION('',(0.,-1.,0.));
#7963=DIRECTION('',(-8.67361737988406E-16,0.,-1.));
#7964=DIRECTION('',(0.,0.,-1.));
#7965=DIRECTION('',(-1.,0.,0.));
#7966=DIRECTION('',(0.,-1.,0.));
#7967=DIRECTION('',(-1.,0.,0.));
#7968=DIRECTION('',(-1.,0.,0.));
#7969=DIRECTION('',(0.,-1.,0.));
#7970=DIRECTION('',(1.,0.,0.));
#7971=DIRECTION('',(1.,0.,0.));
#7972=DIRECTION('',(0.,0.,-1.));
#7973=DIRECTION('',(0.,0.,1.));
#7974=DIRECTION('',(7.88510670898553E-17,0.,1.));
#7975=DIRECTION('',(7.88510670898553E-17,0.,1.));
#7976=DIRECTION('',(0.,1.,0.));
#7977=DIRECTION('',(-1.,0.,0.));
#7978=DIRECTION('',(1.,0.,0.));
#7979=DIRECTION('',(0.,0.,-1.));
#7980=DIRECTION('',(0.,-1.,0.));
#7981=DIRECTION('',(0.,0.,1.));
#7982=DIRECTION('',(0.,-1.,0.));
#7983=DIRECTION('',(0.,0.,1.));
#7984=DIRECTION('',(1.,0.,0.));
#7985=DIRECTION('',(0.,-1.,0.));
#7986=DIRECTION('',(-1.,0.,0.));
#7987=DIRECTION('',(1.,0.,0.));
#7988=DIRECTION('',(0.,0.,-1.));
#7989=DIRECTION('',(0.,-1.,0.));
#7990=DIRECTION('',(0.,0.,1.));
#7991=DIRECTION('',(0.,0.,1.));
#7992=DIRECTION('',(0.,-1.,0.));
#7993=DIRECTION('',(0.,0.,1.));
#7994=DIRECTION('',(0.,0.,1.));
#7995=DIRECTION('',(1.,0.,0.));
#7996=DIRECTION('',(-1.,0.,0.));
#7997=DIRECTION('',(1.,0.,0.));
#7998=DIRECTION('',(1.,0.,0.));
#7999=DIRECTION('',(0.,1.,0.));
#8000=DIRECTION('',(-1.,0.,0.));
#8001=DIRECTION('',(0.,0.,-1.));
#8002=DIRECTION('',(-1.,0.,0.));
#8003=DIRECTION('',(0.,-1.,0.));
#8004=DIRECTION('',(1.,0.,0.));
#8005=DIRECTION('',(0.,-1.,0.));
#8006=DIRECTION('',(-1.,0.,0.));
#8007=DIRECTION('',(-1.,0.,0.));
#8008=DIRECTION('',(0.,-1.,0.));
#8009=DIRECTION('',(-1.,0.,1.57702134179711E-16));
#8010=DIRECTION('',(1.57702134179711E-16,0.,1.));
#8011=DIRECTION('',(0.,-1.,0.));
#8012=DIRECTION('',(-1.57702134179711E-16,0.,-1.));
#8013=DIRECTION('',(0.,0.,-1.));
#8014=DIRECTION('',(-1.,0.,0.));
#8015=DIRECTION('',(0.,-1.,0.));
#8016=DIRECTION('',(1.,0.,0.));
#8017=DIRECTION('',(1.,0.,0.));
#8018=DIRECTION('',(0.,-1.,0.));
#8019=DIRECTION('',(1.,0.,0.));
#8020=DIRECTION('',(0.,1.,0.));
#8021=DIRECTION('',(-1.,0.,0.));
#8022=DIRECTION('',(7.88510670898553E-17,0.,-1.));
#8023=DIRECTION('',(-1.,0.,0.));
#8024=DIRECTION('',(0.,0.,1.));
#8025=DIRECTION('',(0.,0.,-1.));
#8026=DIRECTION('',(0.,1.,0.));
#8027=DIRECTION('',(-1.,0.,0.));
#8028=DIRECTION('',(-1.,0.,-7.88510670898553E-17));
#8029=DIRECTION('',(-7.88510670898553E-17,0.,1.));
#8030=DIRECTION('',(7.88510670898553E-17,0.,-1.));
#8031=DIRECTION('',(0.,1.,0.));
#8032=DIRECTION('',(-1.,0.,0.));
#8033=DIRECTION('',(0.,1.,0.));
#8034=DIRECTION('',(-1.,0.,0.));
#8035=DIRECTION('',(0.,1.,0.));
#8036=DIRECTION('',(-1.,0.,0.));
#8037=DIRECTION('',(-1.,0.,-7.88510670898553E-17));
#8038=DIRECTION('',(-7.88510670898553E-17,0.,1.));
#8039=DIRECTION('',(7.88510670898553E-17,0.,-1.));
#8040=DIRECTION('',(0.,1.,0.));
#8041=DIRECTION('',(-1.,0.,0.));
#8042=DIRECTION('',(0.,1.,0.));
#8043=DIRECTION('',(-1.,0.,0.));
#8044=DIRECTION('',(0.,1.,0.));
#8045=DIRECTION('',(-1.,0.,0.));
#8046=DIRECTION('',(-1.,0.,0.));
#8047=DIRECTION('',(0.,0.,1.));
#8048=DIRECTION('',(0.,0.,-1.));
#8049=DIRECTION('',(0.,1.,0.));
#8050=DIRECTION('',(-1.,0.,0.));
#8051=DIRECTION('',(0.,1.,0.));
#8052=DIRECTION('',(0.,0.,1.));
#8053=DIRECTION('',(0.,1.,0.));
#8054=DIRECTION('',(0.,0.,1.));
#8055=DIRECTION('',(-2.51006104130397E-16,1.,1.22411799605785E-14));
#8056=DIRECTION('',(1.,2.51006104130458E-16,-4.99600361081322E-15));
#8057=DIRECTION('',(1.,-1.36605282311448E-15,-3.33066907387574E-16));
#8058=DIRECTION('',(1.36605282311448E-15,1.,1.23522022365715E-14));
#8059=DIRECTION('',(1.,-1.36605282311448E-15,-3.33066907387574E-16));
#8060=DIRECTION('',(1.36605282311448E-15,1.,1.23522022365715E-14));
#8061=DIRECTION('',(1.,3.22206055189772E-14,1.75946037600762E-14));
#8062=DIRECTION('',(3.22206055189758E-14,-1.,8.35595763886911E-14));
#8063=DIRECTION('',(1.,3.22206055189772E-14,1.75946037600762E-14));
#8064=DIRECTION('',(3.22206055189758E-14,-1.,8.35595763886911E-14));
#8065=DIRECTION('',(-5.12811167694835E-15,-1.2754320890925E-7,-0.999999999999992));
#8066=DIRECTION('',(2.51006059926665E-16,0.999999999999992,-1.2754320890925E-7));
#8067=DIRECTION('',(1.,3.22206055189772E-14,1.75946037600762E-14));
#8068=DIRECTION('',(3.22206055189758E-14,-1.,8.35595763886911E-14));
#8069=DIRECTION('',(-5.12811167694835E-15,-1.2754320890925E-7,-0.999999999999992));
#8070=DIRECTION('',(2.51006059926665E-16,0.999999999999992,-1.2754320890925E-7));
#8071=DIRECTION('',(0.0871557427476582,0.,-0.996194698091746));
#8072=DIRECTION('',(0.996194698091746,0.,0.0871557427476582));
#8073=DIRECTION('',(-0.996194698091746,-1.78386821101768E-15,-0.0871557427476582));
#8074=DIRECTION('',(0.,1.,0.));
#8075=DIRECTION('',(0.996194698091746,4.45967052754421E-16,0.0871557427476582));
#8076=DIRECTION('',(1.54197642309049E-16,-1.,1.34905456444672E-17));
#8077=DIRECTION('',(-0.996194698091746,0.,-0.0871557427476582));
#8078=DIRECTION('',(0.,1.,0.));
#8079=DIRECTION('',(-0.996194698091746,0.,-0.0871557427476582));
#8080=DIRECTION('',(1.785744754682E-16,1.,1.56232421985558E-17));
#8081=DIRECTION('',(0.996194698091746,0.,0.0871557427476582));
#8082=DIRECTION('',(-0.705757556807952,0.705757556807952,-0.0617457854184491));
#8083=DIRECTION('',(-0.705757556807952,-0.705757556807952,-0.0617457854184491));
#8084=DIRECTION('',(0.0871557427476582,0.,-0.996194698091746));
#8085=DIRECTION('',(-0.996194698091746,0.,-0.0871557427476582));
#8086=DIRECTION('',(0.996194698091746,0.,0.0871557427476582));
#8087=DIRECTION('',(0.,-1.,0.));
#8088=DIRECTION('',(0.996194698091746,0.,0.0871557427476582));
#8089=DIRECTION('',(0.0871557427476582,0.,-0.996194698091746));
#8090=DIRECTION('',(-0.996194698091746,0.,-0.0871557427476582));
#8091=DIRECTION('',(-0.705757556807952,0.705757556807952,-0.0617457854184491));
#8092=DIRECTION('',(0.,-1.,0.));
#8093=DIRECTION('',(-0.996194698091746,0.,-0.0871557427476582));
#8094=DIRECTION('',(0.,1.,0.));
#8095=DIRECTION('',(0.,0.0871557427476581,0.996194698091746));
#8096=DIRECTION('',(1.,0.,0.));
#8097=DIRECTION('',(-1.,0.,0.));
#8098=DIRECTION('',(0.,0.996194698091746,-0.0871557427476581));
#8099=DIRECTION('',(0.,0.0871557427476581,0.996194698091746));
#8100=DIRECTION('',(0.,0.996194698091746,-0.0871557427476581));
#8101=DIRECTION('',(0.,-0.996194698091746,0.0871557427476582));
#8102=DIRECTION('',(1.,2.28501036939934E-16,-1.99912503361626E-17));
#8103=DIRECTION('',(1.,6.19544098563146E-17,0.));
#8104=DIRECTION('',(-6.19544098563146E-17,1.,0.));
#8105=DIRECTION('',(1.,6.19544098563146E-17,0.));
#8106=DIRECTION('',(-6.19544098563146E-17,1.,0.));
#8107=DIRECTION('',(1.,6.19544098563146E-17,0.));
#8108=DIRECTION('',(-6.19544098563146E-17,1.,0.));
#8109=DIRECTION('',(1.,6.19544098563146E-17,0.));
#8110=DIRECTION('',(-6.19544098563146E-17,1.,0.));
#8111=DIRECTION('',(-6.19544098563146E-17,1.,0.));
#8112=DIRECTION('',(0.,0.,-1.));
#8113=DIRECTION('',(6.19544098563146E-17,-1.,0.));
#8114=DIRECTION('',(0.,0.,-1.));
#8115=DIRECTION('',(6.19544098563146E-17,-1.,0.));
#8116=DIRECTION('',(1.53533956025768E-32,-2.47817639425258E-16,1.));
#8117=DIRECTION('',(-1.53533956025768E-32,2.47817639425258E-16,-1.));
#8118=DIRECTION('',(6.19544098563146E-17,-1.,0.));
#8119=DIRECTION('',(0.,0.,1.));
#8120=DIRECTION('',(6.19544098563146E-17,-1.,0.));
#8121=DIRECTION('',(0.,0.,1.));
#8122=DIRECTION('',(-6.19544098563146E-17,1.,0.));
#8123=DIRECTION('',(0.,0.,-1.));
#8124=DIRECTION('',(6.19544098563146E-17,-1.,0.));
#8125=DIRECTION('',(0.,0.,-1.));
#8126=DIRECTION('',(6.19544098563146E-17,-1.,0.));
#8127=DIRECTION('',(0.,0.,1.));
#8128=DIRECTION('',(6.19544098563146E-17,-1.,0.));
#8129=DIRECTION('',(0.,0.,1.));
#8130=DIRECTION('',(6.19544098563146E-17,-1.,0.));
#8131=DIRECTION('',(0.,0.,-1.));
#8132=DIRECTION('',(6.19544098563146E-17,-1.,0.));
#8133=DIRECTION('',(0.,0.,-1.));
#8134=DIRECTION('',(0.,0.996194698091746,0.0871557427476582));
#8135=DIRECTION('',(-2.14947538436077E-31,3.46944695195364E-15,-1.));
#8136=DIRECTION('',(-6.19544098563146E-17,1.,0.));
#8137=DIRECTION('',(0.,0.,-1.));
#8138=DIRECTION('',(-6.19544098563146E-17,1.,0.));
#8139=DIRECTION('',(-6.19544098563146E-17,1.,0.));
#8140=DIRECTION('',(0.,0.,1.));
#8141=DIRECTION('',(-6.19544098563146E-17,1.,0.));
#8142=DIRECTION('',(0.,0.,1.));
#8143=DIRECTION('',(1.07993652150399E-17,-0.0871557427476581,0.996194698091746));
#8144=DIRECTION('',(-1.,-1.23908819712629E-16,0.));
#8145=DIRECTION('',(0.705757556807952,-0.705757556807952,-0.0617457854184491));
#8146=DIRECTION('',(1.07993652150399E-17,-0.0871557427476581,0.996194698091746));
#8147=DIRECTION('',(1.23437309244527E-16,-0.996194698091746,-0.0871557427476581));
#8148=DIRECTION('',(-1.23437309244527E-16,0.996194698091746,0.0871557427476582));
#8149=DIRECTION('',(-1.,1.04592217227305E-16,-1.99912503361626E-17));
#8150=DIRECTION('',(0.705757556807952,-0.705757556807952,-0.0617457854184491));
#8151=DIRECTION('',(4.06617018687854E-16,-0.996194698091746,-0.0871557427476581));
#8152=DIRECTION('',(1.,0.,-1.08406170357326E-17));
#8153=DIRECTION('',(4.06617018687854E-16,-0.996194698091746,-0.0871557427476581));
#8154=DIRECTION('',(-0.0871557427476582,-1.07993652150399E-17,-0.996194698091746));
#8155=DIRECTION('',(-0.996194698091746,-1.23437309244527E-16,0.0871557427476582));
#8156=DIRECTION('',(-9.25185853854298E-16,1.,7.01026568310707E-17));
#8157=DIRECTION('',(0.996194698091746,-8.9193410550884E-16,-0.0871557427476582));
#8158=DIRECTION('',(9.25185853854297E-16,-1.,-7.01026568310707E-17));
#8159=DIRECTION('',(-0.996194698091746,-8.91934105508842E-16,0.0871557427476582));
#8160=DIRECTION('',(0.705757556807952,0.705757556807952,-0.0617457854184491));
#8161=DIRECTION('',(-0.996194698091746,-4.45967052754419E-16,0.0871557427476582));
#8162=DIRECTION('',(-1.23358113847239E-15,1.,9.7083748120005E-17));
#8163=DIRECTION('',(0.996194698091746,0.,-0.0871557427476582));
#8164=DIRECTION('',(6.16790569236197E-16,-1.,-4.31215655421362E-17));
#8165=DIRECTION('',(0.705757556807952,0.705757556807952,-0.0617457854184491));
#8166=DIRECTION('',(-0.0871557427476582,-1.07993652150399E-17,-0.996194698091746));
#8167=DIRECTION('',(0.996194698091746,1.23437309244527E-16,-0.0871557427476582));
#8168=DIRECTION('',(-0.996194698091746,-1.23437309244527E-16,0.0871557427476582));
#8169=DIRECTION('',(-0.996194698091746,-1.23437309244527E-16,0.0871557427476582));
#8170=DIRECTION('',(-0.0871557427476582,-1.07993652150399E-17,-0.996194698091746));
#8171=DIRECTION('',(0.996194698091746,1.23437309244527E-16,-0.0871557427476582));
#8172=DIRECTION('',(-4.08170229641602E-16,1.,2.48696508466806E-17));
#8173=DIRECTION('',(-0.996194698091746,0.,0.0871557427476582));
#8174=DIRECTION('',(-4.08170229641602E-16,1.,2.48696508466806E-17));
#8175=DIRECTION('',(0.,-1.,0.));
#8176=DIRECTION('',(0.,0.,-1.));
#8177=DIRECTION('',(0.,0.,-1.));
#8178=DIRECTION('',(0.,0.,-1.));
#8179=DIRECTION('',(-1.,-1.83197186881367E-16,1.60276770419597E-17));
#8180=DIRECTION('',(0.,1.,0.));
#8181=DIRECTION('',(0.,0.,-1.));
#8182=DIRECTION('',(0.,0.,-1.));
#8183=DIRECTION('',(-1.,1.83197186881367E-16,1.60276770419597E-17));
#8184=DIRECTION('',(0.,0.,-1.));
#8185=DIRECTION('',(0.,0.,1.));
#8186=DIRECTION('',(1.,0.,0.));
#8187=DIRECTION('',(0.,0.,1.));
#8188=DIRECTION('',(1.,0.,0.));
#8189=DIRECTION('',(0.,0.,-1.));
#8190=DIRECTION('',(1.,0.,0.));
#8191=DIRECTION('',(0.,0.,-1.));
#8192=DIRECTION('',(1.,0.,0.));
#8193=DIRECTION('',(0.,0.,1.));
#8194=DIRECTION('',(1.,0.,0.));
#8195=DIRECTION('',(0.,-1.,0.));
#8196=DIRECTION('',(-1.,1.83197186881367E-16,1.60276770419597E-17));
#8197=DIRECTION('',(-1.,1.83197186881367E-16,1.60276770419597E-17));
#8198=DIRECTION('',(1.,0.,0.));
#8199=DIRECTION('',(0.,1.,0.));
#8200=DIRECTION('',(-1.,0.,0.));
#8201=DIRECTION('',(0.,1.,0.));
#8202=DIRECTION('',(1.,0.,0.));
#8203=DIRECTION('',(0.,1.,0.));
#8204=DIRECTION('',(1.,0.,0.));
#8205=DIRECTION('',(0.,1.,0.));
#8206=DIRECTION('',(-1.,0.,0.));
#8207=DIRECTION('',(0.,0.,1.));
#8208=DIRECTION('',(1.,0.,0.));
#8209=DIRECTION('',(0.,0.,-1.));
#8210=DIRECTION('',(1.,0.,0.));
#8211=DIRECTION('',(0.,0.,1.));
#8212=DIRECTION('',(1.,0.,0.));
#8213=DIRECTION('',(0.,0.,1.));
#8214=DIRECTION('',(1.,0.,0.));
#8215=DIRECTION('',(0.,0.,1.));
#8216=DIRECTION('',(1.,0.,0.));
#8217=DIRECTION('',(0.,0.,1.));
#8218=DIRECTION('',(1.,0.,0.));
#8219=DIRECTION('',(0.,0.,1.));
#8220=DIRECTION('',(1.,0.,0.));
#8221=DIRECTION('',(0.,0.,1.));
#8222=DIRECTION('',(1.,0.,0.));
#8223=DIRECTION('',(0.,0.,1.));
#8224=DIRECTION('',(1.,0.,0.));
#8225=DIRECTION('',(0.,0.,1.));
#8226=DIRECTION('',(1.,0.,0.));
#8227=DIRECTION('',(0.,0.,-1.));
#8228=DIRECTION('',(1.,0.,0.));
#8229=DIRECTION('',(0.,0.,1.));
#8230=DIRECTION('',(1.,0.,0.));
#8231=DIRECTION('',(0.,0.,1.));
#8232=DIRECTION('',(1.,0.,0.));
#8233=DIRECTION('',(0.,0.,1.));
#8234=DIRECTION('',(1.,0.,0.));
#8235=DIRECTION('',(0.,0.,1.));
#8236=DIRECTION('',(1.,0.,0.));
#8237=DIRECTION('',(0.,0.,1.));
#8238=DIRECTION('',(1.,0.,0.));
#8239=DIRECTION('',(0.,0.,1.));
#8240=DIRECTION('',(1.,0.,0.));
#8241=DIRECTION('',(0.,0.,1.));
#8242=DIRECTION('',(1.,0.,0.));
#8243=DIRECTION('',(0.,0.,1.));
#8244=DIRECTION('',(1.,0.,0.));
#8245=DIRECTION('',(0.,0.,1.));
#8246=DIRECTION('',(1.,0.,0.));
#8247=DIRECTION('',(0.,1.,0.));
#8248=DIRECTION('',(0.,0.,1.));
#8249=DIRECTION('',(1.,0.,0.));
#8250=DIRECTION('',(0.,0.,1.));
#8251=DIRECTION('',(1.,0.,0.));
#8252=DIRECTION('',(0.,0.,-1.));
#8253=DIRECTION('',(1.,0.,0.));
#8254=DIRECTION('',(0.,0.,-1.));
#8255=DIRECTION('',(1.,0.,0.));
#8256=DIRECTION('',(0.,0.,1.));
#8257=DIRECTION('',(0.,0.,1.));
#8258=DIRECTION('',(1.,0.,0.));
#8259=DIRECTION('',(0.,-1.,0.));
#8260=DIRECTION('',(1.,0.,0.));
#8261=DIRECTION('',(0.,-1.,0.));
#8262=DIRECTION('',(-1.,0.,0.));
#8263=DIRECTION('',(0.,-1.,0.));
#8264=DIRECTION('',(-1.,0.,0.));
#8265=DIRECTION('',(0.,1.,0.));
#8266=DIRECTION('',(1.,0.,0.));
#8267=DIRECTION('',(0.,1.,0.));
#8268=DIRECTION('',(1.,0.,0.));
#8269=DIRECTION('',(0.,-1.,0.));
#8270=DIRECTION('',(0.,0.,1.));
#8271=DIRECTION('',(1.,0.,0.));
#8272=DIRECTION('',(0.,-1.,0.));
#8273=DIRECTION('',(0.,-1.,0.));
#8274=DIRECTION('',(1.,0.,0.));
#8275=DIRECTION('',(0.,1.,0.));
#8276=DIRECTION('',(-1.,0.,0.));
#8277=DIRECTION('',(0.,1.,0.));
#8278=DIRECTION('',(1.,0.,0.));
#8279=DIRECTION('',(1.,0.,0.));
#8280=DIRECTION('',(0.,-1.,0.));
#8281=DIRECTION('',(-1.,0.,0.));
#8282=DIRECTION('',(0.,0.,1.));
#8283=DIRECTION('',(1.,0.,0.));
#8284=DIRECTION('',(-1.,-1.83197186881367E-16,1.60276770419597E-17));
#8285=DIRECTION('',(0.,-1.,0.));
#8286=DIRECTION('',(-1.,0.,0.));
#8287=DIRECTION('',(0.,-1.,0.));
#8288=DIRECTION('',(1.,0.,0.));
#8289=DIRECTION('',(0.,-1.,0.));
#8290=DIRECTION('',(0.,-1.,0.));
#8291=DIRECTION('',(-1.,0.,0.));
#8292=DIRECTION('',(0.,-1.,0.));
#8293=DIRECTION('',(1.,0.,0.));
#8294=DIRECTION('',(-1.,-1.83197186881367E-16,1.60276770419597E-17));
#8295=DIRECTION('',(0.,0.,1.));
#8296=DIRECTION('',(1.,0.,0.));
#8297=DIRECTION('',(0.,0.,1.));
#8298=DIRECTION('',(1.,0.,0.));
#8299=DIRECTION('',(1.,0.,0.));
#8300=DIRECTION('',(1.,0.,0.));
#8301=DIRECTION('',(0.,0.,1.));
#8302=DIRECTION('',(1.,0.,0.));
#8303=DIRECTION('',(0.,-1.,0.));
#8304=DIRECTION('',(0.,0.,1.));
#8305=DIRECTION('',(1.,0.,0.));
#8306=DIRECTION('',(1.,0.,0.));
#8307=DIRECTION('',(1.,0.,0.));
#8308=DIRECTION('',(0.,0.,1.));
#8309=DIRECTION('',(1.,0.,0.));
#8310=DIRECTION('',(0.,-1.,0.));
#8311=DIRECTION('',(0.,-1.,0.));
#8312=DIRECTION('',(1.,0.,0.));
#8313=DIRECTION('',(0.,-1.,0.));
#8314=DIRECTION('',(1.,0.,0.));
#8315=DIRECTION('',(0.,0.,-1.));
#8316=DIRECTION('',(-1.,0.,0.));
#8317=DIRECTION('',(0.,0.,1.));
#8318=DIRECTION('',(-1.,0.,0.));
#8319=DIRECTION('',(0.,0.,1.));
#8320=DIRECTION('',(0.,-6.93889390390727E-15,1.));
#8321=DIRECTION('',(0.,1.,0.));
#8322=DIRECTION('',(0.,0.,1.));
#8323=DIRECTION('',(0.,1.,0.));
#8324=DIRECTION('',(0.,0.,1.));
#8325=DIRECTION('',(0.,-1.,3.46944695195363E-15));
#8326=DIRECTION('',(0.,1.,0.));
#8327=DIRECTION('',(0.,0.,-1.));
#8328=DIRECTION('',(0.,-1.,-1.47451495458028E-14));
#8329=DIRECTION('',(0.,1.56125112837913E-14,-1.));
#8330=DIRECTION('',(0.,1.,0.));
#8331=DIRECTION('',(0.,0.,-1.));
#8332=DIRECTION('',(0.,0.,-1.));
#8333=DIRECTION('',(0.,-1.,0.));
#8334=DIRECTION('',(0.,1.73472347597681E-14,1.));
#8335=DIRECTION('',(0.,1.,-1.47451495458028E-14));
#8336=DIRECTION('',(0.,0.,-1.));
#8337=DIRECTION('',(0.,-1.,0.));
#8338=DIRECTION('',(0.,7.80625564189568E-15,1.));
#8339=DIRECTION('',(0.,1.,0.));
#8340=DIRECTION('',(0.,0.,1.));
#8341=DIRECTION('',(0.,-1.,0.));
#8342=DIRECTION('',(0.,4.33680868994205E-16,1.));
#8343=DIRECTION('',(0.,-1.,0.));
#8344=DIRECTION('',(0.,0.,-1.));
#8345=DIRECTION('',(0.,0.,-1.));
#8346=DIRECTION('',(0.,0.,1.));
#8347=DIRECTION('',(0.,0.,1.));
#8348=DIRECTION('',(0.,0.,-1.));
#8349=DIRECTION('',(0.,0.,-1.));
#8350=DIRECTION('',(1.23437309244527E-16,-0.996194698091746,0.0871557427476582));
#8351=DIRECTION('',(1.,0.,0.));
#8352=DIRECTION('',(0.,0.,-1.));
#8353=DIRECTION('',(1.,0.,0.));
#8354=DIRECTION('',(0.,0.,-1.));
#8355=DIRECTION('',(1.,0.,0.));
#8356=DIRECTION('',(0.,0.,-1.));
#8357=DIRECTION('',(0.,0.,-1.));
#8358=DIRECTION('',(1.,0.,0.));
#8359=DIRECTION('',(0.,0.,-1.));
#8360=DIRECTION('',(1.,0.,0.));
#8361=DIRECTION('',(0.,0.,-1.));
#8362=DIRECTION('',(1.,0.,0.));
#8363=DIRECTION('',(0.,0.,-1.));
#8364=DIRECTION('',(1.,0.,0.));
#8365=DIRECTION('',(0.,0.,-1.));
#8366=DIRECTION('',(0.,0.,-1.));
#8367=DIRECTION('',(0.,1.,0.));
#8368=DIRECTION('',(0.,0.,1.));
#8369=DIRECTION('',(0.,0.,1.));
#8370=DIRECTION('',(0.,0.,1.));
#8371=DIRECTION('',(0.,-1.,0.));
#8372=DIRECTION('',(0.,0.,-1.));
#8373=DIRECTION('',(0.,0.,1.));
#8374=DIRECTION('',(1.,0.,0.));
#8375=DIRECTION('',(0.,0.,-1.));
#8376=DIRECTION('',(0.,0.,1.));
#8377=DIRECTION('',(0.,1.,0.));
#8378=DIRECTION('',(0.,0.,1.));
#8379=DIRECTION('',(0.,0.,1.));
#8380=DIRECTION('',(1.,0.,0.));
#8381=DIRECTION('',(0.,0.,-1.));
#8382=DIRECTION('',(1.,0.,0.));
#8383=DIRECTION('',(0.,0.,-1.));
#8384=DIRECTION('',(0.,0.,1.));
#8385=DIRECTION('',(0.,-1.,0.));
#8386=DIRECTION('',(0.,0.,-1.));
#8387=DIRECTION('',(0.,0.,1.));
#8388=DIRECTION('',(1.,0.,0.));
#8389=DIRECTION('',(0.,0.,-1.));
#8390=DIRECTION('',(0.,0.,1.));
#8391=DIRECTION('',(0.,1.,0.));
#8392=DIRECTION('',(0.,0.,1.));
#8393=DIRECTION('',(-1.,0.,0.));
#8394=DIRECTION('',(0.,0.,1.));
#8395=DIRECTION('',(0.,0.,1.));
#8396=DIRECTION('',(-1.,0.,0.));
#8397=DIRECTION('',(0.,0.,1.));
#8398=DIRECTION('',(0.,0.,1.));
#8399=DIRECTION('',(0.,1.,0.));
#8400=DIRECTION('',(0.,0.,1.));
#8401=DIRECTION('',(0.,0.,1.));
#8402=DIRECTION('',(-1.,0.,0.));
#8403=DIRECTION('',(0.,0.,1.));
#8404=DIRECTION('',(0.,0.,1.));
#8405=DIRECTION('',(0.,-1.,0.));
#8406=DIRECTION('',(0.,0.,-1.));
#8407=DIRECTION('',(0.,1.,0.));
#8408=DIRECTION('',(0.,0.,1.));
#8409=DIRECTION('',(0.,0.,1.));
#8410=DIRECTION('',(-1.,0.,0.));
#8411=DIRECTION('',(0.,0.,1.));
#8412=DIRECTION('',(0.,0.,1.));
#8413=DIRECTION('',(0.,-1.,0.));
#8414=DIRECTION('',(0.,0.,-1.));
#8415=DIRECTION('',(0.,0.,1.));
#8416=DIRECTION('',(1.,0.,0.));
#8417=DIRECTION('',(0.,0.,1.));
#8418=DIRECTION('',(1.,0.,0.));
#8419=DIRECTION('',(0.,0.,1.));
#8420=DIRECTION('',(1.,0.,0.));
#8421=DIRECTION('',(0.,0.,1.));
#8422=DIRECTION('',(1.,0.,0.));
#8423=DIRECTION('',(0.,0.,1.));
#8424=DIRECTION('',(1.,0.,0.));
#8425=DIRECTION('',(0.,0.,1.));
#8426=DIRECTION('',(1.,0.,0.));
#8427=DIRECTION('',(0.,0.,1.));
#8428=DIRECTION('',(1.,0.,0.));
#8429=DIRECTION('',(0.,0.,1.));
#8430=DIRECTION('',(1.,0.,0.));
#8431=DIRECTION('',(-1.07993652150399E-17,0.0871557427476581,0.996194698091746));
#8432=DIRECTION('',(-1.,-1.23908819712629E-16,0.));
#8433=DIRECTION('',(1.,4.47670574445627E-16,-2.83254832223979E-17));
#8434=DIRECTION('',(-1.07993652150399E-17,0.0871557427476581,0.996194698091746));
#8435=DIRECTION('',(-1.23437309244527E-16,0.996194698091746,-0.0871557427476581));
#8436=DIRECTION('',(-6.14443494906089E-16,0.996194698091746,-0.0871557427476581));
#8437=DIRECTION('',(0.,-0.0871557427476581,0.996194698091746));
#8438=DIRECTION('',(1.,0.,0.));
#8439=DIRECTION('',(0.,-0.0871557427476581,0.996194698091746));
#8440=DIRECTION('',(0.,-0.996194698091746,-0.0871557427476581));
#8441=DIRECTION('',(0.,0.,-1.));
#8442=DIRECTION('',(-1.,0.,0.));
#8443=DIRECTION('',(0.,0.,1.));
#8444=DIRECTION('',(1.,0.,0.));
#8445=DIRECTION('',(-0.0871557427476582,-1.07993652150399E-17,-0.996194698091746));
#8446=DIRECTION('',(0.996194698091746,1.23437309244527E-16,-0.0871557427476582));
#8447=DIRECTION('',(0.,0.,1.));
#8448=DIRECTION('',(1.,0.,0.));
#8449=DIRECTION('',(4.08170229641602E-16,-1.,0.));
#8450=DIRECTION('',(1.,0.,0.));
#8451=DIRECTION('',(4.08170229641602E-16,-1.,0.));
#8452=DIRECTION('',(1.,0.,0.));
#8453=DIRECTION('',(0.,1.,0.));
#8454=DIRECTION('',(0.,0.,1.));
#8455=DIRECTION('',(0.,0.,-1.));
#8456=DIRECTION('',(0.,0.,-1.));
#8457=DIRECTION('',(1.,4.08170229641602E-16,0.));
#8458=DIRECTION('',(-4.08170229641602E-16,1.,0.));
#8459=DIRECTION('',(0.,0.,-1.));
#8460=DIRECTION('',(0.,1.,0.));
#8461=DIRECTION('',(0.,0.,1.));
#8462=DIRECTION('',(0.,0.,-1.));
#8463=DIRECTION('',(1.,4.08170229641602E-16,0.));
#8464=DIRECTION('',(-4.08170229641602E-16,1.,0.));
#8465=DIRECTION('',(-0.0871557427476582,-1.07993652150399E-17,-0.996194698091746));
#8466=DIRECTION('',(-0.996194698091746,-1.23437309244527E-16,0.0871557427476582));
#8467=DIRECTION('',(0.,0.,-1.));
#8468=DIRECTION('',(-1.,0.,0.));
#8469=DIRECTION('',(0.,0.,1.));
#8470=DIRECTION('',(1.,0.,0.));
#8471=DIRECTION('',(0.0871557427476582,0.,-0.996194698091746));
#8472=DIRECTION('',(-0.996194698091746,0.,-0.0871557427476582));
#8473=DIRECTION('',(0.,0.,1.));
#8474=DIRECTION('',(1.,0.,0.));
#8475=DIRECTION('',(0.,-1.,0.));
#8476=DIRECTION('',(1.,0.,0.));
#8477=DIRECTION('',(-1.785744754682E-16,-1.,0.));
#8478=DIRECTION('',(1.,0.,0.));
#8479=DIRECTION('',(0.,1.,0.));
#8480=DIRECTION('',(0.,0.,1.));
#8481=DIRECTION('',(0.,0.,-1.));
#8482=DIRECTION('',(0.,0.,-1.));
#8483=DIRECTION('',(1.,-1.785744754682E-16,0.));
#8484=DIRECTION('',(1.785744754682E-16,1.,0.));
#8485=DIRECTION('',(0.,0.,-1.));
#8486=DIRECTION('',(0.,1.,0.));
#8487=DIRECTION('',(0.,0.,1.));
#8488=DIRECTION('',(0.,0.,-1.));
#8489=DIRECTION('',(1.,0.,0.));
#8490=DIRECTION('',(0.,0.,-1.));
#8491=DIRECTION('',(0.0871557427476582,0.,-0.996194698091746));
#8492=DIRECTION('',(0.996194698091746,0.,0.0871557427476582));
#8493=DIRECTION('',(0.,0.,-1.));
#8494=DIRECTION('',(-1.,0.,0.));
#8495=DIRECTION('',(0.,0.,-1.));
#8496=DIRECTION('',(0.,1.,0.));
#8497=DIRECTION('',(0.,0.,1.));
#8498=DIRECTION('',(0.,1.,0.));
#8499=DIRECTION('',(0.,0.,1.));
#8500=DIRECTION('',(0.,0.,-1.));
#8501=DIRECTION('',(0.,0.,-1.));
#8502=DIRECTION('',(-1.,0.,0.));
#8503=DIRECTION('',(0.,0.,-1.));
#8504=DIRECTION('',(-1.,0.,0.));
#8505=DIRECTION('',(0.,0.,-1.));
#8506=DIRECTION('',(0.,1.,0.));
#8507=DIRECTION('',(0.,0.,1.));
#8508=DIRECTION('',(0.,0.,-1.));
#8509=DIRECTION('',(-1.,0.,0.));
#8510=DIRECTION('',(0.,0.,-1.));
#8511=DIRECTION('',(0.,1.,0.));
#8512=DIRECTION('',(0.,0.,1.));
#8513=DIRECTION('',(0.,0.,-1.));
#8514=DIRECTION('',(-1.,0.,0.));
#8515=DIRECTION('',(1.,0.,0.));
#8516=DIRECTION('',(0.,1.,0.));
#8517=DIRECTION('',(1.,0.,0.));
#8518=DIRECTION('',(0.,1.,-7.80625564189568E-15));
#8519=DIRECTION('',(0.,7.80625564189568E-15,1.));
#8520=DIRECTION('',(1.,0.,0.));
#8521=DIRECTION('',(0.,7.80625564189568E-15,1.));
#8522=DIRECTION('',(0.,0.,1.));
#8523=DIRECTION('',(1.,0.,0.));
#8524=DIRECTION('',(1.,0.,0.));
#8525=DIRECTION('',(0.,-1.,0.));
#8526=DIRECTION('',(0.,1.,-4.33680868994205E-16));
#8527=DIRECTION('',(0.,4.33680868994205E-16,1.));
#8528=DIRECTION('',(1.,0.,0.));
#8529=DIRECTION('',(0.,4.33680868994205E-16,1.));
#8530=DIRECTION('',(0.,0.,1.));
#8531=DIRECTION('',(1.,0.,0.));
#8532=DIRECTION('',(1.,0.,0.));
#8533=DIRECTION('',(0.,-1.,0.));
#8534=DIRECTION('',(0.,1.,0.));
#8535=DIRECTION('',(0.,0.,1.));
#8536=DIRECTION('',(0.,0.,1.));
#8537=DIRECTION('',(-1.,0.,0.));
#8538=DIRECTION('',(0.,-1.,0.));
#8539=DIRECTION('',(0.,0.,1.));
#8540=DIRECTION('',(1.,0.,0.));
#8541=DIRECTION('',(1.,0.,0.));
#8542=DIRECTION('',(0.,-1.,0.));
#8543=DIRECTION('',(1.,0.,0.));
#8544=DIRECTION('',(0.,-1.,0.));
#8545=DIRECTION('',(0.,0.,-1.));
#8546=DIRECTION('',(1.,0.,0.));
#8547=DIRECTION('',(0.,0.,-1.));
#8548=DIRECTION('',(0.,0.,1.));
#8549=DIRECTION('',(1.,0.,0.));
#8550=DIRECTION('',(1.,0.,0.));
#8551=DIRECTION('',(0.,-1.,0.));
#8552=DIRECTION('',(0.,-1.,0.));
#8553=DIRECTION('',(0.,0.,-1.));
#8554=DIRECTION('',(1.,0.,0.));
#8555=DIRECTION('',(0.,0.,-1.));
#8556=DIRECTION('',(0.,-1.47451495458028E-14,-1.));
#8557=DIRECTION('',(0.,1.,-1.47451495458028E-14));
#8558=DIRECTION('',(1.,0.,0.));
#8559=DIRECTION('',(0.,1.,-1.47451495458028E-14));
#8560=DIRECTION('',(0.,1.,-1.73472347597681E-14));
#8561=DIRECTION('',(0.,1.73472347597681E-14,1.));
#8562=DIRECTION('',(0.,1.73472347597681E-14,1.));
#8563=DIRECTION('',(-1.,0.,0.));
#8564=DIRECTION('',(0.,-1.,0.));
#8565=DIRECTION('',(0.,-1.,0.));
#8566=DIRECTION('',(0.,0.,-1.));
#8567=DIRECTION('',(1.,0.,0.));
#8568=DIRECTION('',(0.,0.,-1.));
#8569=DIRECTION('',(1.,0.,0.));
#8570=DIRECTION('',(0.,0.,-1.));
#8571=DIRECTION('',(-1.,0.,0.));
#8572=DIRECTION('',(1.,0.,0.));
#8573=DIRECTION('',(0.,1.,0.));
#8574=DIRECTION('',(0.,-1.,0.));
#8575=DIRECTION('',(0.,0.,-1.));
#8576=DIRECTION('',(1.,0.,0.));
#8577=DIRECTION('',(0.,0.,-1.));
#8578=DIRECTION('',(0.,0.,-1.));
#8579=DIRECTION('',(-1.,0.,0.));
#8580=DIRECTION('',(1.,0.,0.));
#8581=DIRECTION('',(0.,1.,0.));
#8582=DIRECTION('',(0.,-1.,-1.56125112837913E-14));
#8583=DIRECTION('',(0.,1.56125112837913E-14,-1.));
#8584=DIRECTION('',(1.,0.,0.));
#8585=DIRECTION('',(0.,1.56125112837913E-14,-1.));
#8586=DIRECTION('',(0.,-1.47451495458028E-14,1.));
#8587=DIRECTION('',(0.,-1.,-1.47451495458028E-14));
#8588=DIRECTION('',(0.,-1.,-1.47451495458028E-14));
#8589=DIRECTION('',(-1.,0.,0.));
#8590=DIRECTION('',(0.,-1.,0.));
#8591=DIRECTION('',(0.,0.,-1.));
#8592=DIRECTION('',(-1.,0.,0.));
#8593=DIRECTION('',(1.,0.,0.));
#8594=DIRECTION('',(0.,1.,0.));
#8595=DIRECTION('',(1.,0.,0.));
#8596=DIRECTION('',(0.,1.,6.93889390390727E-15));
#8597=DIRECTION('',(0.,-6.93889390390727E-15,1.));
#8598=DIRECTION('',(1.,0.,0.));
#8599=DIRECTION('',(0.,-6.93889390390727E-15,1.));
#8600=DIRECTION('',(0.,3.46944695195363E-15,1.));
#8601=DIRECTION('',(0.,-1.,3.46944695195363E-15));
#8602=DIRECTION('',(1.,0.,0.));
#8603=DIRECTION('',(0.,-1.,3.46944695195363E-15));
#8604=DIRECTION('',(0.,1.,0.));
#8605=DIRECTION('',(0.,0.,1.));
#8606=DIRECTION('',(1.,0.,0.));
#8607=DIRECTION('',(0.,0.,1.));
#8608=DIRECTION('',(0.,0.,-1.));
#8609=DIRECTION('',(-1.,0.,0.));
#8610=DIRECTION('',(1.,0.,0.));
#8611=DIRECTION('',(0.,1.,0.));
#8612=DIRECTION('',(0.,1.,0.));
#8613=DIRECTION('',(0.,0.,1.));
#8614=DIRECTION('',(0.,0.,1.));
#8615=DIRECTION('',(-1.,0.,0.));
#8616=DIRECTION('',(0.,-1.,0.));
#8617=DIRECTION('',(6.19544098563146E-17,-1.,0.));
#8618=DIRECTION('',(1.,6.19544098563146E-17,0.));
#8619=DIRECTION('',(0.,0.,1.));
#8620=DIRECTION('',(-1.,-6.19544098563146E-17,0.));
#8621=DIRECTION('',(0.,0.,1.));
#8622=DIRECTION('',(-1.,-6.19544098563146E-17,0.));
#8623=DIRECTION('',(0.,0.,1.));
#8624=DIRECTION('',(1.,0.,0.));
#8625=DIRECTION('',(-1.,-6.19544098563146E-17,0.));
#8626=DIRECTION('',(-6.19544098563146E-17,1.,0.));
#8627=DIRECTION('',(-6.19544098563146E-17,1.,0.));
#8628=DIRECTION('',(-1.,-6.19544098563146E-17,0.));
#8629=DIRECTION('',(6.19544098563146E-17,-1.,0.));
#8630=DIRECTION('',(1.,6.19544098563146E-17,0.));
#8631=DIRECTION('',(-1.,-6.19544098563146E-17,0.));
#8632=DIRECTION('',(0.,0.,1.));
#8633=DIRECTION('',(0.,0.,1.));
#8634=DIRECTION('',(1.,0.,0.));
#8635=DIRECTION('',(-1.,-6.19544098563146E-17,0.));
#8636=DIRECTION('',(-6.19544098563146E-17,1.,0.));
#8637=DIRECTION('',(6.19544098563146E-17,-1.,0.));
#8638=DIRECTION('',(1.,6.19544098563146E-17,0.));
#8639=DIRECTION('',(0.,0.,-1.));
#8640=DIRECTION('',(-1.,-6.19544098563146E-17,0.));
#8641=DIRECTION('',(0.,0.,1.));
#8642=DIRECTION('',(0.,0.,-1.));
#8643=DIRECTION('',(-1.,0.,0.));
#8644=DIRECTION('',(6.19544098563146E-17,-1.,0.));
#8645=DIRECTION('',(6.19544098563146E-17,-1.,0.));
#8646=DIRECTION('',(1.,6.19544098563146E-17,0.));
#8647=DIRECTION('',(-6.19544098563146E-17,1.,0.));
#8648=DIRECTION('',(0.,0.,-1.));
#8649=DIRECTION('',(-1.,0.,0.));
#8650=DIRECTION('',(-1.,-6.19544098563146E-17,0.));
#8651=DIRECTION('',(6.19544098563146E-17,-1.,0.));
#8652=DIRECTION('',(-1.,-6.19544098563146E-17,0.));
#8653=DIRECTION('',(6.19544098563146E-17,-1.,0.));
#8654=DIRECTION('',(-1.,-6.19544098563146E-17,0.));
#8655=DIRECTION('',(6.19544098563146E-17,-1.,0.));
#8656=DIRECTION('',(1.,6.19544098563146E-17,0.));
#8657=DIRECTION('',(0.,0.,1.));
#8658=DIRECTION('',(-1.,-6.19544098563146E-17,0.));
#8659=DIRECTION('',(0.,0.,1.));
#8660=DIRECTION('',(0.,0.,1.));
#8661=DIRECTION('',(1.,0.,0.));
#8662=DIRECTION('',(-6.19544098563146E-17,1.,0.));
#8663=DIRECTION('',(-1.,-6.19544098563146E-17,0.));
#8664=DIRECTION('',(-6.19544098563146E-17,1.,0.));
#8665=DIRECTION('',(6.19544098563146E-17,-1.,0.));
#8666=DIRECTION('',(1.,6.19544098563146E-17,0.));
#8667=DIRECTION('',(-1.,-6.19544098563146E-17,0.));
#8668=DIRECTION('',(0.,0.,1.));
#8669=DIRECTION('',(-1.,-6.19544098563146E-17,0.));
#8670=DIRECTION('',(0.,0.,-1.));
#8671=DIRECTION('',(-1.,0.,0.));
#8672=DIRECTION('',(-1.,-6.19544098563146E-17,0.));
#8673=DIRECTION('',(6.19544098563146E-17,-1.,0.));
#8674=DIRECTION('',(6.19544098563146E-17,-1.,0.));
#8675=DIRECTION('',(1.,6.19544098563146E-17,0.));
#8676=DIRECTION('',(0.,0.,1.));
#8677=DIRECTION('',(1.,6.19544098563146E-17,0.));
#8678=DIRECTION('',(-6.19544098563146E-17,1.,0.));
#8679=DIRECTION('',(0.,0.,-1.));
#8680=DIRECTION('',(-1.,0.,0.));
#8681=DIRECTION('',(-1.,-6.19544098563146E-17,0.));
#8682=DIRECTION('',(6.19544098563146E-17,-1.,0.));
#8683=DIRECTION('',(-1.,-6.19544098563146E-17,0.));
#8684=DIRECTION('',(-6.19544098563146E-17,1.,0.));
#8685=DIRECTION('',(-1.,-6.19544098563146E-17,0.));
#8686=DIRECTION('',(-1.,-6.19544098563146E-17,0.));
#8687=DIRECTION('',(-1.,-6.19544098563146E-17,0.));
#8688=DIRECTION('',(0.,0.,-1.));
#8689=DIRECTION('',(0.,0.,1.));
#8690=DIRECTION('',(1.,0.,0.));
#8691=DIRECTION('',(-6.19544098563146E-17,1.,0.));
#8692=DIRECTION('',(-1.,-6.19544098563146E-17,0.));
#8693=DIRECTION('',(-6.19544098563146E-17,1.,0.));
#8694=DIRECTION('',(-6.19544098563146E-17,1.,0.));
#8695=DIRECTION('',(-1.,-6.19544098563146E-17,0.));
#8696=DIRECTION('',(0.,0.,-1.));
#8697=DIRECTION('',(-1.,-6.19544098563146E-17,0.));
#8698=DIRECTION('',(0.,0.,-1.));
#8699=DIRECTION('',(0.,0.,-1.));
#8700=DIRECTION('',(-1.,0.,0.));
#8701=DIRECTION('',(-1.,-6.19544098563146E-17,0.));
#8702=DIRECTION('',(6.19544098563146E-17,-1.,0.));
#8703=DIRECTION('',(6.19544098563146E-17,-1.,0.));
#8704=DIRECTION('',(-1.,-6.19544098563146E-17,0.));
#8705=DIRECTION('',(-6.19544098563146E-17,1.,0.));
#8706=DIRECTION('',(-1.,-6.19544098563146E-17,0.));
#8707=DIRECTION('',(0.,0.,-1.));
#8708=DIRECTION('',(1.,6.19544098563146E-17,0.));
#8709=DIRECTION('',(-6.19544098563146E-17,1.,0.));
#8710=DIRECTION('',(0.,0.,-1.));
#8711=DIRECTION('',(-1.,0.,0.));
#8712=DIRECTION('',(-1.,-6.19544098563146E-17,0.));
#8713=DIRECTION('',(6.19544098563146E-17,-1.,0.));
#8714=DIRECTION('',(-1.,-6.19544098563146E-17,0.));
#8715=DIRECTION('',(6.19544098563146E-17,-1.,0.));
#8716=DIRECTION('',(-6.19544098563146E-17,1.,3.46944695195364E-15));
#8717=DIRECTION('',(0.,-3.46944695195364E-15,1.));
#8718=DIRECTION('',(-1.,-6.19544098563146E-17,0.));
#8719=DIRECTION('',(-2.14947538436077E-31,3.46944695195364E-15,-1.));
#8720=DIRECTION('',(0.,0.,1.));
#8721=DIRECTION('',(-1.,-6.19544098563146E-17,0.));
#8722=DIRECTION('',(0.,0.,1.));
#8723=DIRECTION('',(1.,0.,0.));
#8724=DIRECTION('',(-1.,-6.19544098563146E-17,0.));
#8725=DIRECTION('',(-6.19544098563146E-17,1.,0.));
#8726=DIRECTION('',(-6.19544098563146E-17,1.,0.));
#8727=DIRECTION('',(-1.,-6.19544098563146E-17,0.));
#8728=DIRECTION('',(-1.,-6.19544098563146E-17,0.));
#8729=DIRECTION('',(0.,0.,-1.));
#8730=DIRECTION('',(0.,0.,1.));
#8731=DIRECTION('',(1.,0.,0.));
#8732=DIRECTION('',(-6.19544098563146E-17,1.,0.));
#8733=DIRECTION('',(-1.,-6.19544098563146E-17,0.));
#8734=DIRECTION('',(-6.19544098563146E-17,1.,0.));
#8735=DIRECTION('',(-6.19544098563146E-17,1.,9.91270557701032E-16));
#8736=DIRECTION('',(0.,-9.91270557701032E-16,1.));
#8737=DIRECTION('',(-6.14135824103072E-32,9.91270557701032E-16,-1.));
#8738=DIRECTION('',(-6.14135824103072E-32,9.91270557701032E-16,-1.));
#8739=DIRECTION('',(1.,6.19544098563146E-17,0.));
#8740=DIRECTION('',(-6.19544098563146E-17,1.,0.));
#8741=DIRECTION('',(-1.,-6.19544098563146E-17,0.));
#8742=DIRECTION('',(6.19544098563146E-17,-1.,0.));
#8743=DIRECTION('',(1.,6.19544098563146E-17,0.));
#8744=DIRECTION('',(-6.19544098563146E-17,1.,0.));
#8745=DIRECTION('',(1.,6.19544098563146E-17,0.));
#8746=DIRECTION('',(-6.19544098563146E-17,1.,0.));
#8747=DIRECTION('',(1.,6.19544098563146E-17,0.));
#8748=DIRECTION('',(-6.19544098563146E-17,1.,0.));
#8749=DIRECTION('',(1.,6.19544098563146E-17,0.));
#8750=DIRECTION('',(-6.19544098563146E-17,1.,0.));
#8751=DIRECTION('',(0.,0.,1.));
#8752=DIRECTION('',(1.,0.,0.));
#8753=DIRECTION('',(-6.19544098563146E-17,1.,0.));
#8754=DIRECTION('',(-1.,-6.19544098563146E-17,0.));
#8755=DIRECTION('',(6.19544098563146E-17,-1.,-2.47817639425258E-16));
#8756=DIRECTION('',(0.,2.47817639425258E-16,-1.));
#8757=DIRECTION('',(1.53533956025768E-32,-2.47817639425258E-16,1.));
#8758=DIRECTION('',(-1.,-6.19544098563146E-17,0.));
#8759=DIRECTION('',(6.19544098563146E-17,-1.,0.));
#8760=DIRECTION('',(1.,6.19544098563146E-17,0.));
#8761=DIRECTION('',(-6.19544098563146E-17,1.,0.));
#8762=DIRECTION('',(1.,6.19544098563146E-17,0.));
#8763=DIRECTION('',(-6.19544098563146E-17,1.,0.));
#8764=DIRECTION('',(1.,6.19544098563146E-17,0.));
#8765=DIRECTION('',(-6.19544098563146E-17,1.,0.));
#8766=DIRECTION('',(1.,6.19544098563146E-17,0.));
#8767=DIRECTION('',(-6.19544098563146E-17,1.,0.));
#8768=DIRECTION('',(-1.,-6.19544098563146E-17,0.));
#8769=DIRECTION('',(6.19544098563146E-17,-1.,0.));
#8770=DIRECTION('',(-1.,-6.19544098563146E-17,0.));
#8771=DIRECTION('',(-6.19544098563146E-17,1.,0.));
#8772=DIRECTION('',(-1.,-6.19544098563146E-17,0.));
#8773=DIRECTION('',(-6.19544098563146E-17,1.,0.));
#8774=DIRECTION('',(1.,6.19544098563146E-17,0.));
#8775=DIRECTION('',(-6.19544098563146E-17,1.,0.));
#8776=DIRECTION('',(0.,0.,1.));
#8777=DIRECTION('',(1.,0.,0.));
#8778=DIRECTION('',(-6.19544098563146E-17,1.,0.));
#8779=DIRECTION('',(-1.,-6.19544098563146E-17,0.));
#8780=DIRECTION('',(-6.19544098563146E-17,1.,2.47817639425258E-16));
#8781=DIRECTION('',(0.,-2.47817639425258E-16,1.));
#8782=DIRECTION('',(-1.53533956025768E-32,2.47817639425258E-16,-1.));
#8783=DIRECTION('',(-1.,-6.19544098563146E-17,0.));
#8784=DIRECTION('',(6.19544098563146E-17,-1.,0.));
#8785=DIRECTION('',(-1.,-6.19544098563146E-17,0.));
#8786=DIRECTION('',(-6.19544098563146E-17,1.,0.));
#8787=DIRECTION('',(-1.,-6.19544098563146E-17,0.));
#8788=DIRECTION('',(-6.19544098563146E-17,1.,0.));
#8789=DIRECTION('',(1.,6.19544098563146E-17,0.));
#8790=DIRECTION('',(-6.19544098563146E-17,1.,0.));
#8791=DIRECTION('',(1.,6.19544098563146E-17,0.));
#8792=DIRECTION('',(-6.19544098563146E-17,1.,0.));
#8793=DIRECTION('',(1.,6.19544098563146E-17,0.));
#8794=DIRECTION('',(-6.19544098563146E-17,1.,0.));
#8795=DIRECTION('',(1.,6.19544098563146E-17,0.));
#8796=DIRECTION('',(-6.19544098563146E-17,1.,0.));
#8797=DIRECTION('',(1.,6.19544098563146E-17,0.));
#8798=DIRECTION('',(-6.19544098563146E-17,1.,0.));
#8799=DIRECTION('',(1.,6.19544098563146E-17,0.));
#8800=DIRECTION('',(-6.19544098563146E-17,1.,0.));
#8801=DIRECTION('',(1.,6.19544098563146E-17,0.));
#8802=DIRECTION('',(-6.19544098563146E-17,1.,0.));
#8803=DIRECTION('',(1.,6.19544098563146E-17,0.));
#8804=DIRECTION('',(-6.19544098563146E-17,1.,0.));
#8805=DIRECTION('',(1.,6.19544098563146E-17,0.));
#8806=DIRECTION('',(-6.19544098563146E-17,1.,0.));
#8807=DIRECTION('',(-1.,0.,0.));
#8808=DIRECTION('',(0.,0.,1.));
#8809=DIRECTION('',(-1.,0.,0.));
#8810=DIRECTION('',(0.,0.,1.));
#8811=DIRECTION('',(1.,6.19544098563146E-17,0.));
#8812=DIRECTION('',(-6.19544098563146E-17,1.,0.));
#8813=DIRECTION('',(-1.,-1.35393051783556E-15,0.));
#8814=DIRECTION('',(1.35393051783556E-15,-1.,0.));
#8815=DIRECTION('',(0.,0.,-1.));
#8816=DIRECTION('',(-1.35393051783556E-15,1.,0.));
#8817=DIRECTION('',(0.,0.,-1.));
#8818=DIRECTION('',(-1.35393051783556E-15,1.,0.));
#8819=DIRECTION('',(-1.02798428206033E-15,1.,0.));
#8820=DIRECTION('',(-1.,-1.02798428206033E-15,0.));
#8821=DIRECTION('',(1.,1.02798428206033E-15,0.));
#8822=DIRECTION('',(0.,0.,-1.));
#8823=DIRECTION('',(1.,1.02798428206033E-15,0.));
#8824=DIRECTION('',(-1.,-1.23358113847239E-15,0.));
#8825=DIRECTION('',(1.23358113847239E-15,-1.,0.));
#8826=DIRECTION('',(0.,0.,-1.));
#8827=DIRECTION('',(-1.23358113847239E-15,1.,0.));
#8828=DIRECTION('',(0.,0.,-1.));
#8829=DIRECTION('',(0.,1.,0.));
#8830=DIRECTION('',(0.,0.,1.));
#8831=DIRECTION('',(1.,0.,0.));
#8832=DIRECTION('',(0.,0.,-1.));
#8833=DIRECTION('',(1.,6.76965258917779E-16,0.));
#8834=DIRECTION('',(-6.76965258917779E-16,1.,0.));
#8835=DIRECTION('',(6.76965258917779E-16,-1.,0.));
#8836=DIRECTION('',(0.,0.,-1.));
#8837=DIRECTION('',(6.76965258917779E-16,-1.,0.));
#8838=DIRECTION('',(4.47670574445627E-16,-1.,0.));
#8839=DIRECTION('',(1.,4.47670574445627E-16,0.));
#8840=DIRECTION('',(0.,0.,-1.));
#8841=DIRECTION('',(-1.,-4.47670574445627E-16,0.));
#8842=DIRECTION('',(1.,6.16790569236197E-16,0.));
#8843=DIRECTION('',(-6.16790569236197E-16,1.,0.));
#8844=DIRECTION('',(6.16790569236197E-16,-1.,0.));
#8845=DIRECTION('',(5.13992141030164E-16,-1.,0.));
#8846=DIRECTION('',(1.,5.13992141030164E-16,0.));
#8847=DIRECTION('',(-1.,-5.13992141030164E-16,0.));
#8848=DIRECTION('',(-1.,-5.13992141030164E-16,0.));
#8849=DIRECTION('',(0.,0.,1.));
#8850=DIRECTION('',(1.,0.,0.));
#8851=DIRECTION('',(1.,1.01544788837667E-15,0.));
#8852=DIRECTION('',(-1.01544788837667E-15,1.,0.));
#8853=DIRECTION('',(0.,0.,-1.));
#8854=DIRECTION('',(1.01544788837667E-15,-1.,0.));
#8855=DIRECTION('',(0.,0.,-1.));
#8856=DIRECTION('',(1.01544788837667E-15,-1.,0.));
#8857=DIRECTION('',(5.13992141030165E-16,-1.,0.));
#8858=DIRECTION('',(1.,5.13992141030165E-16,0.));
#8859=DIRECTION('',(-1.,-5.13992141030165E-16,0.));
#8860=DIRECTION('',(0.,0.,-1.));
#8861=DIRECTION('',(-1.,-5.13992141030165E-16,0.));
#8862=DIRECTION('',(-1.,-1.01544788837667E-15,0.));
#8863=DIRECTION('',(1.01544788837667E-15,-1.,0.));
#8864=DIRECTION('',(-1.01544788837667E-15,1.,0.));
#8865=DIRECTION('',(0.,0.,-1.));
#8866=DIRECTION('',(-1.01544788837667E-15,1.,0.));
#8867=DIRECTION('',(8.95341148891255E-16,1.,0.));
#8868=DIRECTION('',(-1.,8.95341148891255E-16,0.));
#8869=DIRECTION('',(0.,0.,-1.));
#8870=DIRECTION('',(1.,-8.95341148891255E-16,0.));
#8871=DIRECTION('',(0.,0.,-1.));
#8872=DIRECTION('',(-1.,-9.25185853854298E-16,0.));
#8873=DIRECTION('',(9.25185853854298E-16,-1.,0.));
#8874=DIRECTION('',(0.,0.,-1.));
#8875=DIRECTION('',(-9.25185853854298E-16,1.,0.));
#8876=DIRECTION('',(8.95341148891256E-16,-1.,0.));
#8877=DIRECTION('',(1.,8.95341148891256E-16,0.));
#8878=DIRECTION('',(0.,0.,-1.));
#8879=DIRECTION('',(-1.,-8.95341148891256E-16,0.));
#8880=DIRECTION('',(1.,9.25185853854297E-16,0.));
#8881=DIRECTION('',(-9.25185853854297E-16,1.,0.));
#8882=DIRECTION('',(9.25185853854297E-16,-1.,0.));
#8883=DIRECTION('',(0.,1.,0.));
#8884=DIRECTION('',(0.,0.,1.));
#8885=DIRECTION('',(1.,0.,0.));
#8886=DIRECTION('',(1.,0.,0.));
#8887=DIRECTION('',(0.,0.,1.));
#8888=DIRECTION('',(1.,0.,0.));
#8889=DIRECTION('',(0.,-1.,0.));
#8890=DIRECTION('',(0.,0.,-1.));
#8891=DIRECTION('',(-1.,0.,0.));
#8892=DIRECTION('',(0.,0.,-1.));
#8893=DIRECTION('',(-1.,0.,0.));
#8894=DIRECTION('',(0.,0.,-1.));
#8895=DIRECTION('',(-1.,0.,0.));
#8896=DIRECTION('',(0.,0.,1.));
#8897=DIRECTION('',(0.,1.,0.));
#8898=DIRECTION('',(0.,0.,-1.));
#8899=DIRECTION('',(0.,1.,0.));
#8900=DIRECTION('',(-1.,0.,0.));
#8901=DIRECTION('',(0.,0.,1.));
#8902=DIRECTION('',(0.,0.,-1.));
#8903=DIRECTION('',(0.,0.,-1.));
#8904=DIRECTION('',(0.,1.,0.));
#8905=DIRECTION('',(0.,-1.,0.));
#8906=DIRECTION('',(0.,0.,-1.));
#8907=DIRECTION('',(0.,0.,-1.));
#8908=DIRECTION('',(-1.,0.,0.));
#8909=DIRECTION('',(0.,1.,0.));
#8910=DIRECTION('',(0.,0.,1.));
#8911=DIRECTION('',(1.,0.,0.));
#8912=DIRECTION('',(0.,0.,-1.));
#8913=DIRECTION('',(1.,0.,0.));
#8914=DIRECTION('',(0.,1.,0.));
#8915=DIRECTION('',(0.,0.,1.));
#8916=DIRECTION('',(1.,0.,0.));
#8917=DIRECTION('',(0.,0.,-1.));
#8918=DIRECTION('',(1.,0.,0.));
#8919=DIRECTION('',(0.,0.,-1.));
#8920=DIRECTION('',(0.,-1.,0.));
#8921=DIRECTION('',(1.,0.,0.));
#8922=DIRECTION('',(0.,0.,-1.));
#8923=DIRECTION('',(0.,-1.,0.));
#8924=DIRECTION('',(0.,-1.,0.));
#8925=DIRECTION('',(0.,0.,1.));
#8926=DIRECTION('',(1.,0.,0.));
#8927=DIRECTION('',(0.,1.,0.));
#8928=DIRECTION('',(0.,0.,1.));
#8929=DIRECTION('',(1.,0.,0.));
#8930=DIRECTION('',(0.,0.,-1.));
#8931=DIRECTION('',(1.,0.,0.));
#8932=DIRECTION('',(0.,0.,-1.));
#8933=DIRECTION('',(1.,1.69241314729445E-16,0.));
#8934=DIRECTION('',(-1.69241314729445E-16,1.,0.));
#8935=DIRECTION('',(1.69241314729445E-16,-1.,0.));
#8936=DIRECTION('',(0.,0.,-1.));
#8937=DIRECTION('',(1.69241314729445E-16,-1.,0.));
#8938=DIRECTION('',(0.,-1.,0.));
#8939=DIRECTION('',(0.,0.,-1.));
#8940=DIRECTION('',(-1.,0.,0.));
#8941=DIRECTION('',(0.,0.,-1.));
#8942=DIRECTION('',(-1.,0.,0.));
#8943=DIRECTION('',(1.79068229778251E-15,-1.,0.));
#8944=DIRECTION('',(1.,1.79068229778251E-15,0.));
#8945=DIRECTION('',(0.,0.,-1.));
#8946=DIRECTION('',(0.,0.,-1.));
#8947=DIRECTION('',(-1.,-1.79068229778251E-15,0.));
#8948=DIRECTION('',(1.,1.54197642309049E-16,0.));
#8949=DIRECTION('',(-1.54197642309049E-16,1.,0.));
#8950=DIRECTION('',(0.,0.,-1.));
#8951=DIRECTION('',(1.54197642309049E-16,-1.,0.));
#8952=DIRECTION('',(-4.47670574445628E-16,1.,0.));
#8953=DIRECTION('',(-1.,-4.47670574445628E-16,0.));
#8954=DIRECTION('',(0.,0.,-1.));
#8955=DIRECTION('',(1.,4.47670574445628E-16,0.));
#8956=DIRECTION('',(-1.,0.,0.));
#8957=DIRECTION('',(0.,0.,1.));
#8958=DIRECTION('',(0.,1.,0.));
#8959=DIRECTION('',(-1.,0.,0.));
#8960=DIRECTION('',(0.,0.,1.));
#8961=DIRECTION('',(0.,1.,0.));
#8962=DIRECTION('',(0.,1.,0.));
#8963=DIRECTION('',(0.,0.,1.));
#8964=DIRECTION('',(1.,0.,0.));
#8965=DIRECTION('',(0.,0.,1.));
#8966=DIRECTION('',(1.,0.,0.));
#8967=DIRECTION('',(0.,0.,1.));
#8968=DIRECTION('',(1.,0.,0.));
#8969=DIRECTION('',(0.,0.,1.));
#8970=DIRECTION('',(1.,0.,0.));
#8971=DIRECTION('',(0.,0.,1.));
#8972=DIRECTION('',(1.,0.,0.));
#8973=DIRECTION('',(-2.51006104130408E-16,1.,1.22411799605788E-14));
#8974=DIRECTION('',(1.,2.51006104130469E-16,-4.99600361081322E-15));
#8975=DIRECTION('',(1.,3.22206055189772E-14,1.75946037600762E-14));
#8976=DIRECTION('',(3.22206055189758E-14,-1.,8.35595763886911E-14));
#8977=DIRECTION('',(1.,-1.36605282311448E-15,-3.33066907387574E-16));
#8978=DIRECTION('',(1.36605282311448E-15,1.,1.23522022365715E-14));
#8979=DIRECTION('',(5.06687933699102E-15,1.27543200826309E-7,0.999999999999992));
#8980=DIRECTION('',(4.81739154396376E-15,0.999999999999992,-1.27543200826309E-7));
#8981=DIRECTION('',(3.57307737257617E-15,1.27543200826309E-7,0.999999999999992));
#8982=DIRECTION('',(4.81739154396372E-15,0.999999999999992,-1.27543200826309E-7));
#8983=DIRECTION('',(0.,0.,1.));
#8984=DIRECTION('',(1.,0.,0.));
#8985=DIRECTION('',(0.,0.,1.));
#8986=DIRECTION('',(1.,0.,0.));
#8987=DIRECTION('',(0.,0.,1.));
#8988=DIRECTION('',(1.,0.,0.));
#8989=DIRECTION('',(0.,0.,1.));
#8990=DIRECTION('',(1.,0.,0.));
#8991=DIRECTION('',(0.,0.,-1.));
#8992=DIRECTION('',(1.,0.,0.));
#8993=DIRECTION('',(0.,0.,-1.));
#8994=DIRECTION('',(1.,0.,0.));
#8995=DIRECTION('',(0.,0.,1.));
#8996=DIRECTION('',(1.,0.,0.));
#8997=DIRECTION('',(0.,0.,-1.));
#8998=DIRECTION('',(1.,0.,0.));
#8999=DIRECTION('',(0.,0.,-1.));
#9000=DIRECTION('',(1.,0.,0.));
#9001=DIRECTION('',(0.,0.,1.));
#9002=DIRECTION('',(1.,0.,0.));
#9003=DIRECTION('',(0.,0.,1.));
#9004=DIRECTION('',(1.,0.,0.));
#9005=DIRECTION('',(0.,0.,1.));
#9006=DIRECTION('',(1.,0.,0.));
#9007=DIRECTION('',(-1.,0.,0.));
#9008=DIRECTION('',(0.,0.,1.));
#9009=DIRECTION('',(0.,-1.,0.));
#9010=DIRECTION('',(0.,0.,1.));
#9011=DIRECTION('',(0.,-1.,0.));
#9012=DIRECTION('',(0.,0.,1.));
#9013=DIRECTION('',(0.,-1.,0.));
#9014=DIRECTION('',(0.,0.,-1.));
#9015=DIRECTION('',(0.,-1.,0.));
#9016=DIRECTION('',(0.,0.,-1.));
#9017=DIRECTION('',(0.,-1.,0.));
#9018=DIRECTION('',(0.,0.,-1.));
#9019=DIRECTION('',(0.,-1.,0.));
#9020=DIRECTION('',(0.,0.,-1.));
#9021=DIRECTION('',(0.,-1.,0.));
#9022=DIRECTION('',(0.,0.,-1.));
#9023=DIRECTION('',(0.,-1.,0.));
#9024=DIRECTION('',(0.,0.,-1.));
#9025=DIRECTION('',(1.,0.,0.));
#9026=DIRECTION('',(1.,0.,0.));
#9027=DIRECTION('',(0.,0.,1.));
#9028=DIRECTION('',(-1.,0.,0.));
#9029=DIRECTION('',(0.,0.,1.));
#9030=DIRECTION('',(0.,-1.,0.));
#9031=DIRECTION('',(0.,-1.,0.));
#9032=DIRECTION('',(0.,0.,1.));
#9033=DIRECTION('',(0.,1.,0.));
#9034=DIRECTION('',(0.,0.,1.));
#9035=DIRECTION('',(-1.,0.,0.));
#9036=DIRECTION('',(-1.,0.,0.));
#9037=DIRECTION('',(0.,0.,1.));
#9038=DIRECTION('',(-1.,0.,0.));
#9039=DIRECTION('',(0.,0.,1.));
#9040=DIRECTION('',(0.,-1.,0.));
#9041=DIRECTION('',(0.,-1.,0.));
#9042=DIRECTION('',(0.,0.,1.));
#9043=DIRECTION('',(0.,-1.,0.));
#9044=DIRECTION('',(0.,0.,-1.));
#9045=DIRECTION('',(1.,0.,0.));
#9046=DIRECTION('',(1.,0.,0.));
#9047=DIRECTION('',(0.,0.,1.));
#9048=DIRECTION('',(-1.,0.,0.));
#9049=DIRECTION('',(0.,0.,1.));
#9050=DIRECTION('',(0.,-1.,0.));
#9051=DIRECTION('',(0.,-1.,0.));
#9052=DIRECTION('',(0.,0.,1.));
#9053=DIRECTION('',(0.,-1.,0.));
#9054=DIRECTION('',(0.,0.,-1.));
#9055=DIRECTION('',(1.,0.,0.));
#9056=DIRECTION('',(1.,0.,0.));
#9057=DIRECTION('',(0.,0.,1.));
#9058=DIRECTION('',(0.,-1.,0.));
#9059=DIRECTION('',(0.,0.,-1.));
#9060=DIRECTION('',(0.,-1.,0.));
#9061=DIRECTION('',(0.,0.,-1.));
#9062=DIRECTION('',(0.,-1.,0.));
#9063=DIRECTION('',(0.,0.,-1.));
#9064=DIRECTION('',(0.,-1.,0.));
#9065=DIRECTION('',(0.,0.,-1.));
#9066=DIRECTION('',(0.,-1.,0.));
#9067=DIRECTION('',(0.,0.,-1.));
#9068=DIRECTION('',(-1.,0.,0.));
#9069=DIRECTION('',(0.,0.,1.));
#9070=DIRECTION('',(0.,-1.,0.));
#9071=DIRECTION('',(0.,-1.,0.));
#9072=DIRECTION('',(0.,0.,1.));
#9073=DIRECTION('',(0.,1.,0.));
#9074=DIRECTION('',(0.,0.,1.));
#9075=DIRECTION('',(-1.,0.,0.));
#9076=DIRECTION('',(-1.,0.,0.));
#9077=DIRECTION('',(0.,0.,1.));
#9078=DIRECTION('',(-1.,0.,0.));
#9079=DIRECTION('',(0.,0.,1.));
#9080=DIRECTION('',(0.,-1.,0.));
#9081=DIRECTION('',(0.,-1.,0.));
#9082=DIRECTION('',(0.,0.,1.));
#9083=DIRECTION('',(0.,-1.,0.));
#9084=DIRECTION('',(0.,0.,-1.));
#9085=DIRECTION('',(1.,0.,0.));
#9086=DIRECTION('',(1.,0.,0.));
#9087=DIRECTION('',(0.,0.,1.));
#9088=DIRECTION('',(1.,0.,0.));
#9089=DIRECTION('',(0.,0.,1.));
#9090=DIRECTION('',(1.,0.,0.));
#9091=DIRECTION('',(0.,-1.,0.));
#9092=DIRECTION('',(0.,0.,-1.));
#9093=DIRECTION('',(0.,-1.,0.));
#9094=DIRECTION('',(0.,0.,-1.));
#9095=DIRECTION('',(0.,-1.,0.));
#9096=DIRECTION('',(0.,0.,-1.));
#9097=DIRECTION('',(0.,-1.,0.));
#9098=DIRECTION('',(0.,0.,-1.));
#9099=DIRECTION('',(0.,-1.,0.));
#9100=DIRECTION('',(0.,0.,-1.));
#9101=DIRECTION('',(0.,0.,1.));
#9102=DIRECTION('',(1.,0.,0.));
#9103=DIRECTION('',(0.,0.,1.));
#9104=DIRECTION('',(1.,0.,0.));
#9105=DIRECTION('',(0.,0.,1.));
#9106=DIRECTION('',(1.,0.,0.));
#9107=DIRECTION('',(0.,0.,1.));
#9108=DIRECTION('',(1.,0.,0.));
#9109=DIRECTION('',(1.25503052079684E-15,1.,1.22411799605788E-14));
#9110=DIRECTION('',(1.,-1.25503052079684E-15,-3.33066907387571E-16));
#9111=CARTESIAN_POINT('',(0.,0.,0.));
#9112=CARTESIAN_POINT('',(0.,-1.7347234759768E-18,0.004));
#9113=CARTESIAN_POINT('',(1.08104589434087E-19,-8.67361737988404E-19,0.004));
#9114=CARTESIAN_POINT('',(0.00492987511696719,0.000834464697340603,0.004));
#9115=CARTESIAN_POINT('',(-0.00492987511696719,0.000834464697340602,0.004));
#9116=CARTESIAN_POINT('',(-0.00447162792774854,0.000834513585671278,0.004));
#9117=CARTESIAN_POINT('',(-0.00391199037177908,0.000834464697340602,0.004));
#9118=CARTESIAN_POINT('',(1.08919478517753E-19,-1.57209315010398E-18,0.004));
#9119=CARTESIAN_POINT('',(0.00391199037177908,0.000834464697340602,0.004));
#9120=CARTESIAN_POINT('',(-8.00610962685317E-7,0.000830200561222528,0.004));
#9121=CARTESIAN_POINT('',(0.,-1.7347234759768E-18,0.));
#9122=CARTESIAN_POINT('',(0.00391199037177908,0.000834464697340602,0.));
#9123=CARTESIAN_POINT('',(0.00391199037177908,0.000834464697340603,0.));
#9124=CARTESIAN_POINT('',(0.00492987511696719,0.000834464697340601,0.));
#9125=CARTESIAN_POINT('',(1.08919478517753E-19,-1.57209315010398E-18,0.));
#9126=CARTESIAN_POINT('',(-0.00391199037177908,0.000834464697340602,0.));
#9127=CARTESIAN_POINT('',(-0.00391199037177908,0.000834464697340602,0.));
#9128=CARTESIAN_POINT('',(-0.00492987511696719,0.000834464697340601,0.));
#9129=CARTESIAN_POINT('',(1.08104589434087E-19,-8.67361737988404E-19,0.));
#9130=CARTESIAN_POINT('',(0.00343949617631734,4.24906862214402E-19,0.004));
#9131=CARTESIAN_POINT('',(0.00287899235263467,-5.42101086242752E-20,0.004));
#9132=CARTESIAN_POINT('',(0.00287899235263467,-5.42101086242752E-20,0.004));
#9133=CARTESIAN_POINT('',(0.00287899235263467,-9.87880330433057E-19,-0.0008));
#9134=CARTESIAN_POINT('',(0.00287899235263467,-9.87880330433057E-19,-0.0008));
#9135=CARTESIAN_POINT('',(0.00617350311949849,5.07238006883086E-19,-0.0008));
#9136=CARTESIAN_POINT('',(0.00617350311949849,1.34944184109118E-18,0.004));
#9137=CARTESIAN_POINT('',(0.00617350311949849,1.34944184109118E-18,0.004));
#9138=CARTESIAN_POINT('',(0.00343949617631734,4.24906862214402E-19,0.004));
#9139=CARTESIAN_POINT('',(0.00555168911823284,0.000417232348670303,0.004));
#9140=CARTESIAN_POINT('',(0.00555168911823284,0.000417232348670301,-0.0004));
#9141=CARTESIAN_POINT('',(0.00492987511696719,0.000834464697340603,0.004));
#9142=CARTESIAN_POINT('',(0.0054126662289412,0.000510515623894115,0.00431222637205514));
#9143=CARTESIAN_POINT('',(0.00616725946430797,4.18944397219356E-6,0.00479996466505032));
#9144=CARTESIAN_POINT('',(0.00617038129190323,2.09472198609675E-6,0.00439998233252516));
#9145=CARTESIAN_POINT('',(1.08104589434087E-19,-8.67361737988404E-19,0.004));
#9146=CARTESIAN_POINT('',(-0.00492987511696719,0.000834464697340601,0.004));
#9147=CARTESIAN_POINT('',(-0.00555168911823284,0.000417232348670301,0.004));
#9148=CARTESIAN_POINT('',(-0.00555168911823284,0.000417232348670301,-0.0004));
#9149=CARTESIAN_POINT('',(-0.00617350311949849,5.07238006883086E-19,-0.0008));
#9150=CARTESIAN_POINT('',(-0.00617350311949849,-1.62630325872826E-19,0.004));
#9151=CARTESIAN_POINT('',(-0.00617350311949849,-9.08442835930237E-20,0.004));
#9152=CARTESIAN_POINT('',(-0.00617038129190323,2.09472198609675E-6,0.00439998233252516));
#9153=CARTESIAN_POINT('',(-0.00616725946430797,4.18944397219356E-6,0.00479996466505032));
#9154=CARTESIAN_POINT('',(-0.0054126662289412,0.000510515623894114,0.00431222637205514));
#9155=CARTESIAN_POINT('',(-0.00343949617631734,-4.17526734386914E-19,0.004));
#9156=CARTESIAN_POINT('',(-0.00287899235263467,-9.87880330433057E-19,-0.0008));
#9157=CARTESIAN_POINT('',(-0.00287899235263467,-9.87880330433057E-19,-0.0008));
#9158=CARTESIAN_POINT('',(-0.00287899235263467,-5.42101086242752E-19,0.004));
#9159=CARTESIAN_POINT('',(-0.00287899235263467,-9.51461167242377E-19,0.004));
#9160=CARTESIAN_POINT('',(-0.00343949617631734,-4.17526734386914E-19,0.004));
#9161=CARTESIAN_POINT('',(-0.00339549136220687,0.0004172323486703,0.004));
#9162=CARTESIAN_POINT('',(-0.00339549136220687,0.0004172323486703,-0.0004));
#9163=CARTESIAN_POINT('',(-0.00391199037177908,0.000834464697340602,0.004));
#9164=CARTESIAN_POINT('',(-0.0035331043618026,0.000528397315039638,0.00429330065698788));
#9165=CARTESIAN_POINT('',(-0.00287899235263467,-1.43393104081667E-18,0.0048));
#9166=CARTESIAN_POINT('',(-0.00287899235263467,-1.37321818525785E-18,0.0044));
#9167=CARTESIAN_POINT('',(1.08919478517753E-19,-1.57209315010398E-18,0.004));
#9168=CARTESIAN_POINT('',(0.00391199037177908,0.000834464697340603,0.004));
#9169=CARTESIAN_POINT('',(0.00339549136220687,0.000417232348670301,0.004));
#9170=CARTESIAN_POINT('',(0.00339549136220687,0.0004172323486703,-0.0004));
#9171=CARTESIAN_POINT('',(0.00287899235263467,-1.37321818525785E-18,0.0044));
#9172=CARTESIAN_POINT('',(0.00287899235263467,-1.43393104081667E-18,0.0048));
#9173=CARTESIAN_POINT('',(0.0035331043618026,0.000528397315039639,0.00429330065698787));
#9174=CARTESIAN_POINT('',(-1.92378279809229E-19,0.00039964445483388,-0.000416861486308505));
#9175=CARTESIAN_POINT('',(1.92378279809229E-19,0.00039964445483388,-0.000416861486308505));
#9176=CARTESIAN_POINT('',(0.00447202932642223,0.00041827970966335,0.00439999116626258));
#9177=CARTESIAN_POINT('',(0.00452312590847132,2.09472198609605E-6,0.00479998233252516));
#9178=CARTESIAN_POINT('',(0.00616725946430797,4.18944397219354E-6,0.00479996466505032));
#9179=CARTESIAN_POINT('',(0.00287899235263467,-1.3856151222737E-18,0.0048));
#9180=CARTESIAN_POINT('',(0.00616934068270481,2.79296264812902E-6,0.00453330977670021));
#9181=CARTESIAN_POINT('',(0.00287899235263467,-1.37735049759647E-18,0.00453333333333334));
#9182=CARTESIAN_POINT('',(0.00617142190110165,1.3964813240645E-6,0.00426665488835011));
#9183=CARTESIAN_POINT('',(0.00287899235263467,-1.36908587291923E-18,0.00426666666666666));
#9184=CARTESIAN_POINT('',(0.00617350311949849,-1.90582413132218E-20,0.004));
#9185=CARTESIAN_POINT('',(0.00287899235263467,-1.360821248242E-18,0.004));
#9186=CARTESIAN_POINT('',(-0.00616725946430797,4.18944397219354E-6,0.00479996466505032));
#9187=CARTESIAN_POINT('',(-0.00287899235263467,-1.3856151222737E-18,0.0048));
#9188=CARTESIAN_POINT('',(-0.00616934068270481,2.79296264812902E-6,0.00453330977670021));
#9189=CARTESIAN_POINT('',(-0.00287899235263467,-1.37735049759647E-18,0.00453333333333334));
#9190=CARTESIAN_POINT('',(-0.00617142190110165,1.3964813240645E-6,0.00426665488835011));
#9191=CARTESIAN_POINT('',(-0.00287899235263467,-1.36908587291923E-18,0.00426666666666666));
#9192=CARTESIAN_POINT('',(-0.00617350311949849,-1.90582413132218E-20,0.004));
#9193=CARTESIAN_POINT('',(-0.00287899235263467,-1.360821248242E-18,0.004));
#9194=CARTESIAN_POINT('',(-0.00452312590847132,2.09472198609605E-6,0.00479998233252516));
#9195=CARTESIAN_POINT('',(-0.00447202932642223,0.00041827970966335,0.00439999116626258));
#9196=CARTESIAN_POINT('',(-0.100750000000002,0.209264133156196,-0.00300627610705263));
#9197=CARTESIAN_POINT('',(-0.143750000000009,0.209264133156194,-0.00300627610705146));
#9198=CARTESIAN_POINT('',(-0.0147499999999886,0.29926413315621,-0.00300627610705244));
#9199=CARTESIAN_POINT('',(-0.0125000000000003,0.187807335900752,-0.116006276107056));
#9200=CARTESIAN_POINT('',(-0.0645,-0.004,0.0015));
#9201=CARTESIAN_POINT('',(-0.0645,0.,0.0015));
#9202=CARTESIAN_POINT('',(-0.0645,0.,0.0875));
#9203=CARTESIAN_POINT('',(-0.0645,0.,-0.0845));
#9204=CARTESIAN_POINT('',(-0.0645,-0.004,-0.0845));
#9205=CARTESIAN_POINT('',(-0.0645,-0.02,-0.0845));
#9206=CARTESIAN_POINT('',(-0.0645,-0.02,0.0015));
#9207=CARTESIAN_POINT('',(-0.0645,-0.02,0.0875));
#9208=CARTESIAN_POINT('',(-0.0645,-0.004,0.0875));
#9209=CARTESIAN_POINT('',(0.0015,-0.004,-0.0845));
#9210=CARTESIAN_POINT('',(0.0015,0.,-0.0845));
#9211=CARTESIAN_POINT('',(0.0675,0.,-0.0845));
#9212=CARTESIAN_POINT('',(0.0675,-0.004,-0.0845));
#9213=CARTESIAN_POINT('',(0.0675,-0.02,-0.0845));
#9214=CARTESIAN_POINT('',(0.0015,-0.02,-0.0845));
#9215=CARTESIAN_POINT('',(0.0675,-0.004,0.0015));
#9216=CARTESIAN_POINT('',(0.0675,0.,0.0015));
#9217=CARTESIAN_POINT('',(0.0675,0.,0.0875));
#9218=CARTESIAN_POINT('',(0.0675,-0.004,0.0875));
#9219=CARTESIAN_POINT('',(0.0675,-0.02,0.0875));
#9220=CARTESIAN_POINT('',(0.0675,-0.02,0.0015));
#9221=CARTESIAN_POINT('',(0.0015,-0.004,0.0875));
#9222=CARTESIAN_POINT('',(0.0015,0.,0.0875));
#9223=CARTESIAN_POINT('',(0.0015,-0.02,0.0875));
#9224=CARTESIAN_POINT('',(0.0015,0.,0.0015));
#9225=CARTESIAN_POINT('',(-0.06,-0.02,0.0015));
#9226=CARTESIAN_POINT('',(-0.06,-0.02,-0.08));
#9227=CARTESIAN_POINT('',(-0.06,-0.02,-0.08));
#9228=CARTESIAN_POINT('',(-0.06,-0.004,-0.08));
#9229=CARTESIAN_POINT('',(-0.06,-0.004,0.0015));
#9230=CARTESIAN_POINT('',(-0.06,-0.004,0.083));
#9231=CARTESIAN_POINT('',(-0.06,-0.02,0.083));
#9232=CARTESIAN_POINT('',(-0.06,-0.02,0.083));
#9233=CARTESIAN_POINT('',(-0.06,-0.02,0.0015));
#9234=CARTESIAN_POINT('',(0.0015,-0.02,0.083));
#9235=CARTESIAN_POINT('',(0.0015,-0.004,0.083));
#9236=CARTESIAN_POINT('',(0.063,-0.004,0.083));
#9237=CARTESIAN_POINT('',(0.063,-0.02,0.083));
#9238=CARTESIAN_POINT('',(0.063,-0.02,0.083));
#9239=CARTESIAN_POINT('',(0.0015,-0.02,0.083));
#9240=CARTESIAN_POINT('',(0.063,-0.02,0.0015));
#9241=CARTESIAN_POINT('',(0.063,-0.004,0.0015));
#9242=CARTESIAN_POINT('',(0.063,-0.004,-0.08));
#9243=CARTESIAN_POINT('',(0.063,-0.02,-0.08));
#9244=CARTESIAN_POINT('',(0.063,-0.02,-0.08));
#9245=CARTESIAN_POINT('',(0.063,-0.02,0.0015));
#9246=CARTESIAN_POINT('',(0.0015,-0.02,-0.08));
#9247=CARTESIAN_POINT('',(0.0015,-0.004,-0.08));
#9248=CARTESIAN_POINT('',(0.0015,-0.02,-0.08));
#9249=CARTESIAN_POINT('',(0.0015,-0.02,0.0015));
#9250=CARTESIAN_POINT('',(0.0015,-0.004,0.0015));
#9251=CARTESIAN_POINT('',(-0.08,0.330999300156037,-0.0600062761070517));
#9252=CARTESIAN_POINT('',(6.93889390390723E-18,3.46944695195361E-18,0.));
#9253=CARTESIAN_POINT('',(0.,1.83697019872103E-19,0.));
#9254=CARTESIAN_POINT('',(0.003,1.83697019872103E-19,0.));
#9255=CARTESIAN_POINT('',(-3.4694469519536E-18,0.012,0.));
#9256=CARTESIAN_POINT('',(0.021,0.012,0.));
#9257=CARTESIAN_POINT('',(0.023,0.012,0.));
#9258=CARTESIAN_POINT('',(0.021,9.54097911787244E-18,0.));
#9259=CARTESIAN_POINT('',(0.021,-0.012,0.));
#9260=CARTESIAN_POINT('',(6.93889390390723E-18,-0.012,0.));
#9261=CARTESIAN_POINT('',(0.023,-0.012,0.));
#9262=CARTESIAN_POINT('',(0.023,1.01192202765314E-17,0.));
#9263=CARTESIAN_POINT('',(0.027,2.08166817117217E-18,0.));
#9264=CARTESIAN_POINT('',(0.027,-0.013,3.46944695195361E-18));
#9265=CARTESIAN_POINT('',(0.027,0.013,-8.67361737988404E-19));
#9266=CARTESIAN_POINT('',(0.03,-0.013,-2.16840434497101E-19));
#9267=CARTESIAN_POINT('',(-0.027,-0.013,-2.16840434497101E-19));
#9268=CARTESIAN_POINT('',(-0.027,2.08166817117217E-18,0.));
#9269=CARTESIAN_POINT('',(-0.027,0.013,-8.67361737988404E-19));
#9270=CARTESIAN_POINT('',(0.03,0.013,-8.67361737988404E-19));
#9271=CARTESIAN_POINT('',(0.027,3.4694469519536E-19,-0.02));
#9272=CARTESIAN_POINT('',(0.027,3.4694469519536E-19,-0.00383130514088461));
#9273=CARTESIAN_POINT('',(0.027,-0.0118506084577346,-0.00383130514088461));
#9274=CARTESIAN_POINT('',(0.027,-0.0138506084577346,-0.00383130514088461));
#9275=CARTESIAN_POINT('',(0.027,-0.00642201834862394,-0.0219266055045872));
#9276=CARTESIAN_POINT('',(0.027,0.00642201834862395,-0.0219266055045872));
#9277=CARTESIAN_POINT('',(0.027,0.0118506084577346,-0.00383130514088461));
#9278=CARTESIAN_POINT('',(0.027,3.4694469519536E-19,-0.00383130514088461));
#9279=CARTESIAN_POINT('',(0.027,0.0138506084577346,-0.00383130514088461));
#9280=CARTESIAN_POINT('',(0.027,0.0075,-0.025));
#9281=CARTESIAN_POINT('',(0.027,-6.38643507981154E-18,-0.05));
#9282=CARTESIAN_POINT('',(0.027,-0.0075,-0.025));
#9283=CARTESIAN_POINT('',(-0.027,3.4694469519536E-19,-0.02));
#9284=CARTESIAN_POINT('',(-0.027,3.4694469519536E-19,-0.00383130514088461));
#9285=CARTESIAN_POINT('',(-0.027,-0.0138506084577346,-0.00383130514088461));
#9286=CARTESIAN_POINT('',(-0.027,-0.0118506084577346,-0.00383130514088461));
#9287=CARTESIAN_POINT('',(-0.027,-0.0075,-0.025));
#9288=CARTESIAN_POINT('',(-0.027,-6.38643507981154E-18,-0.05));
#9289=CARTESIAN_POINT('',(-0.027,0.0075,-0.025));
#9290=CARTESIAN_POINT('',(-0.027,0.0138506084577346,-0.00383130514088461));
#9291=CARTESIAN_POINT('',(-0.027,3.4694469519536E-19,-0.00383130514088461));
#9292=CARTESIAN_POINT('',(-0.027,0.0118506084577346,-0.00383130514088461));
#9293=CARTESIAN_POINT('',(-0.027,0.00642201834862395,-0.0219266055045872));
#9294=CARTESIAN_POINT('',(-0.027,-0.00642201834862395,-0.0219266055045872));
#9295=CARTESIAN_POINT('',(6.93889390390723E-18,3.46944695195361E-18,0.002));
#9296=CARTESIAN_POINT('',(-0.019,0.006,0.002));
#9297=CARTESIAN_POINT('',(-0.0135,0.006,0.002));
#9298=CARTESIAN_POINT('',(-0.0295,0.006,0.002));
#9299=CARTESIAN_POINT('',(-0.0295,0.008,0.002));
#9300=CARTESIAN_POINT('',(-0.0295,0.012328828005938,0.002));
#9301=CARTESIAN_POINT('',(-0.019,0.012328828005938,0.002));
#9302=CARTESIAN_POINT('',(-0.0135,0.012328828005938,0.002));
#9303=CARTESIAN_POINT('',(-0.0135,1.90819582357448E-18,0.002));
#9304=CARTESIAN_POINT('',(-0.019,-0.006,0.002));
#9305=CARTESIAN_POINT('',(-0.0135,-0.006,0.002));
#9306=CARTESIAN_POINT('',(-0.0295,-0.006,0.002));
#9307=CARTESIAN_POINT('',(-0.0135,1.90819582357448E-18,0.002));
#9308=CARTESIAN_POINT('',(-0.0135,-0.0123288280059379,0.002));
#9309=CARTESIAN_POINT('',(-0.024,-0.0123288280059379,0.002));
#9310=CARTESIAN_POINT('',(-0.0295,-0.0123288280059379,0.002));
#9311=CARTESIAN_POINT('',(-0.0295,-0.006,0.002));
#9312=CARTESIAN_POINT('',(0.,1.83697019872103E-19,0.002));
#9313=CARTESIAN_POINT('',(0.003,1.83697019872103E-19,0.002));
#9314=CARTESIAN_POINT('',(-0.03,1.7347234759768E-18,0.002));
#9315=CARTESIAN_POINT('',(-0.03,-0.015,0.002));
#9316=CARTESIAN_POINT('',(-0.03,0.015,0.002));
#9317=CARTESIAN_POINT('',(3.46944695195361E-18,-0.015,0.002));
#9318=CARTESIAN_POINT('',(0.03,-0.015,0.002));
#9319=CARTESIAN_POINT('',(0.03,1.7347234759768E-18,0.002));
#9320=CARTESIAN_POINT('',(0.03,0.015,0.002));
#9321=CARTESIAN_POINT('',(0.,0.015,0.002));
#9322=CARTESIAN_POINT('',(0.021,0.,0.002));
#9323=CARTESIAN_POINT('',(0.021,0.012,0.002));
#9324=CARTESIAN_POINT('',(0.021,-0.012,0.002));
#9325=CARTESIAN_POINT('',(0.022,0.012,0.002));
#9326=CARTESIAN_POINT('',(0.023,0.012,0.002));
#9327=CARTESIAN_POINT('',(0.023,0.,0.002));
#9328=CARTESIAN_POINT('',(0.023,-0.012,0.002));
#9329=CARTESIAN_POINT('',(0.022,-0.012,0.002));
#9330=CARTESIAN_POINT('',(-0.03,1.7347234759768E-18,0.002));
#9331=CARTESIAN_POINT('',(-0.03,0.015,0.002));
#9332=CARTESIAN_POINT('',(-0.03,0.015,0.));
#9333=CARTESIAN_POINT('',(-0.03,0.0075,-0.025));
#9334=CARTESIAN_POINT('',(-0.03,-6.7333797750069E-18,-0.05));
#9335=CARTESIAN_POINT('',(-0.03,-0.0075,-0.025));
#9336=CARTESIAN_POINT('',(-0.03,-0.015,0.));
#9337=CARTESIAN_POINT('',(-0.03,-0.015,0.002));
#9338=CARTESIAN_POINT('',(3.46944695195361E-18,-0.015,0.002));
#9339=CARTESIAN_POINT('',(3.46944695195361E-18,-0.015,0.));
#9340=CARTESIAN_POINT('',(0.03,-0.015,0.));
#9341=CARTESIAN_POINT('',(0.03,-0.015,0.002));
#9342=CARTESIAN_POINT('',(0.03,1.7347234759768E-18,0.002));
#9343=CARTESIAN_POINT('',(0.03,0.0075,-0.025));
#9344=CARTESIAN_POINT('',(0.03,0.015,0.));
#9345=CARTESIAN_POINT('',(0.03,-6.7333797750069E-18,-0.05));
#9346=CARTESIAN_POINT('',(0.03,0.015,0.002));
#9347=CARTESIAN_POINT('',(0.03,-0.0075,-0.025));
#9348=CARTESIAN_POINT('',(0.,0.015,0.002));
#9349=CARTESIAN_POINT('',(0.,0.015,0.));
#9350=CARTESIAN_POINT('',(0.,1.83697019872103E-19,-0.023));
#9351=CARTESIAN_POINT('',(0.022,0.012,-0.023));
#9352=CARTESIAN_POINT('',(0.023,0.012,-0.023));
#9353=CARTESIAN_POINT('',(0.021,0.012,-0.023));
#9354=CARTESIAN_POINT('',(0.021,0.,-0.023));
#9355=CARTESIAN_POINT('',(0.021,-0.012,-0.023));
#9356=CARTESIAN_POINT('',(0.022,-0.012,-0.023));
#9357=CARTESIAN_POINT('',(0.023,-0.012,-0.023));
#9358=CARTESIAN_POINT('',(0.023,0.,-0.023));
#9359=CARTESIAN_POINT('',(-0.027,0.0075,-0.025));
#9360=CARTESIAN_POINT('',(-0.027,-6.38643507981154E-18,-0.05));
#9361=CARTESIAN_POINT('',(0.027,-6.38643507981154E-18,-0.05));
#9362=CARTESIAN_POINT('',(0.03,0.0138506084577346,-0.00383130514088461));
#9363=CARTESIAN_POINT('',(-0.027,-0.0075,-0.025));
#9364=CARTESIAN_POINT('',(0.03,-0.0138506084577346,-0.00383130514088461));
#9365=CARTESIAN_POINT('',(-0.019,7.34366271496849E-18,0.002));
#9366=CARTESIAN_POINT('',(-0.0295,-0.006,0.002));
#9367=CARTESIAN_POINT('',(-0.0286553448951351,-0.006,0.002));
#9368=CARTESIAN_POINT('',(-0.0269925188677461,-0.00601777121769495,0.00238683516922102));
#9369=CARTESIAN_POINT('',(-0.0249961174426525,-0.00577883930213344,0.00402541924746458));
#9370=CARTESIAN_POINT('',(-0.0240472020971038,-0.00457237998628754,0.00615817525912603));
#9371=CARTESIAN_POINT('',(-0.024,-0.00317243607066917,0.00716232100787186));
#9372=CARTESIAN_POINT('',(-0.024,-0.00239791576165636,0.0075));
#9373=CARTESIAN_POINT('',(-0.024,-0.00239791576165636,0.0075));
#9374=CARTESIAN_POINT('',(-0.024,6.76542155630955E-18,0.002));
#9375=CARTESIAN_POINT('',(-0.024,0.00239791576165637,0.0075));
#9376=CARTESIAN_POINT('',(-0.024,0.00239791576165637,0.0075));
#9377=CARTESIAN_POINT('',(-0.024,0.00317152593406701,0.0071627178134907));
#9378=CARTESIAN_POINT('',(-0.0240490684995666,0.00456571977677161,0.00616198855306745));
#9379=CARTESIAN_POINT('',(-0.0249803985695198,0.00577252197325759,0.00404525428573657));
#9380=CARTESIAN_POINT('',(-0.0269903923480138,0.0060192598829202,0.00238451665987327));
#9381=CARTESIAN_POINT('',(-0.0286548923618769,0.006,0.002));
#9382=CARTESIAN_POINT('',(-0.0295,0.006,0.002));
#9383=CARTESIAN_POINT('',(-0.0135,0.006,0.002));
#9384=CARTESIAN_POINT('',(-0.0143446551048649,0.006,0.002));
#9385=CARTESIAN_POINT('',(-0.0160074811322539,0.00601777121769497,0.00238683516922103));
#9386=CARTESIAN_POINT('',(-0.0180038825573475,0.00577883930213345,0.00402541924746458));
#9387=CARTESIAN_POINT('',(-0.0189527979028962,0.00457237998628756,0.00615817525912603));
#9388=CARTESIAN_POINT('',(-0.019,0.00317243607066918,0.00716232100787186));
#9389=CARTESIAN_POINT('',(-0.019,0.00239791576165638,0.0075));
#9390=CARTESIAN_POINT('',(-0.019,0.00239791576165637,0.0075));
#9391=CARTESIAN_POINT('',(-0.019,7.34366271496849E-18,0.002));
#9392=CARTESIAN_POINT('',(-0.019,-0.00239791576165636,0.0075));
#9393=CARTESIAN_POINT('',(-0.019,-0.00239791576165636,0.0075));
#9394=CARTESIAN_POINT('',(-0.019,-0.003171525934067,0.0071627178134907));
#9395=CARTESIAN_POINT('',(-0.0189509315004334,-0.0045657197767716,0.00616198855306744));
#9396=CARTESIAN_POINT('',(-0.0180196014304802,-0.00577252197325757,0.00404525428573657));
#9397=CARTESIAN_POINT('',(-0.0160096076519862,-0.00601925988292018,0.00238451665987326));
#9398=CARTESIAN_POINT('',(-0.0143451076381231,-0.006,0.002));
#9399=CARTESIAN_POINT('',(-0.0135,-0.006,0.002));
#9400=CARTESIAN_POINT('',(-0.019,6.47630097698008E-18,0.002));
#9401=CARTESIAN_POINT('',(-0.024,5.89805981832114E-18,0.002));
#9402=CARTESIAN_POINT('',(-0.024,-0.00580947501931112,0.0075));
#9403=CARTESIAN_POINT('',(-0.024,0.00580947501931113,0.0075));
#9404=CARTESIAN_POINT('',(-0.024,-0.00580947501931112,0.0075));
#9405=CARTESIAN_POINT('',(-0.024,-0.00644699966841178,0.00682660299579175));
#9406=CARTESIAN_POINT('',(-0.0241265492402087,-0.00695537724614668,0.00604515458469875));
#9407=CARTESIAN_POINT('',(-0.024477144145729,-0.00730597215166693,0.00525925925925926));
#9408=CARTESIAN_POINT('',(-0.024477144145729,-0.00730597215166693,0.00525925925925926));
#9409=CARTESIAN_POINT('',(-0.019,-0.00730597215166693,0.00525925925925926));
#9410=CARTESIAN_POINT('',(-0.018522855854271,-0.00730597215166693,0.00525925925925926));
#9411=CARTESIAN_POINT('',(-0.018522855854271,-0.00730597215166693,0.00525925925925926));
#9412=CARTESIAN_POINT('',(-0.0188738754563685,-0.00695495254956942,0.00604610658670889));
#9413=CARTESIAN_POINT('',(-0.019,-0.0064479121758651,0.00682563914319994));
#9414=CARTESIAN_POINT('',(-0.019,-0.00580947501931112,0.0075));
#9415=CARTESIAN_POINT('',(-0.019,-0.00580947501931112,0.0075));
#9416=CARTESIAN_POINT('',(-0.019,6.47630097698008E-18,0.002));
#9417=CARTESIAN_POINT('',(-0.019,0.00580947501931113,0.0075));
#9418=CARTESIAN_POINT('',(-0.019,0.00580947501931104,0.0075));
#9419=CARTESIAN_POINT('',(-0.019,0.0064469996684117,0.00682660299579176));
#9420=CARTESIAN_POINT('',(-0.0188734507597912,0.00695537724614669,0.00604515458469876));
#9421=CARTESIAN_POINT('',(-0.018522855854271,0.00730597215166694,0.00525925925925926));
#9422=CARTESIAN_POINT('',(-0.018522855854271,0.00730597215166694,0.00525925925925926));
#9423=CARTESIAN_POINT('',(-0.019,0.00730597215166694,0.00525925925925926));
#9424=CARTESIAN_POINT('',(-0.024477144145729,0.00730597215166694,0.00525925925925926));
#9425=CARTESIAN_POINT('',(-0.024477144145729,0.00730597215166694,0.00525925925925926));
#9426=CARTESIAN_POINT('',(-0.0241261245436315,0.00695495254956943,0.00604610658670889));
#9427=CARTESIAN_POINT('',(-0.024,0.00644791217586508,0.00682563914319994));
#9428=CARTESIAN_POINT('',(-0.024,0.0058094750193111,0.0075));
#9429=CARTESIAN_POINT('',(-0.019,1.27213054904966E-18,-0.02));
#9430=CARTESIAN_POINT('',(-0.019,1.27213054904966E-18,0.0075));
#9431=CARTESIAN_POINT('',(-0.019,1.27213054904966E-18,0.0075));
#9432=CARTESIAN_POINT('',(-0.024,6.93889390390722E-19,-0.02));
#9433=CARTESIAN_POINT('',(-0.024,0.006,0.0075));
#9434=CARTESIAN_POINT('',(-0.024,-0.008,0.0075));
#9435=CARTESIAN_POINT('',(-0.0135,1.90819582357448E-18,0.0075));
#9436=CARTESIAN_POINT('',(-0.0135,-0.0123288280059379,0.0075));
#9437=CARTESIAN_POINT('',(-0.0295,5.78241158658914E-20,0.0075));
#9438=CARTESIAN_POINT('',(-0.0295,-0.0123288280059379,0.0075));
#9439=CARTESIAN_POINT('',(-0.019,-0.0123288280059379,0.0075));
#9440=CARTESIAN_POINT('',(-0.0135,1.90819582357448E-18,0.0075));
#9441=CARTESIAN_POINT('',(-0.0135,0.012328828005938,0.0075));
#9442=CARTESIAN_POINT('',(-0.0295,5.78241158658914E-20,0.0075));
#9443=CARTESIAN_POINT('',(-0.0295,0.012328828005938,0.0075));
#9444=CARTESIAN_POINT('',(-0.019,0.012328828005938,0.0075));
#9445=CARTESIAN_POINT('',(0.03,0.0124253042288673,-0.00191565257044231));
#9446=CARTESIAN_POINT('',(0.03,0.0118506084577346,-0.00383130514088461));
#9447=CARTESIAN_POINT('',(0.03,0.0128506084577346,-0.00383130514088461));
#9448=CARTESIAN_POINT('',(0.03,-0.0128506084577346,-0.00383130514088461));
#9449=CARTESIAN_POINT('',(0.03,-0.0118506084577346,-0.00383130514088461));
#9450=CARTESIAN_POINT('',(0.03,-0.0124253042288673,-0.00191565257044231));
#9451=CARTESIAN_POINT('',(-0.248991593718529,0.014456482604146,-0.0545367258787155));
#9452=CARTESIAN_POINT('',(0.0688542552226474,-0.0292287302884142,0.0945));
#9453=CARTESIAN_POINT('',(0.0688542552226474,-0.0312287302884142,0.0945));
#9454=CARTESIAN_POINT('',(0.0688542552226474,-0.0312287302884142,0.089));
#9455=CARTESIAN_POINT('',(0.0688542552226474,-0.0312287302884142,0.1));
#9456=CARTESIAN_POINT('',(0.0688542552226474,-0.0292287302884142,0.089));
#9457=CARTESIAN_POINT('',(0.0688542552226474,-0.0329787302884142,0.089));
#9458=CARTESIAN_POINT('',(0.0688542552226474,-0.0329787302884142,0.0945));
#9459=CARTESIAN_POINT('',(0.0688542552226474,-0.0329787302884142,0.1));
#9460=CARTESIAN_POINT('',(0.0688542552226474,-0.0292287302884142,0.1));
#9461=CARTESIAN_POINT('',(-0.00914574382702778,-0.0292287302884142,0.0475));
#9462=CARTESIAN_POINT('',(-0.00914574382702778,-0.0312287302884142,0.0475));
#9463=CARTESIAN_POINT('',(-0.00914574382702779,-0.0312287302884142,0.053));
#9464=CARTESIAN_POINT('',(-0.00914574382702777,-0.0312287302884142,0.042));
#9465=CARTESIAN_POINT('',(-0.00914574382702779,-0.0292287302884142,0.053));
#9466=CARTESIAN_POINT('',(-0.00914574382702779,-0.0329787302884142,0.053));
#9467=CARTESIAN_POINT('',(-0.00914574382702778,-0.0329787302884142,0.0475));
#9468=CARTESIAN_POINT('',(-0.00914574382702777,-0.0329787302884142,0.042));
#9469=CARTESIAN_POINT('',(-0.00914574382702777,-0.0292287302884142,0.042));
#9470=CARTESIAN_POINT('',(-0.00764574382702777,-0.0292287302884142,0.042));
#9471=CARTESIAN_POINT('',(-0.00764574382702777,-0.0312287302884142,0.042));
#9472=CARTESIAN_POINT('',(-0.00614574382702778,-0.0312287302884142,0.042));
#9473=CARTESIAN_POINT('',(-0.00764574382702777,-0.0329787302884142,0.042));
#9474=CARTESIAN_POINT('',(-0.00614574382702778,-0.0329787302884142,0.042));
#9475=CARTESIAN_POINT('',(-0.00614574382702778,-0.0292287302884142,0.042));
#9476=CARTESIAN_POINT('',(0.0673542552226474,-0.0292287302884142,0.042));
#9477=CARTESIAN_POINT('',(0.0688542552226474,-0.0292287302884142,0.042));
#9478=CARTESIAN_POINT('',(0.0688542552226474,-0.0312287302884142,0.042));
#9479=CARTESIAN_POINT('',(0.0688542552226474,-0.0329787302884142,0.042));
#9480=CARTESIAN_POINT('',(0.0673542552226474,-0.0312287302884142,0.042));
#9481=CARTESIAN_POINT('',(0.0658542552226474,-0.0312287302884142,0.042));
#9482=CARTESIAN_POINT('',(0.0658542552226474,-0.0292287302884142,0.042));
#9483=CARTESIAN_POINT('',(0.0658542552226474,-0.0329787302884142,0.042));
#9484=CARTESIAN_POINT('',(0.0673542552226474,-0.0329787302884142,0.042));
#9485=CARTESIAN_POINT('',(0.0688542552226474,-0.0292287302884142,0.0475));
#9486=CARTESIAN_POINT('',(0.0688542552226474,-0.0292287302884142,0.053));
#9487=CARTESIAN_POINT('',(0.0688542552226474,-0.0312287302884142,0.053));
#9488=CARTESIAN_POINT('',(0.0688542552226474,-0.0329787302884142,0.053));
#9489=CARTESIAN_POINT('',(0.0688542552226474,-0.0312287302884142,0.0475));
#9490=CARTESIAN_POINT('',(0.0688542552226474,-0.0329787302884142,0.0475));
#9491=CARTESIAN_POINT('',(-0.00914574382702778,-0.0292287302884142,0.0945));
#9492=CARTESIAN_POINT('',(-0.00914574382702779,-0.0292287302884142,0.089));
#9493=CARTESIAN_POINT('',(-0.00914574382702779,-0.0312287302884142,0.089));
#9494=CARTESIAN_POINT('',(-0.00914574382702779,-0.0329787302884142,0.089));
#9495=CARTESIAN_POINT('',(-0.00914574382702778,-0.0312287302884142,0.0945));
#9496=CARTESIAN_POINT('',(-0.00914574382702778,-0.0312287302884142,0.1));
#9497=CARTESIAN_POINT('',(-0.00914574382702778,-0.0292287302884142,0.1));
#9498=CARTESIAN_POINT('',(-0.00914574382702778,-0.0329787302884142,0.1));
#9499=CARTESIAN_POINT('',(-0.00914574382702778,-0.0329787302884142,0.0945));
#9500=CARTESIAN_POINT('',(0.0148542552226474,-0.0369787302884142,0.004));
#9501=CARTESIAN_POINT('',(0.0806042552226473,-0.0369787302884142,0.08));
#9502=CARTESIAN_POINT('',(0.0806042552226473,-0.0369787302884142,0.084));
#9503=CARTESIAN_POINT('',(-0.0508957447773526,-0.0369787302884142,0.08));
#9504=CARTESIAN_POINT('',(-0.0508957447773526,-0.0369787302884142,0.084));
#9505=CARTESIAN_POINT('',(0.0698542552226474,-0.0369787302884142,0.053));
#9506=CARTESIAN_POINT('',(0.0708542552226474,-0.0369787302884142,0.053));
#9507=CARTESIAN_POINT('',(0.0658542552226474,-0.0369787302884142,0.053));
#9508=CARTESIAN_POINT('',(0.0658542552226474,-0.0369787302884142,0.041));
#9509=CARTESIAN_POINT('',(0.0658542552226474,-0.0369787302884142,0.04));
#9510=CARTESIAN_POINT('',(0.0683542552226474,-0.0369787302884142,0.04));
#9511=CARTESIAN_POINT('',(0.0708542552226474,-0.0369787302884142,0.04));
#9512=CARTESIAN_POINT('',(0.0708542552226474,-0.0369787302884142,0.0475));
#9513=CARTESIAN_POINT('',(0.0698542552226474,-0.0369787302884142,0.1));
#9514=CARTESIAN_POINT('',(0.0708542552226474,-0.0369787302884142,0.1));
#9515=CARTESIAN_POINT('',(0.0658542552226474,-0.0369787302884142,0.1));
#9516=CARTESIAN_POINT('',(0.0658542552226474,-0.0369787302884142,0.0945));
#9517=CARTESIAN_POINT('',(0.0658542552226474,-0.0369787302884142,0.089));
#9518=CARTESIAN_POINT('',(0.0698542552226474,-0.0369787302884142,0.089));
#9519=CARTESIAN_POINT('',(0.0708542552226474,-0.0369787302884142,0.089));
#9520=CARTESIAN_POINT('',(0.0708542552226474,-0.0369787302884142,0.0945));
#9521=CARTESIAN_POINT('',(-0.00614574382702778,-0.0369787302884142,0.041));
#9522=CARTESIAN_POINT('',(-0.00614574382702778,-0.0369787302884142,0.04));
#9523=CARTESIAN_POINT('',(-0.00614574382702777,-0.0369787302884142,0.053));
#9524=CARTESIAN_POINT('',(-0.0101457438270278,-0.0369787302884142,0.053));
#9525=CARTESIAN_POINT('',(-0.0111457438270278,-0.0369787302884142,0.053));
#9526=CARTESIAN_POINT('',(-0.0111457438270278,-0.0369787302884142,0.041));
#9527=CARTESIAN_POINT('',(-0.0111457438270278,-0.0369787302884142,0.05));
#9528=CARTESIAN_POINT('',(-0.0121457438270278,-0.0369787302884142,0.05));
#9529=CARTESIAN_POINT('',(-0.0151457438270278,-0.0369787302884142,0.05));
#9530=CARTESIAN_POINT('',(-0.0151457438270277,-0.0369787302884142,0.041));
#9531=CARTESIAN_POINT('',(-0.0151457438270277,-0.0369787302884142,0.04));
#9532=CARTESIAN_POINT('',(-0.0131457438270278,-0.0369787302884142,0.04));
#9533=CARTESIAN_POINT('',(-0.0121457438270278,-0.0369787302884142,0.076));
#9534=CARTESIAN_POINT('',(-0.0151457438270277,-0.0369787302884142,0.076));
#9535=CARTESIAN_POINT('',(-0.0111457438270278,-0.0369787302884142,0.076));
#9536=CARTESIAN_POINT('',(-0.0151457438270277,-0.0369787302884142,0.0735));
#9537=CARTESIAN_POINT('',(-0.0151457438270277,-0.0369787302884142,0.068));
#9538=CARTESIAN_POINT('',(-0.0121457438270278,-0.0369787302884142,0.068));
#9539=CARTESIAN_POINT('',(-0.0111457438270278,-0.0369787302884142,0.068));
#9540=CARTESIAN_POINT('',(-0.0111457438270278,-0.0369787302884142,0.0695));
#9541=CARTESIAN_POINT('',(0.0906042552226473,-0.0369787302884142,0.004));
#9542=CARTESIAN_POINT('',(0.0906042552226473,-0.0369787302884142,0.004));
#9543=CARTESIAN_POINT('',(0.0906042552226473,-0.0369787302884142,0.12));
#9544=CARTESIAN_POINT('',(0.0148542552226474,-0.0369787302884142,0.004));
#9545=CARTESIAN_POINT('',(-0.0608957447773526,-0.0369787302884142,0.004));
#9546=CARTESIAN_POINT('',(-0.0608957447773526,-0.0369787302884142,0.004));
#9547=CARTESIAN_POINT('',(-0.0608957447773526,-0.0369787302884142,0.12));
#9548=CARTESIAN_POINT('',(0.0148542552226474,-0.0369787302884142,0.12));
#9549=CARTESIAN_POINT('',(-0.0381457438270278,-0.0369787302884142,0.041));
#9550=CARTESIAN_POINT('',(-0.0381457438270278,-0.0369787302884142,0.04));
#9551=CARTESIAN_POINT('',(-0.0381457438270278,-0.0369787302884142,0.05));
#9552=CARTESIAN_POINT('',(-0.0411457438270278,-0.0369787302884142,0.05));
#9553=CARTESIAN_POINT('',(-0.0421457438270278,-0.0369787302884142,0.05));
#9554=CARTESIAN_POINT('',(-0.0421457438270278,-0.0369787302884142,0.046));
#9555=CARTESIAN_POINT('',(-0.0421457438270278,-0.0369787302884142,0.04));
#9556=CARTESIAN_POINT('',(-0.0401457438270277,-0.0369787302884142,0.04));
#9557=CARTESIAN_POINT('',(-0.0381457438270278,-0.0369787302884142,0.0735));
#9558=CARTESIAN_POINT('',(-0.0381457438270278,-0.0369787302884142,0.076));
#9559=CARTESIAN_POINT('',(-0.0381457438270278,-0.0369787302884142,0.068));
#9560=CARTESIAN_POINT('',(-0.0411457438270278,-0.0369787302884142,0.076));
#9561=CARTESIAN_POINT('',(-0.0421457438270278,-0.0369787302884142,0.076));
#9562=CARTESIAN_POINT('',(-0.0421457438270278,-0.0369787302884142,0.0735));
#9563=CARTESIAN_POINT('',(-0.0421457438270278,-0.0369787302884142,0.068));
#9564=CARTESIAN_POINT('',(-0.0411457438270278,-0.0369787302884142,0.068));
#9565=CARTESIAN_POINT('',(-0.0101457438270278,-0.0369787302884142,0.089));
#9566=CARTESIAN_POINT('',(-0.0111457438270278,-0.0369787302884142,0.089));
#9567=CARTESIAN_POINT('',(-0.00614574382702778,-0.0369787302884142,0.089));
#9568=CARTESIAN_POINT('',(-0.00614574382702778,-0.0369787302884142,0.0945));
#9569=CARTESIAN_POINT('',(-0.00614574382702778,-0.0369787302884142,0.1));
#9570=CARTESIAN_POINT('',(-0.0101457438270278,-0.0369787302884142,0.1));
#9571=CARTESIAN_POINT('',(-0.0111457438270278,-0.0369787302884142,0.1));
#9572=CARTESIAN_POINT('',(-0.0111457438270278,-0.0369787302884142,0.0945));
#9573=CARTESIAN_POINT('',(-0.0141457438270278,-0.0312287302884142,0.042));
#9574=CARTESIAN_POINT('',(-0.0131457438270278,-0.0312287302884142,0.042));
#9575=CARTESIAN_POINT('',(-0.0131457438270278,-0.0332287302884142,0.042));
#9576=CARTESIAN_POINT('',(-0.0131457438270278,-0.0349787302884142,0.042));
#9577=CARTESIAN_POINT('',(-0.0141457438270278,-0.0332287302884142,0.042));
#9578=CARTESIAN_POINT('',(-0.0151457438270278,-0.0332287302884142,0.042));
#9579=CARTESIAN_POINT('',(-0.0151457438270278,-0.0312287302884142,0.042));
#9580=CARTESIAN_POINT('',(-0.0151457438270278,-0.0349787302884142,0.042));
#9581=CARTESIAN_POINT('',(-0.0141457438270278,-0.0349787302884142,0.042));
#9582=CARTESIAN_POINT('',(-0.0131457438270278,-0.0312287302884142,0.046));
#9583=CARTESIAN_POINT('',(-0.0131457438270278,-0.0312287302884142,0.05));
#9584=CARTESIAN_POINT('',(-0.0131457438270278,-0.0332287302884142,0.05));
#9585=CARTESIAN_POINT('',(-0.0131457438270278,-0.0349787302884142,0.05));
#9586=CARTESIAN_POINT('',(-0.0131457438270278,-0.0332287302884142,0.046));
#9587=CARTESIAN_POINT('',(-0.0131457438270278,-0.0349787302884142,0.046));
#9588=CARTESIAN_POINT('',(-0.0401457438270278,-0.0312287302884142,0.046));
#9589=CARTESIAN_POINT('',(-0.0401457438270278,-0.0332287302884142,0.046));
#9590=CARTESIAN_POINT('',(-0.0401457438270277,-0.0332287302884142,0.05));
#9591=CARTESIAN_POINT('',(-0.0401457438270278,-0.0332287302884142,0.042));
#9592=CARTESIAN_POINT('',(-0.0401457438270277,-0.0312287302884142,0.05));
#9593=CARTESIAN_POINT('',(-0.0401457438270277,-0.0349787302884142,0.05));
#9594=CARTESIAN_POINT('',(-0.0401457438270278,-0.0349787302884142,0.046));
#9595=CARTESIAN_POINT('',(-0.0401457438270278,-0.0349787302884142,0.042));
#9596=CARTESIAN_POINT('',(-0.0401457438270278,-0.0312287302884142,0.042));
#9597=CARTESIAN_POINT('',(-0.0391457438270278,-0.0312287302884142,0.042));
#9598=CARTESIAN_POINT('',(-0.0391457438270278,-0.0332287302884142,0.042));
#9599=CARTESIAN_POINT('',(-0.0381457438270278,-0.0332287302884142,0.042));
#9600=CARTESIAN_POINT('',(-0.0391457438270278,-0.0349787302884142,0.042));
#9601=CARTESIAN_POINT('',(-0.0381457438270278,-0.0349787302884142,0.042));
#9602=CARTESIAN_POINT('',(-0.0381457438270278,-0.0312287302884142,0.042));
#9603=CARTESIAN_POINT('',(-0.0401457438270278,-0.0312287302884142,0.0735));
#9604=CARTESIAN_POINT('',(-0.0401457438270277,-0.0312287302884142,0.068));
#9605=CARTESIAN_POINT('',(-0.0401457438270277,-0.0332287302884142,0.068));
#9606=CARTESIAN_POINT('',(-0.0401457438270277,-0.0349787302884142,0.068));
#9607=CARTESIAN_POINT('',(-0.0401457438270278,-0.0332287302884142,0.0735));
#9608=CARTESIAN_POINT('',(-0.0401457438270278,-0.0332287302884142,0.076));
#9609=CARTESIAN_POINT('',(-0.0401457438270278,-0.0312287302884142,0.076));
#9610=CARTESIAN_POINT('',(-0.0401457438270278,-0.0349787302884142,0.076));
#9611=CARTESIAN_POINT('',(-0.0401457438270278,-0.0349787302884142,0.0735));
#9612=CARTESIAN_POINT('',(-0.0131457438270278,-0.0312287302884142,0.0695));
#9613=CARTESIAN_POINT('',(-0.0131457438270278,-0.0332287302884142,0.0735));
#9614=CARTESIAN_POINT('',(-0.0131457438270278,-0.0332287302884142,0.068));
#9615=CARTESIAN_POINT('',(-0.0131457438270278,-0.0332287302884142,0.076));
#9616=CARTESIAN_POINT('',(-0.0131457438270278,-0.0312287302884142,0.068));
#9617=CARTESIAN_POINT('',(-0.0131457438270278,-0.0349787302884142,0.068));
#9618=CARTESIAN_POINT('',(-0.0131457438270278,-0.0349787302884142,0.0735));
#9619=CARTESIAN_POINT('',(-0.0131457438270278,-0.0349787302884142,0.076));
#9620=CARTESIAN_POINT('',(-0.0131457438270278,-0.0312287302884142,0.076));
#9621=CARTESIAN_POINT('',(-0.00314574477735266,-0.0389787302884142,0.004));
#9622=CARTESIAN_POINT('',(-0.00314574477735266,-0.0389787302884142,0.004));
#9623=CARTESIAN_POINT('',(-0.00214574477735266,-0.0389787302884142,0.004));
#9624=CARTESIAN_POINT('',(-0.00314574477735266,-0.0389787302884142,0.024));
#9625=CARTESIAN_POINT('',(-0.00214574477735266,-0.0389787302884142,0.024));
#9626=CARTESIAN_POINT('',(0.0618542552226474,-0.0389787302884142,0.004));
#9627=CARTESIAN_POINT('',(0.0618542552226474,-0.0389787302884142,0.004));
#9628=CARTESIAN_POINT('',(0.0628542552226474,-0.0389787302884142,0.004));
#9629=CARTESIAN_POINT('',(0.0618542552226474,-0.0389787302884142,0.024));
#9630=CARTESIAN_POINT('',(0.0628542552226474,-0.0389787302884142,0.024));
#9631=CARTESIAN_POINT('',(0.0328542552226474,-0.0389787302884142,0.004));
#9632=CARTESIAN_POINT('',(0.0328542552226474,-0.0389787302884142,0.004));
#9633=CARTESIAN_POINT('',(0.0338542552226474,-0.0389787302884142,0.004));
#9634=CARTESIAN_POINT('',(0.0328542552226474,-0.0389787302884142,0.024));
#9635=CARTESIAN_POINT('',(0.0338542552226474,-0.0389787302884142,0.024));
#9636=CARTESIAN_POINT('',(-0.0321457447773527,-0.0389787302884142,0.004));
#9637=CARTESIAN_POINT('',(-0.0321457447773527,-0.0389787302884142,0.004));
#9638=CARTESIAN_POINT('',(-0.0311457447773527,-0.0389787302884142,0.004));
#9639=CARTESIAN_POINT('',(-0.0321457447773527,-0.0389787302884142,0.024));
#9640=CARTESIAN_POINT('',(-0.0311457447773527,-0.0389787302884142,0.024));
#9641=CARTESIAN_POINT('',(-0.0608957447773526,-0.0376037302884142,0.004));
#9642=CARTESIAN_POINT('',(-0.0608957447773526,-0.0376037302884142,0.12));
#9643=CARTESIAN_POINT('',(-0.0608957447773526,-0.0382287302884142,0.12));
#9644=CARTESIAN_POINT('',(-0.0608957447773526,-0.0376037302884142,0.004));
#9645=CARTESIAN_POINT('',(-0.0608957447773526,-0.0382287302884142,0.004));
#9646=CARTESIAN_POINT('',(-0.0608957447773526,-0.0382287302884142,0.004));
#9647=CARTESIAN_POINT('',(-0.0618957447773526,-0.0382287302884142,0.004));
#9648=CARTESIAN_POINT('',(-0.0618957447773526,-0.0382287302884142,0.12));
#9649=CARTESIAN_POINT('',(-0.0628957447773526,-0.0382287302884142,0.12));
#9650=CARTESIAN_POINT('',(-0.0618957447773526,-0.0382287302884142,0.004));
#9651=CARTESIAN_POINT('',(-0.0628957447773526,-0.0382287302884142,0.004));
#9652=CARTESIAN_POINT('',(-0.0628957447773526,-0.0382287302884142,0.004));
#9653=CARTESIAN_POINT('',(-0.0628957447773526,-0.0389787302884142,0.004));
#9654=CARTESIAN_POINT('',(-0.0628957447773526,-0.0389787302884142,0.12));
#9655=CARTESIAN_POINT('',(-0.0628957447773526,-0.0397287302884142,0.12));
#9656=CARTESIAN_POINT('',(-0.0628957447773526,-0.0389787302884142,0.004));
#9657=CARTESIAN_POINT('',(-0.0628957447773526,-0.0397287302884142,0.004));
#9658=CARTESIAN_POINT('',(-0.0628957447773526,-0.0397287302884142,0.004));
#9659=CARTESIAN_POINT('',(-0.0618957447773526,-0.0397287302884142,0.004));
#9660=CARTESIAN_POINT('',(-0.0618957447773526,-0.0397287302884142,0.12));
#9661=CARTESIAN_POINT('',(-0.0608957447773527,-0.0397287302884142,0.12));
#9662=CARTESIAN_POINT('',(-0.0618957447773526,-0.0397287302884142,0.004));
#9663=CARTESIAN_POINT('',(-0.0608957447773527,-0.0397287302884142,0.004));
#9664=CARTESIAN_POINT('',(-0.0608957447773527,-0.0397287302884142,0.004));
#9665=CARTESIAN_POINT('',(-0.0608957447773527,-0.0403537302884142,0.004));
#9666=CARTESIAN_POINT('',(-0.0608957447773527,-0.0403537302884142,0.12));
#9667=CARTESIAN_POINT('',(-0.0608957447773527,-0.0409787302884142,0.12));
#9668=CARTESIAN_POINT('',(-0.0608957447773527,-0.0403537302884142,0.004));
#9669=CARTESIAN_POINT('',(-0.0608957447773527,-0.0409787302884142,0.004));
#9670=CARTESIAN_POINT('',(-0.0608957447773527,-0.0409787302884142,0.004));
#9671=CARTESIAN_POINT('',(0.0148542552226474,-0.0409787302884142,0.004));
#9672=CARTESIAN_POINT('',(0.0806042552226473,-0.0409787302884142,0.08));
#9673=CARTESIAN_POINT('',(0.0806042552226473,-0.0409787302884142,0.076));
#9674=CARTESIAN_POINT('',(-0.0508957447773526,-0.0409787302884142,0.08));
#9675=CARTESIAN_POINT('',(-0.0508957447773526,-0.0409787302884142,0.076));
#9676=CARTESIAN_POINT('',(0.0148542552226474,-0.0409787302884142,0.12));
#9677=CARTESIAN_POINT('',(0.0906042552226473,-0.0409787302884142,0.12));
#9678=CARTESIAN_POINT('',(0.0148542552226474,-0.0409787302884142,0.004));
#9679=CARTESIAN_POINT('',(0.0906042552226473,-0.0409787302884142,0.004));
#9680=CARTESIAN_POINT('',(0.0906042552226473,-0.0409787302884142,0.004));
#9681=CARTESIAN_POINT('',(0.0906042552226474,-0.0403537302884142,0.004));
#9682=CARTESIAN_POINT('',(0.0906042552226474,-0.0403537302884142,0.12));
#9683=CARTESIAN_POINT('',(0.0906042552226473,-0.0397287302884142,0.12));
#9684=CARTESIAN_POINT('',(0.0906042552226474,-0.0403537302884142,0.004));
#9685=CARTESIAN_POINT('',(0.0906042552226473,-0.0397287302884142,0.004));
#9686=CARTESIAN_POINT('',(0.0906042552226473,-0.0397287302884142,0.004));
#9687=CARTESIAN_POINT('',(0.0916042552226473,-0.0397287302884142,0.004));
#9688=CARTESIAN_POINT('',(0.0916042552226473,-0.0397287302884142,0.12));
#9689=CARTESIAN_POINT('',(0.0926042552226474,-0.0397287302884142,0.12));
#9690=CARTESIAN_POINT('',(0.0916042552226473,-0.0397287302884142,0.004));
#9691=CARTESIAN_POINT('',(0.0926042552226474,-0.0397287302884142,0.004));
#9692=CARTESIAN_POINT('',(0.0926042552226474,-0.0397287302884142,0.004));
#9693=CARTESIAN_POINT('',(0.0926042552226474,-0.0389787302884142,0.004));
#9694=CARTESIAN_POINT('',(0.0926042552226474,-0.0389787302884142,0.12));
#9695=CARTESIAN_POINT('',(0.0926042552226474,-0.0382287302884142,0.12));
#9696=CARTESIAN_POINT('',(0.0926042552226474,-0.0389787302884142,0.004));
#9697=CARTESIAN_POINT('',(0.0926042552226474,-0.0382287302884142,0.004));
#9698=CARTESIAN_POINT('',(0.0926042552226474,-0.0382287302884142,0.004));
#9699=CARTESIAN_POINT('',(0.0916042552226473,-0.0382287302884142,0.004));
#9700=CARTESIAN_POINT('',(0.0916042552226473,-0.0382287302884142,0.12));
#9701=CARTESIAN_POINT('',(0.0906042552226473,-0.0382287302884142,0.12));
#9702=CARTESIAN_POINT('',(0.0916042552226473,-0.0382287302884142,0.004));
#9703=CARTESIAN_POINT('',(0.0906042552226473,-0.0382287302884142,0.004));
#9704=CARTESIAN_POINT('',(0.0906042552226473,-0.0382287302884142,0.004));
#9705=CARTESIAN_POINT('',(0.0906042552226474,-0.0376037302884142,0.004));
#9706=CARTESIAN_POINT('',(0.0906042552226474,-0.0376037302884142,0.12));
#9707=CARTESIAN_POINT('',(0.0906042552226474,-0.0376037302884142,0.004));
#9708=CARTESIAN_POINT('',(0.0148542552226474,0.0790212697115858,0.004));
#9709=CARTESIAN_POINT('',(0.0148542552226474,0.0790212697115858,0.12));
#9710=CARTESIAN_POINT('',(0.0148542552226474,0.0790212697115858,0.024));
#9711=CARTESIAN_POINT('',(0.0148542552226474,0.0790212697115858,0.024));
#9712=CARTESIAN_POINT('',(0.0148542552226474,0.0790212697115858,0.024));
#9713=CARTESIAN_POINT('',(0.0148542552226474,0.0790212697115858,0.024));
#9714=CARTESIAN_POINT('',(-0.0121457438270278,-0.0312287302884142,0.05));
#9715=CARTESIAN_POINT('',(-0.0111457438270278,-0.0312287302884142,0.05));
#9716=CARTESIAN_POINT('',(-0.0111457438270278,-0.0312287302884142,0.05));
#9717=CARTESIAN_POINT('',(-0.0121457438270278,-0.0312287302884142,0.05));
#9718=CARTESIAN_POINT('',(-0.0151457438270278,-0.0312287302884142,0.05));
#9719=CARTESIAN_POINT('',(-0.0151457438270278,-0.0312287302884142,0.05));
#9720=CARTESIAN_POINT('',(-0.0151457438270278,-0.0332287302884142,0.05));
#9721=CARTESIAN_POINT('',(-0.0141457438270278,-0.0332287302884142,0.05));
#9722=CARTESIAN_POINT('',(-0.0141457438270278,-0.0349787302884142,0.05));
#9723=CARTESIAN_POINT('',(-0.0151457438270278,-0.0349787302884142,0.05));
#9724=CARTESIAN_POINT('',(-0.0151457438270278,-0.0349787302884142,0.05));
#9725=CARTESIAN_POINT('',(-0.0131457438270278,-0.0312287302884142,0.04));
#9726=CARTESIAN_POINT('',(-0.0151457438270277,-0.0312287302884142,0.04));
#9727=CARTESIAN_POINT('',(-0.0151457438270277,-0.0312287302884142,0.04));
#9728=CARTESIAN_POINT('',(-0.0131457438270278,-0.0312287302884142,0.04));
#9729=CARTESIAN_POINT('',(-0.0111457438270278,-0.0312287302884142,0.04));
#9730=CARTESIAN_POINT('',(-0.0111457438270278,-0.0292287302884142,0.04));
#9731=CARTESIAN_POINT('',(-0.0111457438270278,-0.0292287302884142,0.04));
#9732=CARTESIAN_POINT('',(-0.00864574382702778,-0.0292287302884142,0.04));
#9733=CARTESIAN_POINT('',(-0.00614574382702778,-0.0292287302884142,0.04));
#9734=CARTESIAN_POINT('',(-0.00614574382702778,-0.0292287302884142,0.04));
#9735=CARTESIAN_POINT('',(-0.0151457438270277,-0.0312287302884142,0.041));
#9736=CARTESIAN_POINT('',(-0.0151457438270277,-0.0349787302884142,0.046));
#9737=CARTESIAN_POINT('',(-0.0151457438270277,-0.0332287302884142,0.046));
#9738=CARTESIAN_POINT('',(-0.0151457438270277,-0.0312287302884142,0.041));
#9739=CARTESIAN_POINT('',(0.0298542556978098,-0.0312287302884142,0.0382310735901296));
#9740=CARTESIAN_POINT('',(-0.0111457438270278,-0.0312287302884142,0.041));
#9741=CARTESIAN_POINT('',(-0.0411457438270278,-0.0312287302884142,0.05));
#9742=CARTESIAN_POINT('',(-0.0381457438270278,-0.0349787302884142,0.05));
#9743=CARTESIAN_POINT('',(-0.0381457438270278,-0.0349787302884142,0.05));
#9744=CARTESIAN_POINT('',(-0.0391457438270278,-0.0349787302884142,0.05));
#9745=CARTESIAN_POINT('',(-0.0391457438270278,-0.0332287302884142,0.05));
#9746=CARTESIAN_POINT('',(-0.0381457438270278,-0.0332287302884142,0.05));
#9747=CARTESIAN_POINT('',(-0.0381457438270278,-0.0312287302884142,0.05));
#9748=CARTESIAN_POINT('',(-0.0381457438270278,-0.0312287302884142,0.05));
#9749=CARTESIAN_POINT('',(-0.0411457438270278,-0.0312287302884142,0.05));
#9750=CARTESIAN_POINT('',(-0.0421457438270278,-0.0312287302884142,0.05));
#9751=CARTESIAN_POINT('',(-0.0421457438270278,-0.0312287302884142,0.05));
#9752=CARTESIAN_POINT('',(-0.0381457438270278,-0.0312287302884142,0.041));
#9753=CARTESIAN_POINT('',(-0.0381457438270278,-0.0312287302884142,0.04));
#9754=CARTESIAN_POINT('',(-0.0381457438270278,-0.0312287302884142,0.04));
#9755=CARTESIAN_POINT('',(-0.0381457438270278,-0.0312287302884142,0.041));
#9756=CARTESIAN_POINT('',(-0.0381457438270278,-0.0332287302884142,0.046));
#9757=CARTESIAN_POINT('',(-0.0381457438270278,-0.0349787302884142,0.046));
#9758=CARTESIAN_POINT('',(-0.0401457438270277,-0.0312287302884142,0.04));
#9759=CARTESIAN_POINT('',(-0.0421457438270278,-0.0312287302884142,0.04));
#9760=CARTESIAN_POINT('',(-0.0421457438270278,-0.0312287302884142,0.04));
#9761=CARTESIAN_POINT('',(-0.0401457438270277,-0.0312287302884142,0.04));
#9762=CARTESIAN_POINT('',(-0.0421457438270278,-0.0312287302884142,0.046));
#9763=CARTESIAN_POINT('',(-0.0421457438270278,-0.0312287302884142,0.046));
#9764=CARTESIAN_POINT('',(0.0298542556978098,-0.0312287302884142,0.0382310735901296));
#9765=CARTESIAN_POINT('',(-0.0411457438270278,-0.0312287302884142,0.068));
#9766=CARTESIAN_POINT('',(-0.0421457438270278,-0.0312287302884142,0.068));
#9767=CARTESIAN_POINT('',(-0.0421457438270278,-0.0312287302884142,0.068));
#9768=CARTESIAN_POINT('',(-0.0411457438270278,-0.0312287302884142,0.068));
#9769=CARTESIAN_POINT('',(-0.0381457438270278,-0.0312287302884142,0.068));
#9770=CARTESIAN_POINT('',(-0.0381457438270278,-0.0312287302884142,0.068));
#9771=CARTESIAN_POINT('',(-0.0381457438270278,-0.0332287302884142,0.068));
#9772=CARTESIAN_POINT('',(-0.0391457438270278,-0.0332287302884142,0.068));
#9773=CARTESIAN_POINT('',(-0.0391457438270278,-0.0349787302884142,0.068));
#9774=CARTESIAN_POINT('',(-0.0381457438270278,-0.0349787302884142,0.068));
#9775=CARTESIAN_POINT('',(-0.0381457438270278,-0.0349787302884142,0.068));
#9776=CARTESIAN_POINT('',(-0.0421457438270278,-0.0312287302884142,0.0735));
#9777=CARTESIAN_POINT('',(-0.0421457438270278,-0.0312287302884142,0.076));
#9778=CARTESIAN_POINT('',(-0.0421457438270278,-0.0312287302884142,0.076));
#9779=CARTESIAN_POINT('',(-0.0421457438270278,-0.0312287302884142,0.0735));
#9780=CARTESIAN_POINT('',(-0.0411457438270278,-0.0312287302884142,0.076));
#9781=CARTESIAN_POINT('',(-0.0381457438270278,-0.0349787302884142,0.076));
#9782=CARTESIAN_POINT('',(-0.0381457438270278,-0.0349787302884142,0.076));
#9783=CARTESIAN_POINT('',(-0.0391457438270278,-0.0349787302884142,0.076));
#9784=CARTESIAN_POINT('',(-0.0391457438270278,-0.0332287302884142,0.076));
#9785=CARTESIAN_POINT('',(-0.0381457438270278,-0.0332287302884142,0.076));
#9786=CARTESIAN_POINT('',(-0.0381457438270278,-0.0312287302884142,0.076));
#9787=CARTESIAN_POINT('',(-0.0381457438270278,-0.0312287302884142,0.076));
#9788=CARTESIAN_POINT('',(-0.0411457438270278,-0.0312287302884142,0.076));
#9789=CARTESIAN_POINT('',(0.0298542556978098,-0.0312287302884142,0.0382310735901296));
#9790=CARTESIAN_POINT('',(-0.0381457438270278,-0.0312287302884142,0.0735));
#9791=CARTESIAN_POINT('',(-0.0121457438270278,-0.0312287302884142,0.068));
#9792=CARTESIAN_POINT('',(-0.0151457438270277,-0.0349787302884142,0.068));
#9793=CARTESIAN_POINT('',(-0.0151457438270277,-0.0349787302884142,0.068));
#9794=CARTESIAN_POINT('',(-0.0141457438270278,-0.0349787302884142,0.068));
#9795=CARTESIAN_POINT('',(-0.0141457438270278,-0.0332287302884142,0.068));
#9796=CARTESIAN_POINT('',(-0.0151457438270277,-0.0332287302884142,0.068));
#9797=CARTESIAN_POINT('',(-0.0151457438270277,-0.0312287302884142,0.068));
#9798=CARTESIAN_POINT('',(-0.0151457438270277,-0.0312287302884142,0.068));
#9799=CARTESIAN_POINT('',(-0.0121457438270278,-0.0312287302884142,0.068));
#9800=CARTESIAN_POINT('',(-0.0111457438270278,-0.0312287302884142,0.068));
#9801=CARTESIAN_POINT('',(-0.0111457438270278,-0.0312287302884142,0.068));
#9802=CARTESIAN_POINT('',(-0.0121457438270278,-0.0312287302884142,0.076));
#9803=CARTESIAN_POINT('',(-0.0111457438270278,-0.0312287302884142,0.076));
#9804=CARTESIAN_POINT('',(-0.0111457438270278,-0.0312287302884142,0.076));
#9805=CARTESIAN_POINT('',(-0.0121457438270278,-0.0312287302884142,0.076));
#9806=CARTESIAN_POINT('',(-0.0151457438270277,-0.0312287302884142,0.076));
#9807=CARTESIAN_POINT('',(-0.0151457438270277,-0.0312287302884142,0.076));
#9808=CARTESIAN_POINT('',(-0.0151457438270277,-0.0332287302884142,0.076));
#9809=CARTESIAN_POINT('',(-0.0141457438270278,-0.0332287302884142,0.076));
#9810=CARTESIAN_POINT('',(-0.0141457438270278,-0.0349787302884142,0.076));
#9811=CARTESIAN_POINT('',(-0.0151457438270277,-0.0349787302884142,0.076));
#9812=CARTESIAN_POINT('',(-0.0151457438270277,-0.0349787302884142,0.076));
#9813=CARTESIAN_POINT('',(-0.0111457438270278,-0.0312287302884142,0.0695));
#9814=CARTESIAN_POINT('',(-0.0111457438270278,-0.0312287302884142,0.0695));
#9815=CARTESIAN_POINT('',(0.0298542556978098,-0.0312287302884142,0.0382310735901296));
#9816=CARTESIAN_POINT('',(-0.0151457438270277,-0.0312287302884142,0.0735));
#9817=CARTESIAN_POINT('',(-0.0381457438270278,-0.0349787302884142,0.0735));
#9818=CARTESIAN_POINT('',(-0.0381457438270278,-0.0349787302884142,0.0735));
#9819=CARTESIAN_POINT('',(0.0298542556978098,-0.0349787302884142,0.0382310735901296));
#9820=CARTESIAN_POINT('',(-0.0151457438270277,-0.0349787302884142,0.0735));
#9821=CARTESIAN_POINT('',(-0.0151457438270277,-0.0349787302884142,0.0735));
#9822=CARTESIAN_POINT('',(0.0298542556978098,-0.0349787302884142,0.0382310735901296));
#9823=CARTESIAN_POINT('',(0.0298542556978098,-0.0349787302884142,0.0382310735901296));
#9824=CARTESIAN_POINT('',(0.0298542556978098,-0.0349787302884142,0.0382310735901296));
#9825=CARTESIAN_POINT('',(-0.0151457438270277,-0.0312287302884142,0.0735));
#9826=CARTESIAN_POINT('',(-0.0151457438270277,-0.0332287302884142,0.0735));
#9827=CARTESIAN_POINT('',(0.0298542556978098,-0.0332287302884142,0.0382310735901296));
#9828=CARTESIAN_POINT('',(-0.0381457438270278,-0.0312287302884142,0.0735));
#9829=CARTESIAN_POINT('',(-0.0381457438270278,-0.0332287302884142,0.0735));
#9830=CARTESIAN_POINT('',(0.0298542556978098,-0.0332287302884142,0.0382310735901296));
#9831=CARTESIAN_POINT('',(0.0298542556978098,-0.0332287302884142,0.0382310735901296));
#9832=CARTESIAN_POINT('',(0.0298542556978098,-0.0332287302884142,0.0382310735901296));
#9833=CARTESIAN_POINT('',(0.0708542552226474,-0.0292287302884142,0.0945));
#9834=CARTESIAN_POINT('',(0.0708542552226474,-0.0292287302884142,0.089));
#9835=CARTESIAN_POINT('',(0.0708542552226474,-0.0292287302884142,0.089));
#9836=CARTESIAN_POINT('',(0.0708542552226474,-0.0292287302884142,0.0945));
#9837=CARTESIAN_POINT('',(0.0708542552226474,-0.0292287302884142,0.1));
#9838=CARTESIAN_POINT('',(0.0708542552226474,-0.0292287302884142,0.1));
#9839=CARTESIAN_POINT('',(0.0698542552226474,-0.0292287302884142,0.089));
#9840=CARTESIAN_POINT('',(0.0658542552226474,-0.0329787302884142,0.089));
#9841=CARTESIAN_POINT('',(0.0658542552226474,-0.0329787302884142,0.089));
#9842=CARTESIAN_POINT('',(0.0673542552226474,-0.0329787302884142,0.089));
#9843=CARTESIAN_POINT('',(0.0673542552226474,-0.0312287302884142,0.089));
#9844=CARTESIAN_POINT('',(0.0658542552226474,-0.0312287302884142,0.089));
#9845=CARTESIAN_POINT('',(0.0658542552226474,-0.0292287302884142,0.089));
#9846=CARTESIAN_POINT('',(0.0658542552226474,-0.0292287302884142,0.089));
#9847=CARTESIAN_POINT('',(0.0698542552226474,-0.0292287302884142,0.089));
#9848=CARTESIAN_POINT('',(0.0698542552226474,-0.0292287302884142,0.1));
#9849=CARTESIAN_POINT('',(0.0698542552226474,-0.0292287302884142,0.1));
#9850=CARTESIAN_POINT('',(0.0658542552226474,-0.0292287302884142,0.1));
#9851=CARTESIAN_POINT('',(0.0658542552226474,-0.0292287302884142,0.1));
#9852=CARTESIAN_POINT('',(0.0658542552226474,-0.0312287302884142,0.1));
#9853=CARTESIAN_POINT('',(0.0673542552226474,-0.0312287302884142,0.1));
#9854=CARTESIAN_POINT('',(0.0673542552226474,-0.0329787302884142,0.1));
#9855=CARTESIAN_POINT('',(0.0658542552226474,-0.0329787302884142,0.1));
#9856=CARTESIAN_POINT('',(0.0658542552226474,-0.0329787302884142,0.1));
#9857=CARTESIAN_POINT('',(0.0298542556978098,-0.0292287302884142,0.0382310735901296));
#9858=CARTESIAN_POINT('',(0.0658542552226474,-0.0292287302884142,0.0945));
#9859=CARTESIAN_POINT('',(-0.0111457438270278,-0.0292287302884142,0.041));
#9860=CARTESIAN_POINT('',(-0.0111457438270278,-0.0292287302884142,0.053));
#9861=CARTESIAN_POINT('',(-0.0111457438270278,-0.0292287302884142,0.053));
#9862=CARTESIAN_POINT('',(-0.0111457438270278,-0.0292287302884142,0.041));
#9863=CARTESIAN_POINT('',(-0.0101457438270278,-0.0292287302884142,0.053));
#9864=CARTESIAN_POINT('',(-0.00614574382702777,-0.0329787302884142,0.053));
#9865=CARTESIAN_POINT('',(-0.00614574382702777,-0.0329787302884142,0.053));
#9866=CARTESIAN_POINT('',(-0.00764574382702778,-0.0329787302884142,0.053));
#9867=CARTESIAN_POINT('',(-0.00764574382702778,-0.0312287302884142,0.053));
#9868=CARTESIAN_POINT('',(-0.00614574382702777,-0.0312287302884142,0.053));
#9869=CARTESIAN_POINT('',(-0.00614574382702777,-0.0292287302884142,0.053));
#9870=CARTESIAN_POINT('',(-0.00614574382702777,-0.0292287302884142,0.053));
#9871=CARTESIAN_POINT('',(-0.0101457438270278,-0.0292287302884142,0.053));
#9872=CARTESIAN_POINT('',(-0.00614574382702778,-0.0292287302884142,0.041));
#9873=CARTESIAN_POINT('',(-0.00614574382702778,-0.0292287302884142,0.041));
#9874=CARTESIAN_POINT('',(-0.00614574382702777,-0.0312287302884142,0.0475));
#9875=CARTESIAN_POINT('',(-0.00614574382702777,-0.0329787302884142,0.0475));
#9876=CARTESIAN_POINT('',(0.0298542556978098,-0.0292287302884142,0.0382310735901296));
#9877=CARTESIAN_POINT('',(0.0708542552226474,-0.0292287302884142,0.0475));
#9878=CARTESIAN_POINT('',(0.0708542552226474,-0.0292287302884142,0.04));
#9879=CARTESIAN_POINT('',(0.0708542552226474,-0.0292287302884142,0.04));
#9880=CARTESIAN_POINT('',(0.0708542552226474,-0.0292287302884142,0.0475));
#9881=CARTESIAN_POINT('',(0.0708542552226474,-0.0292287302884142,0.053));
#9882=CARTESIAN_POINT('',(0.0708542552226474,-0.0292287302884142,0.053));
#9883=CARTESIAN_POINT('',(0.0683542552226474,-0.0292287302884142,0.04));
#9884=CARTESIAN_POINT('',(0.0658542552226474,-0.0292287302884142,0.04));
#9885=CARTESIAN_POINT('',(0.0658542552226474,-0.0292287302884142,0.04));
#9886=CARTESIAN_POINT('',(0.0683542552226474,-0.0292287302884142,0.04));
#9887=CARTESIAN_POINT('',(0.0658542552226474,-0.0292287302884142,0.041));
#9888=CARTESIAN_POINT('',(0.0658542552226474,-0.0329787302884142,0.053));
#9889=CARTESIAN_POINT('',(0.0658542552226474,-0.0329787302884142,0.053));
#9890=CARTESIAN_POINT('',(0.0658542552226474,-0.0329787302884142,0.0475));
#9891=CARTESIAN_POINT('',(0.0658542552226474,-0.0312287302884142,0.0475));
#9892=CARTESIAN_POINT('',(0.0658542552226474,-0.0312287302884142,0.053));
#9893=CARTESIAN_POINT('',(0.0658542552226474,-0.0292287302884142,0.053));
#9894=CARTESIAN_POINT('',(0.0658542552226474,-0.0292287302884142,0.053));
#9895=CARTESIAN_POINT('',(0.0658542552226474,-0.0292287302884142,0.041));
#9896=CARTESIAN_POINT('',(0.0698542552226474,-0.0292287302884142,0.053));
#9897=CARTESIAN_POINT('',(0.0698542552226474,-0.0292287302884142,0.053));
#9898=CARTESIAN_POINT('',(0.0673542552226474,-0.0312287302884142,0.053));
#9899=CARTESIAN_POINT('',(0.0673542552226474,-0.0329787302884142,0.053));
#9900=CARTESIAN_POINT('',(0.0298542556978098,-0.0292287302884142,0.0382310735901296));
#9901=CARTESIAN_POINT('',(-0.0101457438270278,-0.0292287302884142,0.089));
#9902=CARTESIAN_POINT('',(-0.0111457438270278,-0.0292287302884142,0.089));
#9903=CARTESIAN_POINT('',(-0.0111457438270278,-0.0292287302884142,0.089));
#9904=CARTESIAN_POINT('',(-0.0101457438270278,-0.0292287302884142,0.089));
#9905=CARTESIAN_POINT('',(-0.00614574382702778,-0.0292287302884142,0.089));
#9906=CARTESIAN_POINT('',(-0.00614574382702778,-0.0292287302884142,0.089));
#9907=CARTESIAN_POINT('',(-0.00614574382702778,-0.0312287302884142,0.089));
#9908=CARTESIAN_POINT('',(-0.00764574382702778,-0.0312287302884142,0.089));
#9909=CARTESIAN_POINT('',(-0.00764574382702778,-0.0329787302884142,0.089));
#9910=CARTESIAN_POINT('',(-0.00614574382702778,-0.0329787302884142,0.089));
#9911=CARTESIAN_POINT('',(-0.00614574382702778,-0.0329787302884142,0.089));
#9912=CARTESIAN_POINT('',(-0.0111457438270278,-0.0292287302884142,0.0945));
#9913=CARTESIAN_POINT('',(-0.0111457438270278,-0.0292287302884142,0.1));
#9914=CARTESIAN_POINT('',(-0.0111457438270278,-0.0292287302884142,0.1));
#9915=CARTESIAN_POINT('',(-0.0111457438270278,-0.0292287302884142,0.0945));
#9916=CARTESIAN_POINT('',(-0.0101457438270278,-0.0292287302884142,0.1));
#9917=CARTESIAN_POINT('',(-0.00614574382702778,-0.0329787302884142,0.1));
#9918=CARTESIAN_POINT('',(-0.00614574382702778,-0.0329787302884142,0.1));
#9919=CARTESIAN_POINT('',(-0.00764574382702778,-0.0329787302884142,0.1));
#9920=CARTESIAN_POINT('',(-0.00764574382702778,-0.0312287302884142,0.1));
#9921=CARTESIAN_POINT('',(-0.00614574382702778,-0.0312287302884142,0.1));
#9922=CARTESIAN_POINT('',(-0.00614574382702778,-0.0292287302884142,0.1));
#9923=CARTESIAN_POINT('',(-0.00614574382702778,-0.0292287302884142,0.1));
#9924=CARTESIAN_POINT('',(-0.0101457438270278,-0.0292287302884142,0.1));
#9925=CARTESIAN_POINT('',(0.0298542556978098,-0.0292287302884142,0.0382310735901296));
#9926=CARTESIAN_POINT('',(-0.00614574382702778,-0.0292287302884142,0.0945));
#9927=CARTESIAN_POINT('',(0.0658542552226474,-0.0329787302884142,0.0945));
#9928=CARTESIAN_POINT('',(0.0658542552226474,-0.0329787302884142,0.0945));
#9929=CARTESIAN_POINT('',(0.0298542556978098,-0.0329787302884142,0.0382310735901296));
#9930=CARTESIAN_POINT('',(-0.00614574382702778,-0.0329787302884142,0.0945));
#9931=CARTESIAN_POINT('',(-0.00614574382702778,-0.0329787302884142,0.0945));
#9932=CARTESIAN_POINT('',(0.0298542556978098,-0.0329787302884142,0.0382310735901296));
#9933=CARTESIAN_POINT('',(0.0298542556978098,-0.0329787302884142,0.0382310735901296));
#9934=CARTESIAN_POINT('',(0.0298542556978098,-0.0329787302884142,0.0382310735901296));
#9935=CARTESIAN_POINT('',(-0.00614574382702778,-0.0292287302884142,0.0945));
#9936=CARTESIAN_POINT('',(-0.00614574382702778,-0.0312287302884142,0.0945));
#9937=CARTESIAN_POINT('',(0.0298542556978098,-0.0312287302884142,0.0382310735901296));
#9938=CARTESIAN_POINT('',(0.0298542556978098,-0.0312287302884142,0.0382310735901296));
#9939=CARTESIAN_POINT('',(0.0298542556978098,-0.0312287302884142,0.0382310735901296));
#9940=CARTESIAN_POINT('',(0.0658542552226474,-0.0292287302884142,0.0945));
#9941=CARTESIAN_POINT('',(0.0658542552226474,-0.0312287302884142,0.0945));
#9942=CARTESIAN_POINT('',(0.0298542556978098,-0.0312287302884142,0.0382310735901296));
#9943=CARTESIAN_POINT('',(-0.0508957447773526,-0.0619787302884142,0.08));
#9944=CARTESIAN_POINT('',(0.0806042552226473,-0.0619787302884142,0.08));
#9945=CARTESIAN_POINT('',(-0.0946042552226469,0.188996175924666,-0.0399850063954685));
#9946=CARTESIAN_POINT('',(-0.1415,0.187807335900752,-0.116006276107056));
#9947=CARTESIAN_POINT('',(-0.0555,0.187807335900752,-0.116006276107056));
#9948=CARTESIAN_POINT('',(-0.0147499999999871,0.209264133156199,-0.00300627610705495));
#9949=CARTESIAN_POINT('',(-0.0577499999999943,0.209264133156197,-0.00300627610705379));
#9950=CARTESIAN_POINT('',(-0.156,0.0600783502786586,-0.107256257979368));
#9951=CARTESIAN_POINT('',(-0.014749999999988,0.249264133156203,-0.00300627610705384));
#9952=CARTESIAN_POINT('',(-0.156,0.0600783502786575,-0.0122562579793678));
#9953=CARTESIAN_POINT('',(-0.0231457447773526,0.0470212697115858,0.00732456921398512));
#9954=CARTESIAN_POINT('',(-0.0231457447773527,0.0730212697115857,0.00732456921398511));
#9955=CARTESIAN_POINT('',(-0.00339574477735263,0.0730212697115858,0.00905247031862212));
#9956=CARTESIAN_POINT('',(-0.0188957447773527,0.0730212697115858,0.0076963960339703));
#9957=CARTESIAN_POINT('',(-0.00339574477735263,0.0470212697115858,0.00905247031862212));
#9958=CARTESIAN_POINT('',(-0.00339574477735263,0.0505212697115858,0.00905247031862212));
#9959=CARTESIAN_POINT('',(-0.0231457447773526,0.0505212697115858,0.00732456921398512));
#9960=CARTESIAN_POINT('',(-0.0188957447773527,0.0505212697115858,0.00769639603397029));
#9961=CARTESIAN_POINT('',(-0.0188957447773527,0.0470212697115858,0.0076963960339703));
#9962=CARTESIAN_POINT('',(-0.000981597274994629,-0.00197873028841424,0.00926368085715787));
#9963=CARTESIAN_POINT('',(0.00185425522264736,-0.00197873028841424,0.00951178580213322));
#9964=CARTESIAN_POINT('',(-0.00814574477735264,-0.00197873028841424,0.00863689916687398));
#9965=CARTESIAN_POINT('',(-0.00814574477735264,0.00652126971158576,0.00863689916687398));
#9966=CARTESIAN_POINT('',(-0.00814574477735264,0.0150212697115858,0.00863689916687398));
#9967=CARTESIAN_POINT('',(-0.000981597274994631,0.0150212697115858,0.00926368085715787));
#9968=CARTESIAN_POINT('',(0.00185425522264736,0.0150212697115858,0.00951178580213322));
#9969=CARTESIAN_POINT('',(0.00185425522264736,0.00652126971158576,0.00951178580213322));
#9970=CARTESIAN_POINT('',(-0.0231457447773526,0.0505212697115858,0.00732456921398512));
#9971=CARTESIAN_POINT('',(-0.0366457447773527,0.0505212697115858,0.00614347225638514));
#9972=CARTESIAN_POINT('',(-0.0333957447773527,0.0505212697115858,0.0064278104128444));
#9973=CARTESIAN_POINT('',(-0.0281648074874373,0.0420403324216705,0.006885458125327));
#9974=CARTESIAN_POINT('',(-0.00514574477735266,0.0190212697115858,0.00889936515745175));
#9975=CARTESIAN_POINT('',(-0.0281648074874373,-0.00399779299849892,0.006885458125327));
#9976=CARTESIAN_POINT('',(-0.0578246161414259,-0.0336576016524875,0.00429056110575491));
#9977=CARTESIAN_POINT('',(-0.0611457447773526,-0.0373952619612404,0.004));
#9978=CARTESIAN_POINT('',(-0.0561631248474832,-0.0369787302884142,0.00443592275852192));
#9979=CARTESIAN_POINT('',(-0.0231457447773526,-0.0369787302884142,0.00732456921398512));
#9980=CARTESIAN_POINT('',(0.0148542552226473,-0.0369787302884142,0.0106491384279702));
#9981=CARTESIAN_POINT('',(0.0148542552226474,0.0470212697115858,0.0106491384279702));
#9982=CARTESIAN_POINT('',(0.0148542552226474,0.0750212697115858,0.0106491384279702));
#9983=CARTESIAN_POINT('',(-0.0231457447773526,0.0750212697115858,0.00732456921398512));
#9984=CARTESIAN_POINT('',(-0.0561457447773526,0.0750212697115858,0.00443744331762962));
#9985=CARTESIAN_POINT('',(-0.0611457447773526,0.0750212697115858,0.004));
#9986=CARTESIAN_POINT('',(-0.0576102108714199,0.0714857358056531,0.00430931913628065));
#9987=CARTESIAN_POINT('',(-0.0281648074874373,0.0420403324216705,0.006885458125327));
#9988=CARTESIAN_POINT('',(-0.0488957447773527,0.0627712697115858,0.00507173612819257));
#9989=CARTESIAN_POINT('',(-0.0488957447773527,0.0470212697115858,0.00507173612819257));
#9990=CARTESIAN_POINT('',(-0.0488957447773527,0.0730212697115858,0.00507173612819257));
#9991=CARTESIAN_POINT('',(-0.0231457447773526,0.0730212697115858,0.00732456921398512));
#9992=CARTESIAN_POINT('',(-0.0333957447773527,0.0730212697115858,0.0064278104128444));
#9993=CARTESIAN_POINT('',(-0.0333957447773527,0.0470212697115858,0.0064278104128444));
#9994=CARTESIAN_POINT('',(-0.0231457447773526,0.0470212697115858,0.00644968257872587));
#9995=CARTESIAN_POINT('',(-0.0231457447773526,0.0505212697115858,0.00614347225638514));
#9996=CARTESIAN_POINT('',(-0.0488957447773527,0.0505212697115858,0.00614347225638514));
#9997=CARTESIAN_POINT('',(-0.0488957447773527,0.0470212697115858,0.00644968257872587));
#9998=CARTESIAN_POINT('',(-0.0611457447773526,0.0750212697115858,0.004));
#9999=CARTESIAN_POINT('',(-0.0611457447773526,0.0700212697115858,0.00443744331762962));
#10000=CARTESIAN_POINT('',(-0.0611457447773526,0.0470212697115858,0.00644968257872587));
#10001=CARTESIAN_POINT('',(-0.0611457447773526,0.0190212697115857,0.00889936515745175));
#10002=CARTESIAN_POINT('',(-0.0231457447773526,0.0190212697115858,0.00889936515745175));
#10003=CARTESIAN_POINT('',(-0.0611457447773526,0.0190212697115858,0.12));
#10004=CARTESIAN_POINT('',(-0.0611457447773526,-0.0233205534767283,0.079));
#10005=CARTESIAN_POINT('',(-0.0611457447773526,-0.0193205534767283,0.079));
#10006=CARTESIAN_POINT('',(-0.0611457447773527,0.0566794465232717,0.079));
#10007=CARTESIAN_POINT('',(-0.0611457447773527,0.0606794465232717,0.079));
#10008=CARTESIAN_POINT('',(-0.0611457447773526,-0.029863867991279,0.04));
#10009=CARTESIAN_POINT('',(-0.0611457447773526,-0.024363867991279,0.04));
#10010=CARTESIAN_POINT('',(-0.0611457447773526,-0.0112287302884142,0.052));
#10011=CARTESIAN_POINT('',(-0.0611457447773526,-0.0124787302884142,0.052));
#10012=CARTESIAN_POINT('',(-0.0611457447773526,-0.00997873028841422,0.052));
#10013=CARTESIAN_POINT('',(-0.0611457447773526,-0.0124787302884142,0.051));
#10014=CARTESIAN_POINT('',(-0.0611457447773526,-0.0124787302884142,0.05));
#10015=CARTESIAN_POINT('',(-0.0611457447773526,-0.0157287302884142,0.05));
#10016=CARTESIAN_POINT('',(-0.0611457447773526,-0.0189787302884142,0.05));
#10017=CARTESIAN_POINT('',(-0.0611457447773526,-0.0189787302884142,0.0545));
#10018=CARTESIAN_POINT('',(-0.0611457447773526,-0.0189787302884142,0.059));
#10019=CARTESIAN_POINT('',(-0.0611457447773526,-0.0179787302884142,0.059));
#10020=CARTESIAN_POINT('',(-0.0611457447773526,-0.00997873028841423,0.059));
#10021=CARTESIAN_POINT('',(-0.0611457447773526,-0.00997873028841422,0.0555));
#10022=CARTESIAN_POINT('',(-0.0611457447773526,-0.00997873028841422,0.0915));
#10023=CARTESIAN_POINT('',(-0.0611457447773526,-0.00997873028841422,0.095));
#10024=CARTESIAN_POINT('',(-0.0611457447773526,-0.00997873028841422,0.088));
#10025=CARTESIAN_POINT('',(-0.0611457447773526,-0.0179787302884142,0.088));
#10026=CARTESIAN_POINT('',(-0.0611457447773526,-0.0189787302884143,0.088));
#10027=CARTESIAN_POINT('',(-0.0611457447773526,-0.0189787302884143,0.0925));
#10028=CARTESIAN_POINT('',(-0.0611457447773526,-0.0189787302884142,0.097));
#10029=CARTESIAN_POINT('',(-0.0611457447773526,-0.0157287302884142,0.097));
#10030=CARTESIAN_POINT('',(-0.0611457447773526,-0.0124787302884142,0.097));
#10031=CARTESIAN_POINT('',(-0.0611457447773526,-0.0124787302884142,0.096));
#10032=CARTESIAN_POINT('',(-0.0611457447773526,-0.0124787302884142,0.095));
#10033=CARTESIAN_POINT('',(-0.0611457447773526,-0.0112287302884142,0.095));
#10034=CARTESIAN_POINT('',(-0.0611457447773527,0.0700212697115858,0.02));
#10035=CARTESIAN_POINT('',(-0.0611457447773527,0.0700212697115858,0.));
#10036=CARTESIAN_POINT('',(-0.0611457447773526,0.0190212697115858,0.));
#10037=CARTESIAN_POINT('',(-0.0611457447773526,0.0750212697115858,0.));
#10038=CARTESIAN_POINT('',(-0.0611457447773526,0.0750212697115858,0.02));
#10039=CARTESIAN_POINT('',(-0.0611457447773526,0.0750212697115858,0.004));
#10040=CARTESIAN_POINT('',(-0.0611457447773526,0.0190212697115858,0.004));
#10041=CARTESIAN_POINT('',(-0.0611457447773526,0.0760212697115858,0.004));
#10042=CARTESIAN_POINT('',(-0.0611457447773526,0.0760212697115858,0.004));
#10043=CARTESIAN_POINT('',(-0.0611457447773526,0.0760212697115858,0.12));
#10044=CARTESIAN_POINT('',(-0.0611457447773526,0.0190212697115858,0.12));
#10045=CARTESIAN_POINT('',(-0.0611457447773526,-0.0379787302884142,0.12));
#10046=CARTESIAN_POINT('',(-0.0611457447773526,-0.0379787302884142,0.004));
#10047=CARTESIAN_POINT('',(-0.0611457447773526,-0.0379787302884142,0.004));
#10048=CARTESIAN_POINT('',(-0.0611457447773526,0.0190212697115858,0.004));
#10049=CARTESIAN_POINT('',(-0.0611457447773526,-0.0369787302884142,0.004));
#10050=CARTESIAN_POINT('',(-0.0611457447773526,-0.0369787302884142,0.02));
#10051=CARTESIAN_POINT('',(-0.0611457447773526,-0.0369787302884142,0.));
#10052=CARTESIAN_POINT('',(-0.0611457447773526,0.0190212697115858,0.));
#10053=CARTESIAN_POINT('',(-0.0611457447773526,-0.0323952619612404,0.));
#10054=CARTESIAN_POINT('',(-0.0611457447773526,-0.0323952619612404,0.02));
#10055=CARTESIAN_POINT('',(-0.0611457447773526,-0.0323952619612404,0.00440100151825785));
#10056=CARTESIAN_POINT('',(-0.0611457447773526,-0.00897873028841423,0.00644968257872587));
#10057=CARTESIAN_POINT('',(-0.0611457447773526,0.0360212697115858,0.051));
#10058=CARTESIAN_POINT('',(-0.0611457447773526,0.0360212697115858,0.059));
#10059=CARTESIAN_POINT('',(-0.0611457447773526,0.0360212697115858,0.05));
#10060=CARTESIAN_POINT('',(-0.0611457447773527,0.0440212697115858,0.059));
#10061=CARTESIAN_POINT('',(-0.0611457447773527,0.0450212697115858,0.059));
#10062=CARTESIAN_POINT('',(-0.0611457447773527,0.0450212697115858,0.0545));
#10063=CARTESIAN_POINT('',(-0.0611457447773527,0.0450212697115858,0.05));
#10064=CARTESIAN_POINT('',(-0.0611457447773527,0.0405212697115858,0.05));
#10065=CARTESIAN_POINT('',(-0.0611457447773527,0.0440212697115858,0.088));
#10066=CARTESIAN_POINT('',(-0.0611457447773526,0.0360212697115858,0.088));
#10067=CARTESIAN_POINT('',(-0.0611457447773526,0.0450212697115858,0.088));
#10068=CARTESIAN_POINT('',(-0.0611457447773526,0.0360212697115858,0.096));
#10069=CARTESIAN_POINT('',(-0.0611457447773526,0.0360212697115858,0.097));
#10070=CARTESIAN_POINT('',(-0.0611457447773527,0.0405212697115858,0.097));
#10071=CARTESIAN_POINT('',(-0.0611457447773526,0.0450212697115858,0.097));
#10072=CARTESIAN_POINT('',(-0.0611457447773527,0.0450212697115858,0.0925));
#10073=CARTESIAN_POINT('',(0.0528542552226474,-0.00897873028841422,0.00644968257872587));
#10074=CARTESIAN_POINT('',(0.0578733179327321,-0.00399779299849891,0.006885458125327));
#10075=CARTESIAN_POINT('',(0.0513542552226474,0.00252126971158579,0.007455802209274));
#10076=CARTESIAN_POINT('',(0.0873187213167146,-0.0334431963824815,0.00430931913628065));
#10077=CARTESIAN_POINT('',(0.0908542552226474,-0.0369787302884142,0.004));
#10078=CARTESIAN_POINT('',(0.0908542552226474,-0.0319787302884142,0.00443744331762963));
#10079=CARTESIAN_POINT('',(0.0908542552226474,-0.00897873028841422,0.00644968257872587));
#10080=CARTESIAN_POINT('',(0.0908542552226474,0.0190212697115858,0.00889936515745175));
#10081=CARTESIAN_POINT('',(0.0528542552226474,0.0190212697115858,0.00889936515745175));
#10082=CARTESIAN_POINT('',(0.0348542552226474,0.0190212697115858,0.00889936515745175));
#10083=CARTESIAN_POINT('',(0.0578733179327321,-0.00399779299849891,0.006885458125327));
#10084=CARTESIAN_POINT('',(0.0413542552226474,0.0125212697115858,0.00833068884453324));
#10085=CARTESIAN_POINT('',(0.0413542552226474,0.00879556100460525,0.00800473156907261));
#10086=CARTESIAN_POINT('',(0.0413542552226474,0.0150212697115858,0.00854941050334804));
#10087=CARTESIAN_POINT('',(0.0463542552226474,0.0150212697115858,0.00854941050334804));
#10088=CARTESIAN_POINT('',(0.0513542552226474,0.0150212697115858,0.00854941050334804));
#10089=CARTESIAN_POINT('',(0.0513542552226474,0.00879556100460524,0.00800473156907261));
#10090=CARTESIAN_POINT('',(0.0528542552226473,0.0470212697115858,0.00732456921398512));
#10091=CARTESIAN_POINT('',(0.0331042552226473,0.0470212697115858,0.00905247031862212));
#10092=CARTESIAN_POINT('',(0.0331042552226473,0.0505212697115858,0.00905247031862212));
#10093=CARTESIAN_POINT('',(0.0331042552226473,0.0730212697115858,0.00905247031862212));
#10094=CARTESIAN_POINT('',(0.0528542552226474,0.0730212697115858,0.00732456921398512));
#10095=CARTESIAN_POINT('',(0.0486042552226473,0.0730212697115858,0.0076963960339703));
#10096=CARTESIAN_POINT('',(0.0486042552226473,0.0470212697115858,0.0076963960339703));
#10097=CARTESIAN_POINT('',(0.0486042552226473,0.0505212697115858,0.0076963960339703));
#10098=CARTESIAN_POINT('',(0.0528542552226473,0.0505212697115858,0.00732456921398512));
#10099=CARTESIAN_POINT('',(0.0578733179327321,0.0420403324216705,0.006885458125327));
#10100=CARTESIAN_POINT('',(0.0663542552226474,0.0505212697115858,0.00614347225638514));
#10101=CARTESIAN_POINT('',(0.0528542552226473,0.0505212697115858,0.00732456921398512));
#10102=CARTESIAN_POINT('',(0.0631042552226473,0.0505212697115858,0.0064278104128444));
#10103=CARTESIAN_POINT('',(0.0631042552226473,0.0470212697115858,0.0064278104128444));
#10104=CARTESIAN_POINT('',(0.0631042552226473,0.0730212697115858,0.0064278104128444));
#10105=CARTESIAN_POINT('',(0.0528542552226473,0.0730212697115858,0.00732456921398512));
#10106=CARTESIAN_POINT('',(0.0786042552226473,0.0730212697115858,0.00507173612819258));
#10107=CARTESIAN_POINT('',(0.0786042552226473,0.0470212697115858,0.00507173612819258));
#10108=CARTESIAN_POINT('',(0.0786042552226473,0.0627712697115858,0.00507173612819258));
#10109=CARTESIAN_POINT('',(0.0578733179327321,0.0420403324216705,0.006885458125327));
#10110=CARTESIAN_POINT('',(0.0873187213167146,0.0714857358056531,0.00430931913628065));
#10111=CARTESIAN_POINT('',(0.0908542552226474,0.0750212697115858,0.004));
#10112=CARTESIAN_POINT('',(0.0858542552226474,0.0750212697115858,0.00443744331762962));
#10113=CARTESIAN_POINT('',(0.0528542552226473,0.0750212697115858,0.00732456921398512));
#10114=CARTESIAN_POINT('',(0.0528542552226474,-0.0369787302884142,0.00732456921398512));
#10115=CARTESIAN_POINT('',(0.0858542552226474,-0.0369787302884142,0.00443744331762962));
#10116=CARTESIAN_POINT('',(0.0908542552226474,-0.0369787302884142,0.004));
#10117=CARTESIAN_POINT('',(0.0513542552226474,0.00652126971158576,0.00745580220927401));
#10118=CARTESIAN_POINT('',(0.0513542552226474,-0.00197873028841424,0.00745580220927401));
#10119=CARTESIAN_POINT('',(0.0440875600531218,-0.00197873028841424,0.00809155565790608));
#10120=CARTESIAN_POINT('',(0.0413542552226474,-0.00197873028841424,0.00833068884453325));
#10121=CARTESIAN_POINT('',(0.0413542552226474,0.00652126971158577,0.00833068884453325));
#10122=CARTESIAN_POINT('',(-0.0225638462312052,0.0750212697115858,0.000673438396618705));
#10123=CARTESIAN_POINT('',(-0.0561457447773526,0.0750212697115858,0.02));
#10124=CARTESIAN_POINT('',(-0.0561457447773526,0.0750212697115858,0.004));
#10125=CARTESIAN_POINT('',(0.0858542552226474,0.0750212697115858,0.02));
#10126=CARTESIAN_POINT('',(0.0858542552226474,0.0750212697115858,0.004));
#10127=CARTESIAN_POINT('',(-0.0231457447773526,0.0750212697115858,0.004));
#10128=CARTESIAN_POINT('',(-0.0225638462312052,-0.0369787302884142,0.000673438396618705));
#10129=CARTESIAN_POINT('',(-0.0561631248474832,-0.0369787302884142,0.02));
#10130=CARTESIAN_POINT('',(-0.0561631248474832,-0.0369787302884142,0.004));
#10131=CARTESIAN_POINT('',(-0.0231457447773526,-0.0369787302884142,0.004));
#10132=CARTESIAN_POINT('',(0.0858542552226474,-0.0369787302884142,0.004));
#10133=CARTESIAN_POINT('',(0.0858542552226474,-0.0369787302884142,0.02));
#10134=CARTESIAN_POINT('',(0.0148542552226474,0.0190212697115858,0.004));
#10135=CARTESIAN_POINT('',(0.0618542552226474,-0.0389787302884142,0.004));
#10136=CARTESIAN_POINT('',(0.0626542552226474,-0.0389787302884142,0.004));
#10137=CARTESIAN_POINT('',(-0.00314574477735266,-0.0389787302884142,0.004));
#10138=CARTESIAN_POINT('',(-0.00234574477735266,-0.0389787302884142,0.004));
#10139=CARTESIAN_POINT('',(-0.0321457447773527,-0.0389787302884142,0.004));
#10140=CARTESIAN_POINT('',(-0.0313457447773526,-0.0389787302884142,0.004));
#10141=CARTESIAN_POINT('',(0.0328542552226474,-0.0389787302884142,0.004));
#10142=CARTESIAN_POINT('',(0.0336542552226474,-0.0389787302884142,0.004));
#10143=CARTESIAN_POINT('',(0.0908542552226474,0.0190212697115858,0.004));
#10144=CARTESIAN_POINT('',(0.0908542552226474,-0.0369787302884142,0.004));
#10145=CARTESIAN_POINT('',(0.0908542552226473,-0.0379787302884142,0.004));
#10146=CARTESIAN_POINT('',(-0.0231457447773526,-0.0369787302884142,0.004));
#10147=CARTESIAN_POINT('',(-0.0231457447773526,-0.0369787302884142,0.004));
#10148=CARTESIAN_POINT('',(-0.0621457447773526,-0.0379787302884142,0.004));
#10149=CARTESIAN_POINT('',(-0.0631457447773526,-0.0379787302884142,0.004));
#10150=CARTESIAN_POINT('',(-0.0631457447773526,-0.0389787302884142,0.004));
#10151=CARTESIAN_POINT('',(-0.0631457447773526,-0.0399787302884142,0.004));
#10152=CARTESIAN_POINT('',(-0.0621457447773527,-0.0399787302884142,0.004));
#10153=CARTESIAN_POINT('',(-0.0611457447773527,-0.0399787302884142,0.004));
#10154=CARTESIAN_POINT('',(-0.0611457447773527,-0.0404787302884142,0.004));
#10155=CARTESIAN_POINT('',(-0.0611457447773527,-0.0409787302884142,0.004));
#10156=CARTESIAN_POINT('',(0.0148542552226474,-0.0409787302884142,0.004));
#10157=CARTESIAN_POINT('',(0.0908542552226473,-0.0409787302884142,0.004));
#10158=CARTESIAN_POINT('',(0.0908542552226474,-0.0404787302884142,0.004));
#10159=CARTESIAN_POINT('',(0.0908542552226474,-0.0399787302884142,0.004));
#10160=CARTESIAN_POINT('',(0.0918542552226473,-0.0399787302884142,0.004));
#10161=CARTESIAN_POINT('',(0.0928542552226473,-0.0399787302884142,0.004));
#10162=CARTESIAN_POINT('',(0.0928542552226474,-0.0389787302884142,0.004));
#10163=CARTESIAN_POINT('',(0.0928542552226474,-0.0379787302884142,0.004));
#10164=CARTESIAN_POINT('',(0.0918542552226473,-0.0379787302884142,0.004));
#10165=CARTESIAN_POINT('',(0.0618542552226474,0.0770212697115858,0.004));
#10166=CARTESIAN_POINT('',(0.0618542552226474,0.0770212697115858,0.004));
#10167=CARTESIAN_POINT('',(0.0626542552226474,0.0770212697115858,0.004));
#10168=CARTESIAN_POINT('',(0.0618542552226474,0.0770212697115858,0.0235));
#10169=CARTESIAN_POINT('',(0.0626542552226474,0.0770212697115858,0.0235));
#10170=CARTESIAN_POINT('',(-0.0321457447773527,0.0770212697115858,0.004));
#10171=CARTESIAN_POINT('',(-0.0321457447773527,0.0770212697115858,0.004));
#10172=CARTESIAN_POINT('',(-0.0313457447773526,0.0770212697115858,0.004));
#10173=CARTESIAN_POINT('',(-0.0321457447773527,0.0770212697115858,0.0235));
#10174=CARTESIAN_POINT('',(-0.0313457447773526,0.0770212697115858,0.0235));
#10175=CARTESIAN_POINT('',(-0.00314574477735266,0.0770212697115858,0.004));
#10176=CARTESIAN_POINT('',(-0.00314574477735266,0.0770212697115858,0.004));
#10177=CARTESIAN_POINT('',(-0.00234574477735266,0.0770212697115858,0.004));
#10178=CARTESIAN_POINT('',(-0.00314574477735266,0.0770212697115858,0.0235));
#10179=CARTESIAN_POINT('',(-0.00234574477735266,0.0770212697115858,0.0235));
#10180=CARTESIAN_POINT('',(0.0328542552226474,0.0770212697115858,0.004));
#10181=CARTESIAN_POINT('',(0.0328542552226474,0.0770212697115858,0.004));
#10182=CARTESIAN_POINT('',(0.0336542552226474,0.0770212697115858,0.004));
#10183=CARTESIAN_POINT('',(0.0328542552226474,0.0770212697115858,0.0235));
#10184=CARTESIAN_POINT('',(0.0336542552226474,0.0770212697115858,0.0235));
#10185=CARTESIAN_POINT('',(0.0618542552226474,-0.0389787302884142,0.004));
#10186=CARTESIAN_POINT('',(0.0618542552226474,-0.0389787302884142,0.0235));
#10187=CARTESIAN_POINT('',(0.0626542552226474,-0.0389787302884142,0.0235));
#10188=CARTESIAN_POINT('',(-0.00314574477735266,-0.0389787302884142,0.004));
#10189=CARTESIAN_POINT('',(-0.00314574477735266,-0.0389787302884142,0.0235));
#10190=CARTESIAN_POINT('',(-0.00234574477735266,-0.0389787302884142,0.0235));
#10191=CARTESIAN_POINT('',(-0.0321457447773527,-0.0389787302884142,0.004));
#10192=CARTESIAN_POINT('',(-0.0321457447773527,-0.0389787302884142,0.0235));
#10193=CARTESIAN_POINT('',(-0.0313457447773526,-0.0389787302884142,0.0235));
#10194=CARTESIAN_POINT('',(0.0328542552226474,-0.0389787302884142,0.004));
#10195=CARTESIAN_POINT('',(0.0328542552226474,-0.0389787302884142,0.0235));
#10196=CARTESIAN_POINT('',(0.0336542552226474,-0.0389787302884142,0.0235));
#10197=CARTESIAN_POINT('',(-0.0631457447773527,0.0790212697115858,0.12));
#10198=CARTESIAN_POINT('',(-0.0631457447773527,0.0790212697115858,0.004));
#10199=CARTESIAN_POINT('',(-0.0611457447773526,0.0790212697115858,0.004));
#10200=CARTESIAN_POINT('',(0.0908542552226474,0.0790212697115858,0.004));
#10201=CARTESIAN_POINT('',(0.0908542552226474,0.0790212697115858,0.004));
#10202=CARTESIAN_POINT('',(0.0908542552226474,0.0790212697115858,0.12));
#10203=CARTESIAN_POINT('',(-0.0631457447773527,0.0790212697115858,0.12));
#10204=CARTESIAN_POINT('',(0.0948542552226474,0.0790212697115858,0.12));
#10205=CARTESIAN_POINT('',(0.0948542552226474,0.0790212697115858,0.12));
#10206=CARTESIAN_POINT('',(0.0948542552226474,0.0790212697115858,0.));
#10207=CARTESIAN_POINT('',(-0.0631457447773527,0.0790212697115858,0.));
#10208=CARTESIAN_POINT('',(-0.0651457447773527,0.0790212697115858,0.));
#10209=CARTESIAN_POINT('',(-0.0651457447773527,0.0790212697115858,0.12));
#10210=CARTESIAN_POINT('',(-0.0651457447773527,0.0790212697115858,0.12));
#10211=CARTESIAN_POINT('',(-0.0631457447773527,0.0790212697115858,0.12));
#10212=CARTESIAN_POINT('',(-0.0611457447773526,0.0790212697115858,0.12));
#10213=CARTESIAN_POINT('',(-0.0611457447773526,0.0790212697115858,0.004));
#10214=CARTESIAN_POINT('',(0.0148542552226474,0.0190212697115858,0.12));
#10215=CARTESIAN_POINT('',(0.0908542552226474,0.0785212697115858,0.12));
#10216=CARTESIAN_POINT('',(0.0908542552226473,0.0780212697115858,0.12));
#10217=CARTESIAN_POINT('',(0.0918542552226473,0.0780212697115858,0.12));
#10218=CARTESIAN_POINT('',(0.0928542552226474,0.0780212697115858,0.12));
#10219=CARTESIAN_POINT('',(0.0928542552226474,0.0770212697115858,0.12));
#10220=CARTESIAN_POINT('',(0.0928542552226473,0.0760212697115858,0.12));
#10221=CARTESIAN_POINT('',(0.0918542552226473,0.0760212697115858,0.12));
#10222=CARTESIAN_POINT('',(0.0908542552226474,0.0760212697115858,0.12));
#10223=CARTESIAN_POINT('',(0.0908542552226474,0.0190212697115858,0.12));
#10224=CARTESIAN_POINT('',(0.0908542552226473,-0.0379787302884142,0.12));
#10225=CARTESIAN_POINT('',(0.0918542552226473,-0.0379787302884142,0.12));
#10226=CARTESIAN_POINT('',(0.0928542552226474,-0.0379787302884142,0.12));
#10227=CARTESIAN_POINT('',(0.0928542552226474,-0.0389787302884142,0.12));
#10228=CARTESIAN_POINT('',(0.0928542552226473,-0.0399787302884142,0.12));
#10229=CARTESIAN_POINT('',(0.0918542552226473,-0.0399787302884142,0.12));
#10230=CARTESIAN_POINT('',(0.0908542552226474,-0.0399787302884142,0.12));
#10231=CARTESIAN_POINT('',(0.0908542552226474,-0.0404787302884142,0.12));
#10232=CARTESIAN_POINT('',(0.0908542552226473,-0.0409787302884142,0.12));
#10233=CARTESIAN_POINT('',(0.0148542552226474,-0.0409787302884142,0.12));
#10234=CARTESIAN_POINT('',(0.0948542552226474,-0.0409787302884142,0.12));
#10235=CARTESIAN_POINT('',(0.0948542552226474,0.0190212697115858,0.12));
#10236=CARTESIAN_POINT('',(0.0148542552226474,0.0190212697115858,0.12));
#10237=CARTESIAN_POINT('',(-0.0611457447773526,0.0785212697115858,0.12));
#10238=CARTESIAN_POINT('',(-0.0611457447773526,0.0780212697115858,0.12));
#10239=CARTESIAN_POINT('',(-0.0651457447773527,0.0190212697115858,0.12));
#10240=CARTESIAN_POINT('',(-0.0651457447773527,-0.0409787302884142,0.12));
#10241=CARTESIAN_POINT('',(0.0148542552226474,-0.0409787302884142,0.12));
#10242=CARTESIAN_POINT('',(-0.0611457447773527,-0.0409787302884142,0.12));
#10243=CARTESIAN_POINT('',(-0.0611457447773527,-0.0404787302884142,0.12));
#10244=CARTESIAN_POINT('',(-0.0611457447773527,-0.0399787302884142,0.12));
#10245=CARTESIAN_POINT('',(-0.0621457447773527,-0.0399787302884142,0.12));
#10246=CARTESIAN_POINT('',(-0.0631457447773526,-0.0399787302884142,0.12));
#10247=CARTESIAN_POINT('',(-0.0631457447773526,-0.0389787302884142,0.12));
#10248=CARTESIAN_POINT('',(-0.0631457447773526,-0.0379787302884142,0.12));
#10249=CARTESIAN_POINT('',(-0.0621457447773526,-0.0379787302884142,0.12));
#10250=CARTESIAN_POINT('',(-0.0621457447773526,0.0760212697115858,0.12));
#10251=CARTESIAN_POINT('',(-0.0631457447773526,0.0760212697115858,0.12));
#10252=CARTESIAN_POINT('',(-0.0631457447773526,0.0770212697115858,0.12));
#10253=CARTESIAN_POINT('',(-0.0631457447773526,0.0780212697115858,0.12));
#10254=CARTESIAN_POINT('',(-0.0621457447773526,0.0780212697115858,0.12));
#10255=CARTESIAN_POINT('',(0.0148542552226474,0.0190212697115858,0.004));
#10256=CARTESIAN_POINT('',(-0.0231457447773526,0.0750212697115858,0.004));
#10257=CARTESIAN_POINT('',(0.0908542552226474,0.0750212697115858,0.004));
#10258=CARTESIAN_POINT('',(0.0908542552226474,0.0190212697115858,0.004));
#10259=CARTESIAN_POINT('',(0.0908542552226474,0.0760212697115858,0.004));
#10260=CARTESIAN_POINT('',(0.0918542552226473,0.0760212697115858,0.004));
#10261=CARTESIAN_POINT('',(0.0928542552226473,0.0760212697115858,0.004));
#10262=CARTESIAN_POINT('',(0.0928542552226474,0.0770212697115858,0.004));
#10263=CARTESIAN_POINT('',(0.0928542552226474,0.0780212697115858,0.004));
#10264=CARTESIAN_POINT('',(0.0918542552226473,0.0780212697115858,0.004));
#10265=CARTESIAN_POINT('',(0.0908542552226473,0.0780212697115858,0.004));
#10266=CARTESIAN_POINT('',(0.0908542552226474,0.0785212697115858,0.004));
#10267=CARTESIAN_POINT('',(-0.0611457447773526,0.0785212697115858,0.004));
#10268=CARTESIAN_POINT('',(-0.0611457447773526,0.0780212697115858,0.004));
#10269=CARTESIAN_POINT('',(-0.0621457447773526,0.0780212697115858,0.004));
#10270=CARTESIAN_POINT('',(-0.0631457447773526,0.0780212697115858,0.004));
#10271=CARTESIAN_POINT('',(-0.0631457447773526,0.0770212697115858,0.004));
#10272=CARTESIAN_POINT('',(-0.0631457447773526,0.0760212697115858,0.004));
#10273=CARTESIAN_POINT('',(-0.0621457447773526,0.0760212697115858,0.004));
#10274=CARTESIAN_POINT('',(-0.0231457447773526,0.0750212697115858,0.004));
#10275=CARTESIAN_POINT('',(0.0148542552226474,0.0190212697115858,0.));
#10276=CARTESIAN_POINT('',(-0.0611457447773526,0.0750212697115858,0.));
#10277=CARTESIAN_POINT('',(-0.0561457447773526,0.0750212697115858,0.));
#10278=CARTESIAN_POINT('',(0.0148542552226474,0.0750212697115858,0.));
#10279=CARTESIAN_POINT('',(0.0148542552226474,-0.0369787302884142,0.));
#10280=CARTESIAN_POINT('',(-0.0561631248474832,-0.0369787302884142,0.));
#10281=CARTESIAN_POINT('',(-0.0611457447773526,-0.0373952619612404,0.));
#10282=CARTESIAN_POINT('',(0.0908542552226474,0.0190212697115858,0.));
#10283=CARTESIAN_POINT('',(0.0908542552226474,-0.0319787302884142,0.));
#10284=CARTESIAN_POINT('',(0.0908542552226474,-0.0369787302884142,0.));
#10285=CARTESIAN_POINT('',(0.0908542552226474,-0.0369787302884142,0.));
#10286=CARTESIAN_POINT('',(0.0858542552226474,-0.0369787302884142,0.));
#10287=CARTESIAN_POINT('',(0.0148542552226474,-0.0369787302884142,0.));
#10288=CARTESIAN_POINT('',(0.0148542552226474,0.0750212697115858,0.));
#10289=CARTESIAN_POINT('',(0.0858542552226474,0.0750212697115858,0.));
#10290=CARTESIAN_POINT('',(0.0908542552226474,0.0750212697115858,0.));
#10291=CARTESIAN_POINT('',(0.0908542552226474,0.0750212697115858,0.));
#10292=CARTESIAN_POINT('',(0.0908542552226474,0.0700212697115858,0.));
#10293=CARTESIAN_POINT('',(0.0908542552226474,0.0190212697115858,0.));
#10294=CARTESIAN_POINT('',(0.0948542552226474,0.0190212697115858,0.));
#10295=CARTESIAN_POINT('',(0.0948542552226474,-0.0409787302884142,0.));
#10296=CARTESIAN_POINT('',(0.0148542552226474,-0.0409787302884142,0.));
#10297=CARTESIAN_POINT('',(-0.0651457447773527,-0.0409787302884142,0.));
#10298=CARTESIAN_POINT('',(-0.0651457447773527,0.0190212697115858,0.));
#10299=CARTESIAN_POINT('',(0.0908542552226474,0.0190212697115858,0.12));
#10300=CARTESIAN_POINT('',(0.0908542552226474,-0.0314787302884142,0.079));
#10301=CARTESIAN_POINT('',(0.0908542552226474,-0.0314787302884142,0.083));
#10302=CARTESIAN_POINT('',(0.0908542552226474,0.0700212697115858,0.079));
#10303=CARTESIAN_POINT('',(0.0908542552226474,0.0700212697115858,0.083));
#10304=CARTESIAN_POINT('',(0.0908542552226474,0.0605212697115858,0.0973));
#10305=CARTESIAN_POINT('',(0.0908542552226474,0.0605212697115859,0.0953));
#10306=CARTESIAN_POINT('',(0.0908542552226474,0.0605212697115858,0.0993));
#10307=CARTESIAN_POINT('',(0.0908542552226474,0.0625212697115858,0.0953));
#10308=CARTESIAN_POINT('',(0.0908542552226474,0.0645212697115858,0.0953));
#10309=CARTESIAN_POINT('',(0.0908542552226474,0.0645212697115858,0.0993));
#10310=CARTESIAN_POINT('',(0.0908542552226474,0.0645212697115858,0.1033));
#10311=CARTESIAN_POINT('',(0.0908542552226474,0.0605212697115858,0.1033));
#10312=CARTESIAN_POINT('',(0.0908542552226474,0.0565212697115858,0.1033));
#10313=CARTESIAN_POINT('',(0.0908542552226474,0.0565212697115858,0.1013));
#10314=CARTESIAN_POINT('',(0.0908542552226474,0.0565212697115858,0.0993));
#10315=CARTESIAN_POINT('',(0.0908542552226474,0.0585212697115858,0.0993));
#10316=CARTESIAN_POINT('',(0.0908542552226474,-0.0239787302884143,0.042));
#10317=CARTESIAN_POINT('',(0.0908542552226474,-0.0259787302884142,0.042));
#10318=CARTESIAN_POINT('',(0.0908542552226474,-0.0219787302884143,0.042));
#10319=CARTESIAN_POINT('',(0.0908542552226474,-0.0259787302884142,0.038));
#10320=CARTESIAN_POINT('',(0.0908542552226474,-0.0259787302884142,0.034));
#10321=CARTESIAN_POINT('',(0.0908542552226474,-0.0219787302884142,0.034));
#10322=CARTESIAN_POINT('',(0.0908542552226474,-0.0179787302884142,0.034));
#10323=CARTESIAN_POINT('',(0.0908542552226474,-0.0179787302884142,0.036));
#10324=CARTESIAN_POINT('',(0.0908542552226474,-0.0179787302884142,0.038));
#10325=CARTESIAN_POINT('',(0.0908542552226474,-0.0199787302884142,0.038));
#10326=CARTESIAN_POINT('',(0.0908542552226474,-0.0219787302884143,0.038));
#10327=CARTESIAN_POINT('',(0.0908542552226474,-0.0219787302884143,0.04));
#10328=CARTESIAN_POINT('',(0.0908542552226474,0.0605212697115858,0.04));
#10329=CARTESIAN_POINT('',(0.0908542552226474,0.0605212697115858,0.042));
#10330=CARTESIAN_POINT('',(0.0908542552226474,0.0605212697115858,0.038));
#10331=CARTESIAN_POINT('',(0.0908542552226474,0.0585212697115858,0.038));
#10332=CARTESIAN_POINT('',(0.0908542552226474,0.0565212697115858,0.038));
#10333=CARTESIAN_POINT('',(0.0908542552226474,0.0565212697115858,0.036));
#10334=CARTESIAN_POINT('',(0.0908542552226474,0.0565212697115858,0.034));
#10335=CARTESIAN_POINT('',(0.0908542552226474,0.0605212697115858,0.034));
#10336=CARTESIAN_POINT('',(0.0908542552226474,0.0645212697115858,0.034));
#10337=CARTESIAN_POINT('',(0.0908542552226474,0.0645212697115858,0.038));
#10338=CARTESIAN_POINT('',(0.0908542552226474,0.0645212697115858,0.042));
#10339=CARTESIAN_POINT('',(0.0908542552226474,0.0625212697115858,0.042));
#10340=CARTESIAN_POINT('',(0.0908542552226474,-0.0219787302884142,0.0973));
#10341=CARTESIAN_POINT('',(0.0908542552226474,-0.0219787302884143,0.0953));
#10342=CARTESIAN_POINT('',(0.0908542552226474,-0.0219787302884142,0.0993));
#10343=CARTESIAN_POINT('',(0.0908542552226474,-0.0199787302884142,0.0993));
#10344=CARTESIAN_POINT('',(0.0908542552226474,-0.0179787302884142,0.0993));
#10345=CARTESIAN_POINT('',(0.0908542552226474,-0.0179787302884142,0.1013));
#10346=CARTESIAN_POINT('',(0.0908542552226474,-0.0179787302884142,0.1033));
#10347=CARTESIAN_POINT('',(0.0908542552226474,-0.0219787302884142,0.1033));
#10348=CARTESIAN_POINT('',(0.0908542552226474,-0.0259787302884142,0.1033));
#10349=CARTESIAN_POINT('',(0.0908542552226474,-0.0259787302884142,0.0993));
#10350=CARTESIAN_POINT('',(0.0908542552226474,-0.0259787302884142,0.0953));
#10351=CARTESIAN_POINT('',(0.0908542552226474,-0.0239787302884142,0.0953));
#10352=CARTESIAN_POINT('',(0.0908542552226474,-0.0319787302884142,0.02));
#10353=CARTESIAN_POINT('',(0.0908542552226474,-0.0369787302884142,0.02));
#10354=CARTESIAN_POINT('',(0.0908542552226473,-0.0379787302884142,0.004));
#10355=CARTESIAN_POINT('',(0.0908542552226474,0.0760212697115858,0.004));
#10356=CARTESIAN_POINT('',(0.0908542552226474,0.0750212697115858,0.02));
#10357=CARTESIAN_POINT('',(0.0908542552226474,0.0700212697115858,0.02));
#10358=CARTESIAN_POINT('',(0.0908542552226474,0.0700212697115858,0.00443744331762963));
#10359=CARTESIAN_POINT('',(0.0908542552226473,0.0470212697115858,0.00644968257872587));
#10360=CARTESIAN_POINT('',(0.0948542552226474,0.0190212697115858,0.12));
#10361=CARTESIAN_POINT('',(0.0948542552226474,-0.0314787302884142,0.079));
#10362=CARTESIAN_POINT('',(0.0948542552226474,-0.0314787302884142,0.075));
#10363=CARTESIAN_POINT('',(0.0948542552226474,0.0700212697115858,0.079));
#10364=CARTESIAN_POINT('',(0.0948542552226474,0.0700212697115858,0.075));
#10365=CARTESIAN_POINT('',(0.0948542552226474,-0.0409787302884142,0.12));
#10366=CARTESIAN_POINT('',(-0.0651457447773527,0.0190212697115858,0.12));
#10367=CARTESIAN_POINT('',(-0.0651457447773527,-0.029863867991279,0.04));
#10368=CARTESIAN_POINT('',(-0.0651457447773527,-0.029863867991279,0.03595));
#10369=CARTESIAN_POINT('',(-0.0651457447773527,-0.0233205534767283,0.079));
#10370=CARTESIAN_POINT('',(-0.0651457447773527,-0.0233205534767283,0.075));
#10371=CARTESIAN_POINT('',(-0.0651457447773527,0.0566794465232717,0.079));
#10372=CARTESIAN_POINT('',(-0.0651457447773527,0.0566794465232717,0.075));
#10373=CARTESIAN_POINT('',(-0.0651457447773527,-0.0409787302884142,0.12));
#10374=CARTESIAN_POINT('',(0.0148542552226474,-0.0409787302884142,0.12));
#10375=CARTESIAN_POINT('',(-0.0611457447773527,-0.0409787302884142,0.004));
#10376=CARTESIAN_POINT('',(0.0908542552226473,-0.0409787302884142,0.004));
#10377=CARTESIAN_POINT('',(-0.0621457447773526,-0.0379787302884142,0.004));
#10378=CARTESIAN_POINT('',(-0.0631457447773526,-0.0379787302884142,0.004));
#10379=CARTESIAN_POINT('',(-0.0631457447773526,-0.0389787302884142,0.004));
#10380=CARTESIAN_POINT('',(-0.0631457447773526,-0.0399787302884142,0.004));
#10381=CARTESIAN_POINT('',(-0.0621457447773527,-0.0399787302884142,0.004));
#10382=CARTESIAN_POINT('',(-0.0611457447773527,-0.0399787302884142,0.004));
#10383=CARTESIAN_POINT('',(-0.0611457447773527,-0.0404787302884142,0.004));
#10384=CARTESIAN_POINT('',(0.0908542552226474,-0.0404787302884142,0.004));
#10385=CARTESIAN_POINT('',(0.0908542552226474,-0.0399787302884142,0.004));
#10386=CARTESIAN_POINT('',(0.0918542552226473,-0.0399787302884142,0.004));
#10387=CARTESIAN_POINT('',(0.0928542552226473,-0.0399787302884142,0.004));
#10388=CARTESIAN_POINT('',(0.0928542552226474,-0.0389787302884142,0.004));
#10389=CARTESIAN_POINT('',(0.0928542552226474,-0.0379787302884142,0.004));
#10390=CARTESIAN_POINT('',(0.0918542552226473,-0.0379787302884142,0.004));
#10391=CARTESIAN_POINT('',(0.0908542552226474,0.0785212697115858,0.004));
#10392=CARTESIAN_POINT('',(0.0908542552226473,0.0780212697115858,0.004));
#10393=CARTESIAN_POINT('',(-0.0611457447773526,0.0785212697115858,0.004));
#10394=CARTESIAN_POINT('',(-0.0611457447773526,0.0780212697115858,0.004));
#10395=CARTESIAN_POINT('',(-0.0621457447773526,0.0780212697115858,0.004));
#10396=CARTESIAN_POINT('',(-0.0631457447773526,0.0780212697115858,0.004));
#10397=CARTESIAN_POINT('',(-0.0631457447773526,0.0770212697115858,0.004));
#10398=CARTESIAN_POINT('',(-0.0631457447773526,0.0760212697115858,0.004));
#10399=CARTESIAN_POINT('',(-0.0621457447773526,0.0760212697115858,0.004));
#10400=CARTESIAN_POINT('',(0.0918542552226473,0.0760212697115858,0.004));
#10401=CARTESIAN_POINT('',(0.0928542552226473,0.0760212697115858,0.004));
#10402=CARTESIAN_POINT('',(0.0928542552226474,0.0770212697115858,0.004));
#10403=CARTESIAN_POINT('',(0.0928542552226474,0.0780212697115858,0.004));
#10404=CARTESIAN_POINT('',(0.0918542552226473,0.0780212697115858,0.004));
#10405=CARTESIAN_POINT('',(0.0148542552226474,0.0190212697115858,0.0235));
#10406=CARTESIAN_POINT('',(0.0148542552226474,0.0190212697115858,0.0235));
#10407=CARTESIAN_POINT('',(0.0148542552226474,0.0190212697115858,0.0235));
#10408=CARTESIAN_POINT('',(0.0148542552226474,0.0190212697115858,0.0235));
#10409=CARTESIAN_POINT('',(0.0148542552226474,0.0190212697115858,0.0235));
#10410=CARTESIAN_POINT('',(0.0148542552226474,0.0190212697115858,0.0235));
#10411=CARTESIAN_POINT('',(0.0148542552226474,0.0190212697115858,0.0235));
#10412=CARTESIAN_POINT('',(0.0148542552226474,0.0190212697115858,0.0235));
#10413=CARTESIAN_POINT('',(0.0528542552226473,0.0470212697115858,0.00644968257872587));
#10414=CARTESIAN_POINT('',(0.0528542552226473,0.0505212697115858,0.00614347225638514));
#10415=CARTESIAN_POINT('',(0.0786042552226473,0.0505212697115858,0.00614347225638514));
#10416=CARTESIAN_POINT('',(0.0908542552226474,0.0750212697115858,0.004));
#10417=CARTESIAN_POINT('',(0.0786042552226473,0.0470212697115858,0.00644968257872587));
#10418=CARTESIAN_POINT('',(-0.0231457447773526,-0.00897873028841423,0.00644968257872587));
#10419=CARTESIAN_POINT('',(-0.0611457447773526,-0.0373952619612404,0.00396355820062823));
#10420=CARTESIAN_POINT('',(0.0461042552226474,0.00302126971158579,0.034));
#10421=CARTESIAN_POINT('',(0.0461042552226474,0.00302126971158579,0.034));
#10422=CARTESIAN_POINT('',(0.0476042552226474,0.00302126971158579,0.034));
#10423=CARTESIAN_POINT('',(0.0461042552226474,0.00302126971158579,0.0079151176927851));
#10424=CARTESIAN_POINT('',(0.0476042552226474,0.00302126971158579,0.00778388469749621));
#10425=CARTESIAN_POINT('',(0.0148542552226474,0.0190212697115858,0.034));
#10426=CARTESIAN_POINT('',(0.0413542552226474,0.00652126971158577,0.034));
#10427=CARTESIAN_POINT('',(0.0413542552226474,0.0150212697115858,0.034));
#10428=CARTESIAN_POINT('',(0.0413542552226474,-0.00197873028841424,0.034));
#10429=CARTESIAN_POINT('',(0.0463542552226474,-0.00197873028841424,0.034));
#10430=CARTESIAN_POINT('',(0.0513542552226474,-0.00197873028841424,0.034));
#10431=CARTESIAN_POINT('',(0.0513542552226474,0.00652126971158576,0.034));
#10432=CARTESIAN_POINT('',(0.0513542552226474,0.0150212697115858,0.034));
#10433=CARTESIAN_POINT('',(0.0463542552226474,0.0150212697115858,0.034));
#10434=CARTESIAN_POINT('',(0.0463542552226474,0.0150212697115858,0.034));
#10435=CARTESIAN_POINT('',(0.0413542552226474,0.0150212697115858,0.034));
#10436=CARTESIAN_POINT('',(0.0513542552226474,0.0150212697115858,0.034));
#10437=CARTESIAN_POINT('',(0.0513542552226474,0.00652126971158576,0.034));
#10438=CARTESIAN_POINT('',(0.0513542552226474,-0.00197873028841424,0.034));
#10439=CARTESIAN_POINT('',(0.0463542552226474,-0.00197873028841424,0.034));
#10440=CARTESIAN_POINT('',(0.0413542552226474,-0.00197873028841424,0.034));
#10441=CARTESIAN_POINT('',(0.0413542552226474,0.00652126971158577,0.034));
#10442=CARTESIAN_POINT('',(0.0528542552226473,0.0470212697115858,0.00732456921398512));
#10443=CARTESIAN_POINT('',(-0.00289574477735261,0.00302126971158578,0.034));
#10444=CARTESIAN_POINT('',(-0.00289574477735261,0.00302126971158578,0.034));
#10445=CARTESIAN_POINT('',(-0.00139574477735261,0.00302126971158578,0.034));
#10446=CARTESIAN_POINT('',(-0.00289574477735261,0.00302126971158578,0.00909621465038508));
#10447=CARTESIAN_POINT('',(-0.00439574477735261,0.00302126971158578,0.00896498165509619));
#10448=CARTESIAN_POINT('',(0.0148542552226474,0.0190212697115858,0.034));
#10449=CARTESIAN_POINT('',(-0.00814574477735264,0.00652126971158576,0.034));
#10450=CARTESIAN_POINT('',(-0.00814574477735264,0.0150212697115858,0.034));
#10451=CARTESIAN_POINT('',(-0.00814574477735264,-0.00197873028841425,0.034));
#10452=CARTESIAN_POINT('',(-0.00314574477735262,-0.00197873028841424,0.034));
#10453=CARTESIAN_POINT('',(0.00185425522264741,-0.00197873028841424,0.034));
#10454=CARTESIAN_POINT('',(0.00185425522264736,0.00652126971158576,0.034));
#10455=CARTESIAN_POINT('',(0.00185425522264736,0.0150212697115858,0.034));
#10456=CARTESIAN_POINT('',(-0.00314574477735262,0.0150212697115858,0.034));
#10457=CARTESIAN_POINT('',(-0.00314574477735262,0.0150212697115858,0.034));
#10458=CARTESIAN_POINT('',(0.00185425522264736,0.0150212697115858,0.034));
#10459=CARTESIAN_POINT('',(-0.00814574477735264,0.0150212697115858,0.034));
#10460=CARTESIAN_POINT('',(0.00185425522264736,0.00652126971158576,0.034));
#10461=CARTESIAN_POINT('',(0.00185425522264741,-0.00197873028841424,0.034));
#10462=CARTESIAN_POINT('',(-0.00314574477735262,-0.00197873028841424,0.034));
#10463=CARTESIAN_POINT('',(-0.00814574477735264,-0.00197873028841425,0.034));
#10464=CARTESIAN_POINT('',(-0.00814574477735264,0.00652126971158576,0.034));
#10465=CARTESIAN_POINT('',(-0.0231457447773526,0.0470212697115858,0.00732456921398512));
#10466=CARTESIAN_POINT('',(-0.0611457447773526,-0.0373952619612404,0.02));
#10467=CARTESIAN_POINT('',(-0.0561631248474832,-0.0369787302884142,0.02));
#10468=CARTESIAN_POINT('',(0.0148542552226474,-0.0369787302884142,0.02));
#10469=CARTESIAN_POINT('',(0.0148542552226474,0.0750212697115858,0.02));
#10470=CARTESIAN_POINT('',(-0.0561457447773526,0.0750212697115858,0.02));
#10471=CARTESIAN_POINT('',(-0.0611457447773526,0.0750212697115858,0.02));
#10472=CARTESIAN_POINT('',(0.0908542552226474,0.0750212697115858,0.02));
#10473=CARTESIAN_POINT('',(0.0858542552226474,0.0750212697115858,0.02));
#10474=CARTESIAN_POINT('',(0.0148542552226474,0.0750212697115858,0.02));
#10475=CARTESIAN_POINT('',(0.0908542552226474,-0.0369787302884142,0.02));
#10476=CARTESIAN_POINT('',(0.0858542552226474,-0.0369787302884142,0.02));
#10477=CARTESIAN_POINT('',(0.0148542552226474,-0.0369787302884142,0.02));
#10478=CARTESIAN_POINT('',(0.0848542552226474,-0.0199787302884142,0.0993));
#10479=CARTESIAN_POINT('',(0.0848542552226474,-0.0219787302884142,0.0993));
#10480=CARTESIAN_POINT('',(0.0848542552226474,-0.0219787302884142,0.0993));
#10481=CARTESIAN_POINT('',(0.0848542552226474,-0.0199787302884142,0.0993));
#10482=CARTESIAN_POINT('',(0.0848542552226474,-0.0179787302884142,0.0993));
#10483=CARTESIAN_POINT('',(0.0848542552226474,-0.0179787302884142,0.0993));
#10484=CARTESIAN_POINT('',(0.0848542552226474,-0.0219787302884142,0.0973));
#10485=CARTESIAN_POINT('',(0.0848542552226474,-0.0219787302884143,0.0953));
#10486=CARTESIAN_POINT('',(0.0848542552226474,-0.0219787302884143,0.0953));
#10487=CARTESIAN_POINT('',(0.0848542552226474,-0.0219787302884142,0.0973));
#10488=CARTESIAN_POINT('',(0.0848542552226474,-0.0239787302884142,0.0953));
#10489=CARTESIAN_POINT('',(0.0848542552226474,-0.0259787302884142,0.0953));
#10490=CARTESIAN_POINT('',(0.0848542552226474,-0.0259787302884142,0.0953));
#10491=CARTESIAN_POINT('',(0.0848542552226474,-0.0239787302884142,0.0953));
#10492=CARTESIAN_POINT('',(0.0848542552226474,-0.0259787302884142,0.0993));
#10493=CARTESIAN_POINT('',(0.0848542552226474,-0.0259787302884142,0.1033));
#10494=CARTESIAN_POINT('',(0.0848542552226474,-0.0259787302884142,0.1033));
#10495=CARTESIAN_POINT('',(0.0848542552226474,-0.0259787302884142,0.0993));
#10496=CARTESIAN_POINT('',(0.0848542552226474,-0.0219787302884142,0.1033));
#10497=CARTESIAN_POINT('',(0.0848542552226474,-0.0179787302884142,0.1033));
#10498=CARTESIAN_POINT('',(0.0848542552226474,-0.0179787302884142,0.1033));
#10499=CARTESIAN_POINT('',(0.0848542552226474,-0.0219787302884142,0.1033));
#10500=CARTESIAN_POINT('',(0.0848542552226474,-0.0179787302884142,0.1013));
#10501=CARTESIAN_POINT('',(0.0848542552226474,-0.0179787302884142,0.1013));
#10502=CARTESIAN_POINT('',(0.0848542552226474,0.0190212697115858,0.06));
#10503=CARTESIAN_POINT('',(0.0848542552226474,0.0585212697115858,0.038));
#10504=CARTESIAN_POINT('',(0.0848542552226474,0.0605212697115858,0.038));
#10505=CARTESIAN_POINT('',(0.0848542552226474,0.0605212697115858,0.038));
#10506=CARTESIAN_POINT('',(0.0848542552226474,0.0585212697115858,0.038));
#10507=CARTESIAN_POINT('',(0.0848542552226474,0.0565212697115858,0.038));
#10508=CARTESIAN_POINT('',(0.0848542552226474,0.0565212697115858,0.038));
#10509=CARTESIAN_POINT('',(0.0848542552226474,0.0605212697115858,0.04));
#10510=CARTESIAN_POINT('',(0.0848542552226474,0.0605212697115858,0.042));
#10511=CARTESIAN_POINT('',(0.0848542552226474,0.0605212697115858,0.042));
#10512=CARTESIAN_POINT('',(0.0848542552226474,0.0605212697115858,0.04));
#10513=CARTESIAN_POINT('',(0.0848542552226474,0.0625212697115858,0.042));
#10514=CARTESIAN_POINT('',(0.0848542552226474,0.0645212697115858,0.042));
#10515=CARTESIAN_POINT('',(0.0848542552226474,0.0645212697115858,0.042));
#10516=CARTESIAN_POINT('',(0.0848542552226474,0.0625212697115858,0.042));
#10517=CARTESIAN_POINT('',(0.0848542552226474,0.0645212697115858,0.038));
#10518=CARTESIAN_POINT('',(0.0848542552226474,0.0645212697115858,0.034));
#10519=CARTESIAN_POINT('',(0.0848542552226474,0.0645212697115858,0.034));
#10520=CARTESIAN_POINT('',(0.0848542552226474,0.0645212697115858,0.038));
#10521=CARTESIAN_POINT('',(0.0848542552226474,0.0605212697115858,0.034));
#10522=CARTESIAN_POINT('',(0.0848542552226474,0.0565212697115858,0.034));
#10523=CARTESIAN_POINT('',(0.0848542552226474,0.0565212697115858,0.034));
#10524=CARTESIAN_POINT('',(0.0848542552226474,0.0605212697115858,0.034));
#10525=CARTESIAN_POINT('',(0.0848542552226474,0.0565212697115858,0.036));
#10526=CARTESIAN_POINT('',(0.0848542552226474,0.0565212697115858,0.036));
#10527=CARTESIAN_POINT('',(0.0848542552226474,0.0190212697115858,0.06));
#10528=CARTESIAN_POINT('',(0.0848542552226474,-0.0259787302884142,0.038));
#10529=CARTESIAN_POINT('',(0.0848542552226474,-0.0259787302884142,0.042));
#10530=CARTESIAN_POINT('',(0.0848542552226474,-0.0259787302884142,0.042));
#10531=CARTESIAN_POINT('',(0.0848542552226474,-0.0259787302884142,0.038));
#10532=CARTESIAN_POINT('',(0.0848542552226474,-0.0259787302884142,0.034));
#10533=CARTESIAN_POINT('',(0.0848542552226474,-0.0259787302884142,0.034));
#10534=CARTESIAN_POINT('',(0.0848542552226474,-0.0239787302884143,0.042));
#10535=CARTESIAN_POINT('',(0.0848542552226474,-0.0219787302884143,0.042));
#10536=CARTESIAN_POINT('',(0.0848542552226474,-0.0219787302884143,0.042));
#10537=CARTESIAN_POINT('',(0.0848542552226474,-0.0239787302884143,0.042));
#10538=CARTESIAN_POINT('',(0.0848542552226474,-0.0219787302884143,0.04));
#10539=CARTESIAN_POINT('',(0.0848542552226474,-0.0219787302884143,0.038));
#10540=CARTESIAN_POINT('',(0.0848542552226474,-0.0219787302884143,0.038));
#10541=CARTESIAN_POINT('',(0.0848542552226474,-0.0219787302884143,0.04));
#10542=CARTESIAN_POINT('',(0.0848542552226474,-0.0199787302884142,0.038));
#10543=CARTESIAN_POINT('',(0.0848542552226474,-0.0179787302884142,0.038));
#10544=CARTESIAN_POINT('',(0.0848542552226474,-0.0179787302884142,0.038));
#10545=CARTESIAN_POINT('',(0.0848542552226474,-0.0199787302884142,0.038));
#10546=CARTESIAN_POINT('',(0.0848542552226474,-0.0179787302884142,0.036));
#10547=CARTESIAN_POINT('',(0.0848542552226474,-0.0179787302884142,0.034));
#10548=CARTESIAN_POINT('',(0.0848542552226474,-0.0179787302884142,0.034));
#10549=CARTESIAN_POINT('',(0.0848542552226474,-0.0179787302884142,0.036));
#10550=CARTESIAN_POINT('',(0.0848542552226474,-0.0219787302884142,0.034));
#10551=CARTESIAN_POINT('',(0.0848542552226474,-0.0219787302884142,0.034));
#10552=CARTESIAN_POINT('',(0.0848542552226474,0.0190212697115858,0.06));
#10553=CARTESIAN_POINT('',(0.0848542552226474,0.0625212697115858,0.0953));
#10554=CARTESIAN_POINT('',(0.0848542552226474,0.0605212697115859,0.0953));
#10555=CARTESIAN_POINT('',(0.0848542552226474,0.0605212697115859,0.0953));
#10556=CARTESIAN_POINT('',(0.0848542552226474,0.0625212697115858,0.0953));
#10557=CARTESIAN_POINT('',(0.0848542552226474,0.0645212697115858,0.0953));
#10558=CARTESIAN_POINT('',(0.0848542552226474,0.0645212697115858,0.0953));
#10559=CARTESIAN_POINT('',(0.0848542552226474,0.0605212697115858,0.0973));
#10560=CARTESIAN_POINT('',(0.0848542552226474,0.0605212697115858,0.0993));
#10561=CARTESIAN_POINT('',(0.0848542552226474,0.0605212697115858,0.0993));
#10562=CARTESIAN_POINT('',(0.0848542552226474,0.0605212697115858,0.0973));
#10563=CARTESIAN_POINT('',(0.0848542552226474,0.0585212697115858,0.0993));
#10564=CARTESIAN_POINT('',(0.0848542552226474,0.0565212697115858,0.0993));
#10565=CARTESIAN_POINT('',(0.0848542552226474,0.0565212697115858,0.0993));
#10566=CARTESIAN_POINT('',(0.0848542552226474,0.0585212697115858,0.0993));
#10567=CARTESIAN_POINT('',(0.0848542552226474,0.0565212697115858,0.1013));
#10568=CARTESIAN_POINT('',(0.0848542552226474,0.0565212697115858,0.1033));
#10569=CARTESIAN_POINT('',(0.0848542552226474,0.0565212697115858,0.1033));
#10570=CARTESIAN_POINT('',(0.0848542552226474,0.0565212697115858,0.1013));
#10571=CARTESIAN_POINT('',(0.0848542552226474,0.0605212697115858,0.1033));
#10572=CARTESIAN_POINT('',(0.0848542552226474,0.0645212697115858,0.1033));
#10573=CARTESIAN_POINT('',(0.0848542552226474,0.0645212697115858,0.1033));
#10574=CARTESIAN_POINT('',(0.0848542552226474,0.0605212697115858,0.1033));
#10575=CARTESIAN_POINT('',(0.0848542552226474,0.0645212697115858,0.0993));
#10576=CARTESIAN_POINT('',(0.0848542552226474,0.0645212697115858,0.0993));
#10577=CARTESIAN_POINT('',(0.0848542552226474,0.0190212697115858,0.06));
#10578=CARTESIAN_POINT('',(-0.0551457447773527,0.0430212697115858,0.0915));
#10579=CARTESIAN_POINT('',(-0.0571457447773527,0.0430212697115858,0.0915));
#10580=CARTESIAN_POINT('',(-0.0571457447773527,0.0430212697115858,0.088));
#10581=CARTESIAN_POINT('',(-0.0571457447773527,0.0430212697115858,0.095));
#10582=CARTESIAN_POINT('',(-0.0551457447773527,0.0430212697115858,0.088));
#10583=CARTESIAN_POINT('',(-0.0551457447773527,0.0430212697115858,0.088));
#10584=CARTESIAN_POINT('',(-0.0551457447773527,0.0430212697115858,0.0915));
#10585=CARTESIAN_POINT('',(-0.0551457447773527,0.0430212697115858,0.095));
#10586=CARTESIAN_POINT('',(-0.0551457447773527,0.0430212697115858,0.095));
#10587=CARTESIAN_POINT('',(-0.0551457447773527,0.0440212697115858,0.088));
#10588=CARTESIAN_POINT('',(-0.0551457447773527,0.0450212697115858,0.088));
#10589=CARTESIAN_POINT('',(-0.0551457447773527,0.0450212697115858,0.088));
#10590=CARTESIAN_POINT('',(-0.0551457447773527,0.0440212697115858,0.088));
#10591=CARTESIAN_POINT('',(-0.0571457447773527,0.0395212697115858,0.088));
#10592=CARTESIAN_POINT('',(-0.0571457447773526,0.0360212697115858,0.088));
#10593=CARTESIAN_POINT('',(-0.0571457447773526,0.0360212697115858,0.088));
#10594=CARTESIAN_POINT('',(-0.0551457447773527,0.0450212697115858,0.0925));
#10595=CARTESIAN_POINT('',(-0.0551457447773527,0.0450212697115858,0.097));
#10596=CARTESIAN_POINT('',(-0.0551457447773527,0.0450212697115858,0.097));
#10597=CARTESIAN_POINT('',(-0.0551457447773527,0.0450212697115858,0.0925));
#10598=CARTESIAN_POINT('',(-0.0551457447773527,0.0405212697115858,0.097));
#10599=CARTESIAN_POINT('',(-0.0551457447773526,0.0360212697115858,0.097));
#10600=CARTESIAN_POINT('',(-0.0551457447773526,0.0360212697115858,0.097));
#10601=CARTESIAN_POINT('',(-0.0551457447773527,0.0405212697115858,0.097));
#10602=CARTESIAN_POINT('',(-0.0551457447773526,0.0360212697115858,0.096));
#10603=CARTESIAN_POINT('',(-0.0571457447773526,0.0360212697115858,0.0915));
#10604=CARTESIAN_POINT('',(-0.0571457447773526,0.0360212697115858,0.095));
#10605=CARTESIAN_POINT('',(-0.0551457447773526,0.0360212697115858,0.095));
#10606=CARTESIAN_POINT('',(-0.0551457447773526,0.0360212697115858,0.095));
#10607=CARTESIAN_POINT('',(-0.0551457447773526,0.0360212697115858,0.096));
#10608=CARTESIAN_POINT('',(-0.0551457447773527,0.0395212697115858,0.095));
#10609=CARTESIAN_POINT('',(-0.0571457447773527,0.0395212697115858,0.095));
#10610=CARTESIAN_POINT('',(-0.0551457447773527,0.0395212697115858,0.095));
#10611=CARTESIAN_POINT('',(-0.0551457447773526,-0.0166944447891256,0.0847321162136263));
#10612=CARTESIAN_POINT('',(-0.0551457447773526,-0.0179787302884142,0.088));
#10613=CARTESIAN_POINT('',(-0.0571457447773526,-0.00997873028841423,0.088));
#10614=CARTESIAN_POINT('',(-0.0571457447773526,-0.00997873028841423,0.088));
#10615=CARTESIAN_POINT('',(-0.0571457447773526,-0.0134787302884142,0.088));
#10616=CARTESIAN_POINT('',(-0.0571457447773526,-0.0169787302884142,0.088));
#10617=CARTESIAN_POINT('',(-0.0551457447773526,-0.0169787302884142,0.088));
#10618=CARTESIAN_POINT('',(-0.0551457447773526,-0.0169787302884142,0.088));
#10619=CARTESIAN_POINT('',(-0.0551457447773526,-0.0179787302884142,0.088));
#10620=CARTESIAN_POINT('',(-0.0551457447773526,-0.0189787302884143,0.088));
#10621=CARTESIAN_POINT('',(-0.0551457447773526,-0.0189787302884143,0.088));
#10622=CARTESIAN_POINT('',(-0.0551457447773526,-0.0169787302884142,0.0915));
#10623=CARTESIAN_POINT('',(-0.0571457447773526,-0.0169787302884142,0.0915));
#10624=CARTESIAN_POINT('',(-0.0571457447773526,-0.0169787302884142,0.095));
#10625=CARTESIAN_POINT('',(-0.0551457447773526,-0.0169787302884142,0.095));
#10626=CARTESIAN_POINT('',(-0.0551457447773526,-0.0169787302884142,0.095));
#10627=CARTESIAN_POINT('',(-0.0551457447773526,-0.0169787302884142,0.0915));
#10628=CARTESIAN_POINT('',(-0.0551457447773526,-0.0147287302884142,0.095));
#10629=CARTESIAN_POINT('',(-0.0571457447773526,-0.0112287302884142,0.095));
#10630=CARTESIAN_POINT('',(-0.0571457447773526,-0.0124787302884142,0.095));
#10631=CARTESIAN_POINT('',(-0.0551457447773526,-0.0124787302884142,0.095));
#10632=CARTESIAN_POINT('',(-0.0551457447773526,-0.0124787302884142,0.095));
#10633=CARTESIAN_POINT('',(-0.0551457447773526,-0.0147287302884142,0.095));
#10634=CARTESIAN_POINT('',(-0.0551457447773526,-0.0124787302884142,0.096));
#10635=CARTESIAN_POINT('',(-0.0551457447773526,-0.0124787302884142,0.097));
#10636=CARTESIAN_POINT('',(-0.0551457447773526,-0.0124787302884142,0.097));
#10637=CARTESIAN_POINT('',(-0.0551457447773526,-0.0124787302884142,0.096));
#10638=CARTESIAN_POINT('',(-0.0551457447773526,-0.0124787302884142,0.095));
#10639=CARTESIAN_POINT('',(-0.0551457447773526,-0.0157287302884142,0.097));
#10640=CARTESIAN_POINT('',(-0.0551457447773526,-0.0189787302884143,0.097));
#10641=CARTESIAN_POINT('',(-0.0551457447773526,-0.0189787302884143,0.097));
#10642=CARTESIAN_POINT('',(-0.0551457447773526,-0.0157287302884142,0.097));
#10643=CARTESIAN_POINT('',(-0.0551457447773526,-0.0189787302884143,0.0925));
#10644=CARTESIAN_POINT('',(-0.0551457447773526,-0.0189787302884143,0.0925));
#10645=CARTESIAN_POINT('',(-0.0551457447773526,-0.0166944447891256,0.0847321162136263));
#10646=CARTESIAN_POINT('',(-0.0551457447773526,-0.0157287302884142,0.05));
#10647=CARTESIAN_POINT('',(-0.0551457447773526,-0.0124787302884142,0.05));
#10648=CARTESIAN_POINT('',(-0.0551457447773526,-0.0124787302884142,0.05));
#10649=CARTESIAN_POINT('',(-0.0551457447773526,-0.0157287302884142,0.05));
#10650=CARTESIAN_POINT('',(-0.0551457447773526,-0.0189787302884142,0.05));
#10651=CARTESIAN_POINT('',(-0.0551457447773526,-0.0189787302884142,0.05));
#10652=CARTESIAN_POINT('',(-0.0551457447773526,-0.0124787302884142,0.051));
#10653=CARTESIAN_POINT('',(-0.0551457447773526,-0.0124787302884142,0.052));
#10654=CARTESIAN_POINT('',(-0.0571457447773526,-0.0124787302884142,0.052));
#10655=CARTESIAN_POINT('',(-0.0551457447773526,-0.0124787302884142,0.052));
#10656=CARTESIAN_POINT('',(-0.0551457447773526,-0.0124787302884142,0.052));
#10657=CARTESIAN_POINT('',(-0.0551457447773526,-0.0124787302884142,0.051));
#10658=CARTESIAN_POINT('',(-0.0551457447773526,-0.0147287302884142,0.052));
#10659=CARTESIAN_POINT('',(-0.0571457447773526,-0.0112287302884142,0.052));
#10660=CARTESIAN_POINT('',(-0.0571457447773526,-0.0169787302884142,0.052));
#10661=CARTESIAN_POINT('',(-0.0551457447773526,-0.0169787302884142,0.052));
#10662=CARTESIAN_POINT('',(-0.0551457447773526,-0.0169787302884142,0.052));
#10663=CARTESIAN_POINT('',(-0.0551457447773526,-0.0147287302884142,0.052));
#10664=CARTESIAN_POINT('',(-0.0551457447773526,-0.0169787302884142,0.0555));
#10665=CARTESIAN_POINT('',(-0.0571457447773526,-0.0169787302884142,0.0555));
#10666=CARTESIAN_POINT('',(-0.0571457447773526,-0.0169787302884142,0.059));
#10667=CARTESIAN_POINT('',(-0.0551457447773526,-0.0169787302884142,0.059));
#10668=CARTESIAN_POINT('',(-0.0551457447773526,-0.0169787302884142,0.059));
#10669=CARTESIAN_POINT('',(-0.0551457447773526,-0.0169787302884142,0.0555));
#10670=CARTESIAN_POINT('',(-0.0551457447773526,-0.0179787302884142,0.059));
#10671=CARTESIAN_POINT('',(-0.0551457447773526,-0.0189787302884143,0.059));
#10672=CARTESIAN_POINT('',(-0.0551457447773526,-0.0189787302884143,0.059));
#10673=CARTESIAN_POINT('',(-0.0551457447773526,-0.0179787302884142,0.059));
#10674=CARTESIAN_POINT('',(-0.0571457447773526,-0.0134787302884142,0.059));
#10675=CARTESIAN_POINT('',(-0.0571457447773526,-0.00997873028841423,0.059));
#10676=CARTESIAN_POINT('',(-0.0571457447773526,-0.00997873028841423,0.059));
#10677=CARTESIAN_POINT('',(-0.0551457447773526,-0.0189787302884142,0.0545));
#10678=CARTESIAN_POINT('',(-0.0551457447773526,-0.0189787302884142,0.0545));
#10679=CARTESIAN_POINT('',(-0.0551457447773526,-0.0166944447891256,0.0847321162136263));
#10680=CARTESIAN_POINT('',(-0.0551457447773527,0.0395212697115858,0.052));
#10681=CARTESIAN_POINT('',(-0.0551457447773527,0.0430212697115858,0.052));
#10682=CARTESIAN_POINT('',(-0.0551457447773527,0.0430212697115858,0.052));
#10683=CARTESIAN_POINT('',(-0.0571457447773527,0.0430212697115858,0.052));
#10684=CARTESIAN_POINT('',(-0.0571457447773527,0.0395212697115858,0.052));
#10685=CARTESIAN_POINT('',(-0.0571457447773526,0.0360212697115858,0.052));
#10686=CARTESIAN_POINT('',(-0.0551457447773526,0.0360212697115858,0.052));
#10687=CARTESIAN_POINT('',(-0.0551457447773526,0.0360212697115858,0.052));
#10688=CARTESIAN_POINT('',(-0.0551457447773527,0.0395212697115858,0.052));
#10689=CARTESIAN_POINT('',(-0.0551457447773526,0.0360212697115858,0.051));
#10690=CARTESIAN_POINT('',(-0.0551457447773526,0.0360212697115858,0.05));
#10691=CARTESIAN_POINT('',(-0.0551457447773526,0.0360212697115858,0.05));
#10692=CARTESIAN_POINT('',(-0.0551457447773526,0.0360212697115858,0.051));
#10693=CARTESIAN_POINT('',(-0.0571457447773526,0.0360212697115858,0.0555));
#10694=CARTESIAN_POINT('',(-0.0571457447773526,0.0360212697115858,0.059));
#10695=CARTESIAN_POINT('',(-0.0571457447773526,0.0360212697115858,0.059));
#10696=CARTESIAN_POINT('',(-0.0551457447773527,0.0405212697115858,0.05));
#10697=CARTESIAN_POINT('',(-0.0551457447773527,0.0450212697115858,0.05));
#10698=CARTESIAN_POINT('',(-0.0551457447773527,0.0450212697115858,0.05));
#10699=CARTESIAN_POINT('',(-0.0551457447773527,0.0405212697115858,0.05));
#10700=CARTESIAN_POINT('',(-0.0551457447773527,0.0450212697115858,0.0545));
#10701=CARTESIAN_POINT('',(-0.0551457447773527,0.0450212697115858,0.059));
#10702=CARTESIAN_POINT('',(-0.0551457447773527,0.0450212697115858,0.059));
#10703=CARTESIAN_POINT('',(-0.0551457447773527,0.0450212697115858,0.0545));
#10704=CARTESIAN_POINT('',(-0.0551457447773527,0.0440212697115858,0.059));
#10705=CARTESIAN_POINT('',(-0.0571457447773527,0.0395212697115858,0.059));
#10706=CARTESIAN_POINT('',(-0.0571457447773527,0.0430212697115858,0.059));
#10707=CARTESIAN_POINT('',(-0.0551457447773527,0.0430212697115858,0.059));
#10708=CARTESIAN_POINT('',(-0.0551457447773527,0.0430212697115858,0.059));
#10709=CARTESIAN_POINT('',(-0.0551457447773527,0.0440212697115858,0.059));
#10710=CARTESIAN_POINT('',(-0.0551457447773527,0.0430212697115858,0.0555));
#10711=CARTESIAN_POINT('',(-0.0571457447773527,0.0430212697115858,0.0555));
#10712=CARTESIAN_POINT('',(-0.0551457447773527,0.0430212697115858,0.0555));
#10713=CARTESIAN_POINT('',(-0.0551457447773526,-0.0166944447891256,0.0847321162136263));
#10714=CARTESIAN_POINT('',(-0.0571457447773527,0.0395212697115858,0.0915));
#10715=CARTESIAN_POINT('',(-0.0571457447773527,0.0395212697115858,0.0915));
#10716=CARTESIAN_POINT('',(-0.0571457447773527,0.0410212697115858,0.0915));
#10717=CARTESIAN_POINT('',(-0.0611457447773526,0.0395212697115858,0.0915));
#10718=CARTESIAN_POINT('',(-0.0611457447773526,0.0410212697115858,0.0915));
#10719=CARTESIAN_POINT('',(-0.0571457447773526,-0.0166944447891256,0.0847321162136263));
#10720=CARTESIAN_POINT('',(-0.0611457447773526,0.0190212697115858,0.12));
#10721=CARTESIAN_POINT('',(-0.0571457447773526,-0.0112287302884142,0.052));
#10722=CARTESIAN_POINT('',(-0.0571457447773526,-0.0112287302884142,0.052));
#10723=CARTESIAN_POINT('',(-0.0571457447773526,-0.00997873028841422,0.052));
#10724=CARTESIAN_POINT('',(-0.0571457447773526,-0.00997873028841422,0.052));
#10725=CARTESIAN_POINT('',(-0.0571457447773526,-0.00997873028841422,0.0555));
#10726=CARTESIAN_POINT('',(-0.0571457447773526,-0.00997873028841422,0.0555));
#10727=CARTESIAN_POINT('',(-0.0571457447773526,-0.0134787302884142,0.0555));
#10728=CARTESIAN_POINT('',(-0.0571457447773526,-0.0134787302884142,0.0555));
#10729=CARTESIAN_POINT('',(-0.0571457447773526,-0.0119787302884142,0.0555));
#10730=CARTESIAN_POINT('',(-0.0611457447773526,-0.0134787302884142,0.0555));
#10731=CARTESIAN_POINT('',(-0.0611457447773526,-0.0119787302884142,0.0555));
#10732=CARTESIAN_POINT('',(-0.0571457447773526,-0.0166944447891256,0.0847321162136263));
#10733=CARTESIAN_POINT('',(-0.0611457447773526,0.0190212697115858,0.12));
#10734=CARTESIAN_POINT('',(-0.0571457447773527,0.0395212697115858,0.0555));
#10735=CARTESIAN_POINT('',(-0.0571457447773527,0.0395212697115858,0.0555));
#10736=CARTESIAN_POINT('',(-0.0571457447773527,0.0410212697115858,0.0555));
#10737=CARTESIAN_POINT('',(-0.0611457447773527,0.0395212697115858,0.0555));
#10738=CARTESIAN_POINT('',(-0.0611457447773527,0.0410212697115858,0.0555));
#10739=CARTESIAN_POINT('',(-0.0571457447773526,-0.0166944447891256,0.0847321162136263));
#10740=CARTESIAN_POINT('',(-0.0571457447773526,-0.0112287302884142,0.095));
#10741=CARTESIAN_POINT('',(-0.0571457447773526,-0.0112287302884142,0.095));
#10742=CARTESIAN_POINT('',(-0.0571457447773526,-0.00997873028841422,0.095));
#10743=CARTESIAN_POINT('',(-0.0571457447773526,-0.00997873028841422,0.095));
#10744=CARTESIAN_POINT('',(-0.0571457447773526,-0.00997873028841422,0.0915));
#10745=CARTESIAN_POINT('',(-0.0571457447773526,-0.00997873028841422,0.0915));
#10746=CARTESIAN_POINT('',(-0.0571457447773526,-0.0134787302884142,0.0915));
#10747=CARTESIAN_POINT('',(-0.0571457447773526,-0.0134787302884142,0.0915));
#10748=CARTESIAN_POINT('',(-0.0571457447773526,-0.0119787302884142,0.0915));
#10749=CARTESIAN_POINT('',(-0.0611457447773526,-0.0134787302884142,0.0915));
#10750=CARTESIAN_POINT('',(-0.0611457447773526,-0.0119787302884142,0.0915));
#10751=CARTESIAN_POINT('',(-0.0571457447773526,-0.0166944447891256,0.0847321162136263));
#10752=CARTESIAN_POINT('',(-0.0611457447773526,0.0190212697115858,0.12));
#10753=CARTESIAN_POINT('',(-0.0611457447773526,0.0190212697115858,0.12));
#10754=CARTESIAN_POINT('',(-0.0621457447773526,-0.029863867991279,0.04));
#10755=CARTESIAN_POINT('',(-0.0621457447773526,-0.029863867991279,0.04));
#10756=CARTESIAN_POINT('',(-0.0621457447773526,-0.024363867991279,0.04));
#10757=CARTESIAN_POINT('',(-0.0621457447773526,-0.0166944447891256,0.0847321162136263));
#10758=CARTESIAN_POINT('',(-0.0621457447773526,-0.029863867991279,0.04));
#10759=CARTESIAN_POINT('',(-0.0621457447773526,-0.025813867991279,0.04));
#10760=CARTESIAN_POINT('',(-0.0861457447773527,0.0566794465232717,0.079));
#10761=CARTESIAN_POINT('',(-0.0861457447773527,-0.0233205534767283,0.079));
#10762=CARTESIAN_POINT('',(0.115854255222647,0.0700212697115858,0.079));
#10763=CARTESIAN_POINT('',(0.115854255222647,-0.0314787302884142,0.079));
#10764=CARTESIAN_POINT('',(-0.0861457447773527,-0.029863867991279,0.04));
#10765=CARTESIAN_POINT('',(0.0641042552226473,0.0617712697115858,0.014));
#10766=CARTESIAN_POINT('',(0.0641042552226473,0.0515212697115858,0.014));
#10767=CARTESIAN_POINT('',(0.0641042552226473,0.0515212697115858,0.014));
#10768=CARTESIAN_POINT('',(0.0641042552226473,0.0515212697115858,0.011));
#10769=CARTESIAN_POINT('',(0.0641042552226473,0.0617712697115858,0.011));
#10770=CARTESIAN_POINT('',(0.0641042552226473,0.0720212697115858,0.011));
#10771=CARTESIAN_POINT('',(0.0641042552226473,0.0720212697115858,0.014));
#10772=CARTESIAN_POINT('',(0.0641042552226473,0.0720212697115858,0.014));
#10773=CARTESIAN_POINT('',(0.0641042552226473,0.0617712697115858,0.014));
#10774=CARTESIAN_POINT('',(0.0708542552226473,0.0720212697115858,0.014));
#10775=CARTESIAN_POINT('',(0.0708542552226473,0.0720212697115858,0.011));
#10776=CARTESIAN_POINT('',(0.0776042552226473,0.0720212697115858,0.011));
#10777=CARTESIAN_POINT('',(0.0776042552226473,0.0720212697115858,0.014));
#10778=CARTESIAN_POINT('',(0.0776042552226473,0.0720212697115858,0.014));
#10779=CARTESIAN_POINT('',(0.0708542552226473,0.0720212697115858,0.014));
#10780=CARTESIAN_POINT('',(0.0631042552226473,0.0617712697115858,0.014));
#10781=CARTESIAN_POINT('',(0.0631042552226473,0.0505212697115858,0.014));
#10782=CARTESIAN_POINT('',(0.0631042552226473,0.0505212697115858,0.014));
#10783=CARTESIAN_POINT('',(0.0631042552226473,0.0617712697115858,0.014));
#10784=CARTESIAN_POINT('',(0.0631042552226473,0.0730212697115858,0.014));
#10785=CARTESIAN_POINT('',(0.0631042552226473,0.0730212697115858,0.014));
#10786=CARTESIAN_POINT('',(0.0708542552226473,0.0730212697115858,0.014));
#10787=CARTESIAN_POINT('',(0.0708542552226473,0.0730212697115858,0.014));
#10788=CARTESIAN_POINT('',(0.0786042552226473,0.0730212697115859,0.014));
#10789=CARTESIAN_POINT('',(0.0786042552226473,0.0730212697115859,0.014));
#10790=CARTESIAN_POINT('',(0.0776042552226473,0.0617712697115858,0.014));
#10791=CARTESIAN_POINT('',(0.0776042552226473,0.0617712697115858,0.011));
#10792=CARTESIAN_POINT('',(0.0776042552226473,0.0515212697115858,0.011));
#10793=CARTESIAN_POINT('',(0.0776042552226473,0.0515212697115858,0.014));
#10794=CARTESIAN_POINT('',(0.0776042552226473,0.0515212697115858,0.014));
#10795=CARTESIAN_POINT('',(0.0776042552226473,0.0617712697115858,0.014));
#10796=CARTESIAN_POINT('',(0.0708542552226473,0.0505212697115858,0.014));
#10797=CARTESIAN_POINT('',(0.0786042552226474,0.0505212697115858,0.014));
#10798=CARTESIAN_POINT('',(0.0786042552226474,0.0505212697115858,0.014));
#10799=CARTESIAN_POINT('',(0.0708542552226473,0.0505212697115858,0.014));
#10800=CARTESIAN_POINT('',(0.0786042552226473,0.0617712697115858,0.014));
#10801=CARTESIAN_POINT('',(0.0786042552226473,0.0617712697115858,0.014));
#10802=CARTESIAN_POINT('',(0.0708542552226473,0.0515212697115858,0.014));
#10803=CARTESIAN_POINT('',(0.0708542552226473,0.0515212697115858,0.011));
#10804=CARTESIAN_POINT('',(0.0708542552226473,0.0515212697115858,0.014));
#10805=CARTESIAN_POINT('',(0.0148542552226474,0.0102343063126102,0.014));
#10806=CARTESIAN_POINT('',(0.0476042552226473,0.0617712697115858,0.014));
#10807=CARTESIAN_POINT('',(0.0476042552226473,0.0720212697115858,0.014));
#10808=CARTESIAN_POINT('',(0.0476042552226473,0.0720212697115858,0.014));
#10809=CARTESIAN_POINT('',(0.0476042552226473,0.0720212697115858,0.011));
#10810=CARTESIAN_POINT('',(0.0476042552226473,0.0617712697115858,0.011));
#10811=CARTESIAN_POINT('',(0.0476042552226473,0.0515212697115858,0.011));
#10812=CARTESIAN_POINT('',(0.0476042552226473,0.0515212697115858,0.014));
#10813=CARTESIAN_POINT('',(0.0476042552226473,0.0515212697115858,0.014));
#10814=CARTESIAN_POINT('',(0.0476042552226473,0.0617712697115858,0.014));
#10815=CARTESIAN_POINT('',(0.0408542552226473,0.0515212697115858,0.014));
#10816=CARTESIAN_POINT('',(0.0408542552226473,0.0515212697115858,0.011));
#10817=CARTESIAN_POINT('',(0.0341042552226473,0.0515212697115858,0.011));
#10818=CARTESIAN_POINT('',(0.0341042552226473,0.0515212697115858,0.014));
#10819=CARTESIAN_POINT('',(0.0341042552226473,0.0515212697115858,0.014));
#10820=CARTESIAN_POINT('',(0.0408542552226473,0.0515212697115858,0.014));
#10821=CARTESIAN_POINT('',(0.0341042552226473,0.0617712697115858,0.014));
#10822=CARTESIAN_POINT('',(0.0341042552226473,0.0617712697115858,0.011));
#10823=CARTESIAN_POINT('',(0.0341042552226473,0.0720212697115858,0.011));
#10824=CARTESIAN_POINT('',(0.0341042552226473,0.0720212697115858,0.014));
#10825=CARTESIAN_POINT('',(0.0341042552226473,0.0720212697115858,0.014));
#10826=CARTESIAN_POINT('',(0.0341042552226473,0.0617712697115858,0.014));
#10827=CARTESIAN_POINT('',(0.0408542552226473,0.0730212697115858,0.014));
#10828=CARTESIAN_POINT('',(0.0331042552226473,0.0730212697115858,0.014));
#10829=CARTESIAN_POINT('',(0.0331042552226473,0.0730212697115858,0.014));
#10830=CARTESIAN_POINT('',(0.0408542552226473,0.0730212697115858,0.014));
#10831=CARTESIAN_POINT('',(0.0486042552226473,0.0730212697115858,0.014));
#10832=CARTESIAN_POINT('',(0.0486042552226473,0.0730212697115858,0.014));
#10833=CARTESIAN_POINT('',(0.0331042552226473,0.0617712697115858,0.014));
#10834=CARTESIAN_POINT('',(0.0331042552226473,0.0505212697115858,0.014));
#10835=CARTESIAN_POINT('',(0.0331042552226473,0.0505212697115858,0.014));
#10836=CARTESIAN_POINT('',(0.0331042552226473,0.0617712697115858,0.014));
#10837=CARTESIAN_POINT('',(0.0408542552226473,0.0505212697115858,0.014));
#10838=CARTESIAN_POINT('',(0.0486042552226473,0.0505212697115858,0.014));
#10839=CARTESIAN_POINT('',(0.0486042552226473,0.0505212697115858,0.014));
#10840=CARTESIAN_POINT('',(0.0408542552226473,0.0505212697115858,0.014));
#10841=CARTESIAN_POINT('',(0.0486042552226473,0.0617712697115858,0.014));
#10842=CARTESIAN_POINT('',(0.0486042552226473,0.0617712697115858,0.014));
#10843=CARTESIAN_POINT('',(0.0408542552226473,0.0720212697115858,0.014));
#10844=CARTESIAN_POINT('',(0.0408542552226473,0.0720212697115858,0.011));
#10845=CARTESIAN_POINT('',(0.0408542552226473,0.0720212697115858,0.014));
#10846=CARTESIAN_POINT('',(0.0148542552226474,0.0102343063126102,0.014));
#10847=CARTESIAN_POINT('',(-0.0377707447773526,0.0720212697115858,0.014));
#10848=CARTESIAN_POINT('',(-0.0445207447773527,0.0720212697115858,0.011));
#10849=CARTESIAN_POINT('',(-0.0343957447773527,0.0720212697115858,0.011));
#10850=CARTESIAN_POINT('',(-0.0478957447773527,0.0720212697115858,0.011));
#10851=CARTESIAN_POINT('',(-0.0343957447773527,0.0720212697115858,0.014));
#10852=CARTESIAN_POINT('',(-0.0343957447773527,0.0720212697115858,0.014));
#10853=CARTESIAN_POINT('',(-0.0377707447773526,0.0720212697115858,0.014));
#10854=CARTESIAN_POINT('',(-0.0478957447773527,0.0720212697115858,0.014));
#10855=CARTESIAN_POINT('',(-0.0478957447773527,0.0720212697115858,0.014));
#10856=CARTESIAN_POINT('',(-0.0343957447773527,0.0617712697115858,0.014));
#10857=CARTESIAN_POINT('',(-0.0343957447773527,0.0617712697115858,0.011));
#10858=CARTESIAN_POINT('',(-0.0343957447773527,0.0515212697115858,0.011));
#10859=CARTESIAN_POINT('',(-0.0343957447773527,0.0515212697115858,0.014));
#10860=CARTESIAN_POINT('',(-0.0343957447773527,0.0515212697115858,0.014));
#10861=CARTESIAN_POINT('',(-0.0343957447773527,0.0617712697115858,0.014));
#10862=CARTESIAN_POINT('',(-0.0333957447773527,0.0617712697115858,0.014));
#10863=CARTESIAN_POINT('',(-0.0333957447773527,0.0505212697115858,0.014));
#10864=CARTESIAN_POINT('',(-0.0333957447773527,0.0505212697115858,0.014));
#10865=CARTESIAN_POINT('',(-0.0333957447773527,0.0730212697115858,0.014));
#10866=CARTESIAN_POINT('',(-0.0333957447773527,0.0730212697115858,0.014));
#10867=CARTESIAN_POINT('',(-0.0333957447773527,0.0617712697115858,0.014));
#10868=CARTESIAN_POINT('',(-0.0411457447773527,0.0730212697115858,0.014));
#10869=CARTESIAN_POINT('',(-0.0488957447773527,0.0730212697115858,0.014));
#10870=CARTESIAN_POINT('',(-0.0488957447773527,0.0730212697115858,0.014));
#10871=CARTESIAN_POINT('',(-0.0411457447773527,0.0730212697115858,0.014));
#10872=CARTESIAN_POINT('',(-0.0377707447773526,0.0515212697115858,0.014));
#10873=CARTESIAN_POINT('',(-0.0445207447773527,0.0515212697115858,0.011));
#10874=CARTESIAN_POINT('',(-0.0478957447773527,0.0515212697115858,0.011));
#10875=CARTESIAN_POINT('',(-0.0478957447773527,0.0515212697115858,0.014));
#10876=CARTESIAN_POINT('',(-0.0478957447773527,0.0515212697115858,0.014));
#10877=CARTESIAN_POINT('',(-0.0377707447773526,0.0515212697115858,0.014));
#10878=CARTESIAN_POINT('',(-0.0450207447773527,0.0505212697115858,0.014));
#10879=CARTESIAN_POINT('',(-0.0450207447773527,0.0505212697115858,0.014));
#10880=CARTESIAN_POINT('',(-0.0488957447773527,0.0505212697115858,0.014));
#10881=CARTESIAN_POINT('',(-0.0488957447773527,0.0505212697115858,0.014));
#10882=CARTESIAN_POINT('',(-0.0488957447773527,0.0617712697115858,0.014));
#10883=CARTESIAN_POINT('',(-0.0488957447773527,0.0617712697115858,0.014));
#10884=CARTESIAN_POINT('',(-0.0478957447773527,0.0617712697115858,0.014));
#10885=CARTESIAN_POINT('',(-0.0478957447773527,0.0617712697115858,0.011));
#10886=CARTESIAN_POINT('',(-0.0478957447773527,0.0617712697115858,0.014));
#10887=CARTESIAN_POINT('',(0.0148542552226474,0.0102343063126102,0.014));
#10888=CARTESIAN_POINT('',(-0.0145207447773526,0.0515212697115858,0.014));
#10889=CARTESIAN_POINT('',(-0.0145207447773526,0.0515212697115858,0.011));
#10890=CARTESIAN_POINT('',(-0.0178957447773526,0.0515212697115858,0.011));
#10891=CARTESIAN_POINT('',(-0.00439574477735263,0.0515212697115858,0.011));
#10892=CARTESIAN_POINT('',(-0.0178957447773526,0.0515212697115858,0.014));
#10893=CARTESIAN_POINT('',(-0.0178957447773526,0.0515212697115858,0.014));
#10894=CARTESIAN_POINT('',(-0.0145207447773526,0.0515212697115858,0.014));
#10895=CARTESIAN_POINT('',(-0.00439574477735263,0.0515212697115858,0.014));
#10896=CARTESIAN_POINT('',(-0.00439574477735263,0.0515212697115858,0.014));
#10897=CARTESIAN_POINT('',(-0.0178957447773526,0.0617712697115858,0.014));
#10898=CARTESIAN_POINT('',(-0.0178957447773526,0.0617712697115858,0.011));
#10899=CARTESIAN_POINT('',(-0.0178957447773526,0.0720212697115858,0.011));
#10900=CARTESIAN_POINT('',(-0.0178957447773526,0.0720212697115858,0.014));
#10901=CARTESIAN_POINT('',(-0.0178957447773526,0.0720212697115858,0.014));
#10902=CARTESIAN_POINT('',(-0.0178957447773526,0.0617712697115858,0.014));
#10903=CARTESIAN_POINT('',(-0.0145207447773526,0.0720212697115858,0.014));
#10904=CARTESIAN_POINT('',(-0.0145207447773526,0.0720212697115858,0.011));
#10905=CARTESIAN_POINT('',(-0.00439574477735265,0.0720212697115858,0.011));
#10906=CARTESIAN_POINT('',(-0.00439574477735265,0.0720212697115858,0.014));
#10907=CARTESIAN_POINT('',(-0.00439574477735265,0.0720212697115858,0.014));
#10908=CARTESIAN_POINT('',(-0.0145207447773526,0.0720212697115858,0.014));
#10909=CARTESIAN_POINT('',(-0.00727074477735265,0.0730212697115858,0.014));
#10910=CARTESIAN_POINT('',(-0.00339574477735263,0.0730212697115858,0.014));
#10911=CARTESIAN_POINT('',(-0.00339574477735263,0.0730212697115858,0.014));
#10912=CARTESIAN_POINT('',(-0.0188957447773527,0.0730212697115858,0.014));
#10913=CARTESIAN_POINT('',(-0.0188957447773527,0.0730212697115858,0.014));
#10914=CARTESIAN_POINT('',(-0.00727074477735265,0.0730212697115858,0.014));
#10915=CARTESIAN_POINT('',(-0.0188957447773527,0.0617712697115858,0.014));
#10916=CARTESIAN_POINT('',(-0.0188957447773527,0.0505212697115858,0.014));
#10917=CARTESIAN_POINT('',(-0.0188957447773527,0.0505212697115858,0.014));
#10918=CARTESIAN_POINT('',(-0.0188957447773527,0.0617712697115858,0.014));
#10919=CARTESIAN_POINT('',(-0.0111457447773526,0.0505212697115858,0.014));
#10920=CARTESIAN_POINT('',(-0.00339574477735264,0.0505212697115858,0.014));
#10921=CARTESIAN_POINT('',(-0.00339574477735264,0.0505212697115858,0.014));
#10922=CARTESIAN_POINT('',(-0.0111457447773526,0.0505212697115858,0.014));
#10923=CARTESIAN_POINT('',(-0.00339574477735263,0.0617712697115858,0.014));
#10924=CARTESIAN_POINT('',(-0.00339574477735263,0.0617712697115858,0.014));
#10925=CARTESIAN_POINT('',(-0.00439574477735263,0.0617712697115858,0.014));
#10926=CARTESIAN_POINT('',(-0.00439574477735263,0.0617712697115858,0.011));
#10927=CARTESIAN_POINT('',(-0.00439574477735263,0.0617712697115858,0.014));
#10928=CARTESIAN_POINT('',(0.0148542552226474,0.0102343063126102,0.014));
#10929=CARTESIAN_POINT('',(0.0148542552226474,0.0102343063126102,0.011));
#10930=CARTESIAN_POINT('',(0.0148542552226474,0.0102343063126102,0.011));
#10931=CARTESIAN_POINT('',(0.0148542552226474,0.0102343063126102,0.011));
#10932=CARTESIAN_POINT('',(0.0148542552226474,0.0102343063126102,0.011));
#10933=CARTESIAN_POINT('',(-0.0948542552226469,-0.000195413055228443,-0.0409850063954715));
#10934=CARTESIAN_POINT('',(-0.143750000000011,0.299264133156204,-0.00300627610704895));
#10935=CARTESIAN_POINT('',(-0.0985,0.187807335900752,-0.116006276107056));
#10936=CARTESIAN_POINT('',(-0.00400000000000031,0.0600783628097805,-0.111006257979368));
#10937=CARTESIAN_POINT('',(-0.00400000000000028,0.0600783628097792,-0.00900625797936839));
#10938=CARTESIAN_POINT('',(-0.0321457447773527,0.0770212697115858,0.004));
#10939=CARTESIAN_POINT('',(-0.0321457447773527,0.0770212697115858,0.004));
#10940=CARTESIAN_POINT('',(-0.0311457447773527,0.0770212697115858,0.004));
#10941=CARTESIAN_POINT('',(-0.0321457447773527,0.0770212697115858,0.024));
#10942=CARTESIAN_POINT('',(-0.0311457447773527,0.0770212697115858,0.024));
#10943=CARTESIAN_POINT('',(0.0618542552226474,0.0770212697115858,0.004));
#10944=CARTESIAN_POINT('',(0.0618542552226474,0.0770212697115858,0.004));
#10945=CARTESIAN_POINT('',(0.0628542552226474,0.0770212697115858,0.004));
#10946=CARTESIAN_POINT('',(0.0618542552226474,0.0770212697115858,0.024));
#10947=CARTESIAN_POINT('',(0.0628542552226474,0.0770212697115858,0.024));
#10948=CARTESIAN_POINT('',(0.0328542552226474,0.0770212697115858,0.004));
#10949=CARTESIAN_POINT('',(0.0328542552226474,0.0770212697115858,0.004));
#10950=CARTESIAN_POINT('',(0.0338542552226474,0.0770212697115858,0.004));
#10951=CARTESIAN_POINT('',(0.0328542552226474,0.0770212697115858,0.024));
#10952=CARTESIAN_POINT('',(0.0338542552226474,0.0770212697115858,0.024));
#10953=CARTESIAN_POINT('',(-0.00314574477735266,0.0770212697115858,0.004));
#10954=CARTESIAN_POINT('',(-0.00314574477735266,0.0770212697115858,0.004));
#10955=CARTESIAN_POINT('',(-0.00214574477735266,0.0770212697115858,0.004));
#10956=CARTESIAN_POINT('',(-0.00314574477735266,0.0770212697115858,0.024));
#10957=CARTESIAN_POINT('',(-0.00214574477735266,0.0770212697115858,0.024));
#10958=CARTESIAN_POINT('',(0.0906042552226474,0.0783962697115858,0.004));
#10959=CARTESIAN_POINT('',(0.0906042552226474,0.0783962697115858,0.12));
#10960=CARTESIAN_POINT('',(0.0906042552226473,0.0790212697115858,0.12));
#10961=CARTESIAN_POINT('',(0.0906042552226473,0.0777712697115858,0.12));
#10962=CARTESIAN_POINT('',(0.0906042552226473,0.0777712697115858,0.004));
#10963=CARTESIAN_POINT('',(0.0906042552226473,0.0777712697115858,0.004));
#10964=CARTESIAN_POINT('',(0.0906042552226474,0.0783962697115858,0.004));
#10965=CARTESIAN_POINT('',(0.0906042552226473,0.0790212697115858,0.004));
#10966=CARTESIAN_POINT('',(0.0906042552226473,0.0790212697115858,0.004));
#10967=CARTESIAN_POINT('',(-0.0631457447773527,0.0790212697115858,0.004));
#10968=CARTESIAN_POINT('',(0.0708542552226474,0.0790212697115858,0.0185));
#10969=CARTESIAN_POINT('',(0.0708542552226474,0.0790212697115858,0.01575));
#10970=CARTESIAN_POINT('',(0.0408542552226474,0.0790212697115858,0.0185));
#10971=CARTESIAN_POINT('',(0.0408542552226474,0.0790212697115858,0.01575));
#10972=CARTESIAN_POINT('',(0.0148542552226474,0.0790212697115858,0.0185));
#10973=CARTESIAN_POINT('',(0.0148542552226474,0.0790212697115858,0.01575));
#10974=CARTESIAN_POINT('',(-0.0411457447773527,0.0790212697115858,0.0185));
#10975=CARTESIAN_POINT('',(-0.0411457447773527,0.0790212697115858,0.01575));
#10976=CARTESIAN_POINT('',(-0.0111457447773526,0.0790212697115858,0.0185));
#10977=CARTESIAN_POINT('',(-0.0111457447773526,0.0790212697115858,0.01575));
#10978=CARTESIAN_POINT('',(-0.0631457447773527,0.0790212697115858,0.12));
#10979=CARTESIAN_POINT('',(-0.0608957447773526,0.0790212697115858,0.12));
#10980=CARTESIAN_POINT('',(-0.0631457447773527,0.0790212697115858,0.004));
#10981=CARTESIAN_POINT('',(-0.0608957447773526,0.0790212697115858,0.004));
#10982=CARTESIAN_POINT('',(-0.0608957447773526,0.0790212697115858,0.004));
#10983=CARTESIAN_POINT('',(-0.0608957447773526,0.0783962697115858,0.004));
#10984=CARTESIAN_POINT('',(-0.0608957447773526,0.0783962697115858,0.12));
#10985=CARTESIAN_POINT('',(-0.0608957447773526,0.0777712697115858,0.12));
#10986=CARTESIAN_POINT('',(-0.0608957447773526,0.0783962697115858,0.004));
#10987=CARTESIAN_POINT('',(-0.0608957447773526,0.0777712697115858,0.004));
#10988=CARTESIAN_POINT('',(-0.0608957447773526,0.0777712697115858,0.004));
#10989=CARTESIAN_POINT('',(-0.0618957447773526,0.0777712697115858,0.004));
#10990=CARTESIAN_POINT('',(-0.0618957447773526,0.0777712697115858,0.12));
#10991=CARTESIAN_POINT('',(-0.0628957447773526,0.0777712697115858,0.12));
#10992=CARTESIAN_POINT('',(-0.0618957447773526,0.0777712697115858,0.004));
#10993=CARTESIAN_POINT('',(-0.0628957447773526,0.0777712697115858,0.004));
#10994=CARTESIAN_POINT('',(-0.0628957447773526,0.0777712697115858,0.004));
#10995=CARTESIAN_POINT('',(-0.0628957447773526,0.0770212697115858,0.004));
#10996=CARTESIAN_POINT('',(-0.0628957447773526,0.0770212697115858,0.12));
#10997=CARTESIAN_POINT('',(-0.0628957447773526,0.0762712697115858,0.12));
#10998=CARTESIAN_POINT('',(-0.0628957447773526,0.0770212697115858,0.004));
#10999=CARTESIAN_POINT('',(-0.0628957447773526,0.0762712697115858,0.004));
#11000=CARTESIAN_POINT('',(-0.0628957447773526,0.0762712697115858,0.004));
#11001=CARTESIAN_POINT('',(-0.0618957447773526,0.0762712697115858,0.004));
#11002=CARTESIAN_POINT('',(-0.0618957447773526,0.0762712697115858,0.12));
#11003=CARTESIAN_POINT('',(-0.0608957447773526,0.0762712697115858,0.12));
#11004=CARTESIAN_POINT('',(-0.0618957447773526,0.0762712697115858,0.004));
#11005=CARTESIAN_POINT('',(-0.0608957447773526,0.0762712697115858,0.004));
#11006=CARTESIAN_POINT('',(-0.0608957447773526,0.0762712697115858,0.004));
#11007=CARTESIAN_POINT('',(-0.0608957447773526,0.0756462697115858,0.004));
#11008=CARTESIAN_POINT('',(-0.0608957447773526,0.0756462697115858,0.12));
#11009=CARTESIAN_POINT('',(-0.0608957447773526,0.0750212697115858,0.12));
#11010=CARTESIAN_POINT('',(-0.0608957447773526,0.0756462697115858,0.004));
#11011=CARTESIAN_POINT('',(-0.0608957447773526,0.0750212697115858,0.004));
#11012=CARTESIAN_POINT('',(-0.0608957447773526,0.0750212697115858,0.004));
#11013=CARTESIAN_POINT('',(0.0148542552226474,0.0750212697115858,0.004));
#11014=CARTESIAN_POINT('',(0.0148542552226474,0.0750212697115858,0.12));
#11015=CARTESIAN_POINT('',(0.0906042552226473,0.0750212697115858,0.12));
#11016=CARTESIAN_POINT('',(0.0148542552226474,0.0750212697115858,0.004));
#11017=CARTESIAN_POINT('',(0.0906042552226473,0.0750212697115858,0.004));
#11018=CARTESIAN_POINT('',(0.0906042552226473,0.0750212697115858,0.004));
#11019=CARTESIAN_POINT('',(0.0708542552226474,0.0750212697115858,0.0185));
#11020=CARTESIAN_POINT('',(0.0708542552226474,0.0750212697115858,0.01575));
#11021=CARTESIAN_POINT('',(0.0408542552226474,0.0750212697115858,0.0185));
#11022=CARTESIAN_POINT('',(0.0408542552226474,0.0750212697115858,0.01575));
#11023=CARTESIAN_POINT('',(0.0148542552226474,0.0750212697115858,0.0185));
#11024=CARTESIAN_POINT('',(0.0148542552226474,0.0750212697115858,0.01575));
#11025=CARTESIAN_POINT('',(-0.0411457447773527,0.0750212697115858,0.0185));
#11026=CARTESIAN_POINT('',(-0.0411457447773527,0.0750212697115858,0.01575));
#11027=CARTESIAN_POINT('',(-0.0111457447773526,0.0750212697115858,0.0185));
#11028=CARTESIAN_POINT('',(-0.0111457447773526,0.0750212697115858,0.01575));
#11029=CARTESIAN_POINT('',(0.0906042552226474,0.0756462697115858,0.004));
#11030=CARTESIAN_POINT('',(0.0906042552226474,0.0756462697115858,0.12));
#11031=CARTESIAN_POINT('',(0.0906042552226473,0.0762712697115858,0.12));
#11032=CARTESIAN_POINT('',(0.0906042552226474,0.0756462697115858,0.004));
#11033=CARTESIAN_POINT('',(0.0906042552226473,0.0762712697115858,0.004));
#11034=CARTESIAN_POINT('',(0.0906042552226473,0.0762712697115858,0.004));
#11035=CARTESIAN_POINT('',(0.0916042552226473,0.0762712697115858,0.004));
#11036=CARTESIAN_POINT('',(0.0916042552226473,0.0762712697115858,0.12));
#11037=CARTESIAN_POINT('',(0.0926042552226474,0.0762712697115858,0.12));
#11038=CARTESIAN_POINT('',(0.0916042552226473,0.0762712697115858,0.004));
#11039=CARTESIAN_POINT('',(0.0926042552226474,0.0762712697115858,0.004));
#11040=CARTESIAN_POINT('',(0.0926042552226474,0.0762712697115858,0.004));
#11041=CARTESIAN_POINT('',(0.0926042552226474,0.0770212697115858,0.004));
#11042=CARTESIAN_POINT('',(0.0926042552226474,0.0770212697115858,0.12));
#11043=CARTESIAN_POINT('',(0.0926042552226474,0.0777712697115858,0.12));
#11044=CARTESIAN_POINT('',(0.0926042552226474,0.0770212697115858,0.004));
#11045=CARTESIAN_POINT('',(0.0926042552226474,0.0777712697115858,0.004));
#11046=CARTESIAN_POINT('',(0.0926042552226474,0.0777712697115858,0.004));
#11047=CARTESIAN_POINT('',(0.0916042552226473,0.0777712697115858,0.004));
#11048=CARTESIAN_POINT('',(0.0916042552226473,0.0777712697115858,0.12));
#11049=CARTESIAN_POINT('',(0.0916042552226473,0.0777712697115858,0.004));
#11050=CARTESIAN_POINT('',(0.0148542552226474,0.0790212697115858,0.004));
#11051=CARTESIAN_POINT('',(0.0148542552226474,0.0790212697115858,0.12));
#11052=CARTESIAN_POINT('',(-0.0111457447773526,0.100021269711586,0.0185));
#11053=CARTESIAN_POINT('',(-0.0411457447773527,0.100021269711586,0.0185));
#11054=CARTESIAN_POINT('',(0.0148542552226474,0.100021269711586,0.0185));
#11055=CARTESIAN_POINT('',(0.0408542552226474,0.100021269711586,0.0185));
#11056=CARTESIAN_POINT('',(0.0708542552226474,0.100021269711586,0.0185));
#11057=CARTESIAN_POINT('',(0.0148542552226474,0.0790212697115858,0.024));
#11058=CARTESIAN_POINT('',(0.0148542552226474,0.0790212697115858,0.024));
#11059=CARTESIAN_POINT('',(0.0148542552226474,0.0790212697115858,0.024));
#11060=CARTESIAN_POINT('',(0.0148542552226474,0.0790212697115858,0.024));
#11061=CARTESIAN_POINT('',(-0.0948542552226462,0.127533578130508,-0.0409850063954702));
#11062=MECHANICAL_DESIGN_GEOMETRIC_PRESENTATION_REPRESENTATION('',(#6803,
#6804,#6805,#6806,#6807,#6808),#11063);
#11063=(
GEOMETRIC_REPRESENTATION_CONTEXT(3)
GLOBAL_UNCERTAINTY_ASSIGNED_CONTEXT((#11070))
GLOBAL_UNIT_ASSIGNED_CONTEXT((#11079,#11078,#11077))
REPRESENTATION_CONTEXT('Assembly 3','TOP_LEVEL_ASSEMBLY_PART')
);
#11064=(
GEOMETRIC_REPRESENTATION_CONTEXT(3)
GLOBAL_UNCERTAINTY_ASSIGNED_CONTEXT((#11071))
GLOBAL_UNIT_ASSIGNED_CONTEXT((#11079,#11078,#11077))
REPRESENTATION_CONTEXT('Part 1','COMPONENT_PART')
);
#11065=(
GEOMETRIC_REPRESENTATION_CONTEXT(3)
GLOBAL_UNCERTAINTY_ASSIGNED_CONTEXT((#11072))
GLOBAL_UNIT_ASSIGNED_CONTEXT((#11079,#11078,#11077))
REPRESENTATION_CONTEXT('Part 1','COMPONENT_PART')
);
#11066=(
GEOMETRIC_REPRESENTATION_CONTEXT(3)
GLOBAL_UNCERTAINTY_ASSIGNED_CONTEXT((#11073))
GLOBAL_UNIT_ASSIGNED_CONTEXT((#11079,#11078,#11077))
REPRESENTATION_CONTEXT('Part 1','COMPONENT_PART')
);
#11067=(
GEOMETRIC_REPRESENTATION_CONTEXT(3)
GLOBAL_UNCERTAINTY_ASSIGNED_CONTEXT((#11074))
GLOBAL_UNIT_ASSIGNED_CONTEXT((#11079,#11078,#11077))
REPRESENTATION_CONTEXT('Wandmodular 2','COMPONENT_PART')
);
#11068=(
GEOMETRIC_REPRESENTATION_CONTEXT(3)
GLOBAL_UNCERTAINTY_ASSIGNED_CONTEXT((#11075))
GLOBAL_UNIT_ASSIGNED_CONTEXT((#11079,#11078,#11077))
REPRESENTATION_CONTEXT('BOX','COMPONENT_PART')
);
#11069=(
GEOMETRIC_REPRESENTATION_CONTEXT(3)
GLOBAL_UNCERTAINTY_ASSIGNED_CONTEXT((#11076))
GLOBAL_UNIT_ASSIGNED_CONTEXT((#11079,#11078,#11077))
REPRESENTATION_CONTEXT('Wandmodular 1','COMPONENT_PART')
);
#11070=UNCERTAINTY_MEASURE_WITH_UNIT(LENGTH_MEASURE(1.E-8),#11079,
'DISTANCE_ACCURACY_VALUE','Maximum Tolerance applied to model');
#11071=UNCERTAINTY_MEASURE_WITH_UNIT(LENGTH_MEASURE(2.E-6),#11079,
'DISTANCE_ACCURACY_VALUE','Maximum Tolerance applied to model');
#11072=UNCERTAINTY_MEASURE_WITH_UNIT(LENGTH_MEASURE(1.E-8),#11079,
'DISTANCE_ACCURACY_VALUE','Maximum Tolerance applied to model');
#11073=UNCERTAINTY_MEASURE_WITH_UNIT(LENGTH_MEASURE(2.E-5),#11079,
'DISTANCE_ACCURACY_VALUE','Maximum Tolerance applied to model');
#11074=UNCERTAINTY_MEASURE_WITH_UNIT(LENGTH_MEASURE(1.E-8),#11079,
'DISTANCE_ACCURACY_VALUE','Maximum Tolerance applied to model');
#11075=UNCERTAINTY_MEASURE_WITH_UNIT(LENGTH_MEASURE(1.E-8),#11079,
'DISTANCE_ACCURACY_VALUE','Maximum Tolerance applied to model');
#11076=UNCERTAINTY_MEASURE_WITH_UNIT(LENGTH_MEASURE(1.E-8),#11079,
'DISTANCE_ACCURACY_VALUE','Maximum Tolerance applied to model');
#11077=(
NAMED_UNIT(*)
SI_UNIT($,.STERADIAN.)
SOLID_ANGLE_UNIT()
);
#11078=(
NAMED_UNIT(*)
PLANE_ANGLE_UNIT()
SI_UNIT($,.RADIAN.)
);
#11079=(
LENGTH_UNIT()
NAMED_UNIT(*)
SI_UNIT($,.METRE.)
);
#11080=PRODUCT_DEFINITION_SHAPE('','',#11107);
#11081=PRODUCT_DEFINITION_SHAPE('','',#11108);
#11082=PRODUCT_DEFINITION_SHAPE(' ','NAUO PRDDFN',#52);
#11083=PRODUCT_DEFINITION_SHAPE(' ','NAUO PRDDFN',#53);
#11084=PRODUCT_DEFINITION_SHAPE(' ','NAUO PRDDFN',#54);
#11085=PRODUCT_DEFINITION_SHAPE(' ','NAUO PRDDFN',#55);
#11086=PRODUCT_DEFINITION_SHAPE('','',#11109);
#11087=PRODUCT_DEFINITION_SHAPE(' ','NAUO PRDDFN',#56);
#11088=PRODUCT_DEFINITION_SHAPE('','',#11110);
#11089=PRODUCT_DEFINITION_SHAPE(' ','NAUO PRDDFN',#57);
#11090=PRODUCT_DEFINITION_SHAPE('','',#11111);
#11091=PRODUCT_DEFINITION_SHAPE(' ','NAUO PRDDFN',#58);
#11092=PRODUCT_DEFINITION_SHAPE(' ','NAUO PRDDFN',#59);
#11093=PRODUCT_DEFINITION_SHAPE(' ','NAUO PRDDFN',#60);
#11094=PRODUCT_DEFINITION_SHAPE(' ','NAUO PRDDFN',#61);
#11095=PRODUCT_DEFINITION_SHAPE(' ','NAUO PRDDFN',#62);
#11096=PRODUCT_DEFINITION_SHAPE(' ','NAUO PRDDFN',#63);
#11097=PRODUCT_DEFINITION_SHAPE(' ','NAUO PRDDFN',#64);
#11098=PRODUCT_DEFINITION_SHAPE(' ','NAUO PRDDFN',#65);
#11099=PRODUCT_DEFINITION_SHAPE('','',#11112);
#11100=PRODUCT_DEFINITION_SHAPE(' ','NAUO PRDDFN',#66);
#11101=PRODUCT_DEFINITION_SHAPE(' ','NAUO PRDDFN',#67);
#11102=PRODUCT_DEFINITION_SHAPE(' ','NAUO PRDDFN',#68);
#11103=PRODUCT_DEFINITION_SHAPE(' ','NAUO PRDDFN',#69);
#11104=PRODUCT_DEFINITION_SHAPE(' ','NAUO PRDDFN',#70);
#11105=PRODUCT_DEFINITION_SHAPE('','',#11113);
#11106=PRODUCT_DEFINITION_SHAPE(' ','NAUO PRDDFN',#71);
#11107=PRODUCT_DEFINITION('','',#11121,#11114);
#11108=PRODUCT_DEFINITION('','',#11122,#11115);
#11109=PRODUCT_DEFINITION('','',#11123,#11116);
#11110=PRODUCT_DEFINITION('','',#11124,#11117);
#11111=PRODUCT_DEFINITION('','',#11125,#11118);
#11112=PRODUCT_DEFINITION('','',#11126,#11119);
#11113=PRODUCT_DEFINITION('','',#11127,#11120);
#11114=PRODUCT_DEFINITION_CONTEXT('',#11157,'design');
#11115=PRODUCT_DEFINITION_CONTEXT('',#11157,'design');
#11116=PRODUCT_DEFINITION_CONTEXT('',#11157,'design');
#11117=PRODUCT_DEFINITION_CONTEXT('',#11157,'design');
#11118=PRODUCT_DEFINITION_CONTEXT('',#11157,'design');
#11119=PRODUCT_DEFINITION_CONTEXT('',#11157,'design');
#11120=PRODUCT_DEFINITION_CONTEXT('',#11157,'design');
#11121=PRODUCT_DEFINITION_FORMATION_WITH_SPECIFIED_SOURCE('','',#11135,
 .NOT_KNOWN.);
#11122=PRODUCT_DEFINITION_FORMATION_WITH_SPECIFIED_SOURCE('','',#11136,
 .NOT_KNOWN.);
#11123=PRODUCT_DEFINITION_FORMATION_WITH_SPECIFIED_SOURCE('','',#11137,
 .NOT_KNOWN.);
#11124=PRODUCT_DEFINITION_FORMATION_WITH_SPECIFIED_SOURCE('','',#11138,
 .NOT_KNOWN.);
#11125=PRODUCT_DEFINITION_FORMATION_WITH_SPECIFIED_SOURCE('','',#11139,
 .NOT_KNOWN.);
#11126=PRODUCT_DEFINITION_FORMATION_WITH_SPECIFIED_SOURCE('','',#11140,
 .NOT_KNOWN.);
#11127=PRODUCT_DEFINITION_FORMATION_WITH_SPECIFIED_SOURCE('','',#11141,
 .NOT_KNOWN.);
#11128=PRODUCT_RELATED_PRODUCT_CATEGORY('','',(#11135));
#11129=PRODUCT_RELATED_PRODUCT_CATEGORY('','',(#11136));
#11130=PRODUCT_RELATED_PRODUCT_CATEGORY('','',(#11137));
#11131=PRODUCT_RELATED_PRODUCT_CATEGORY('','',(#11138));
#11132=PRODUCT_RELATED_PRODUCT_CATEGORY('','',(#11139));
#11133=PRODUCT_RELATED_PRODUCT_CATEGORY('','',(#11140));
#11134=PRODUCT_RELATED_PRODUCT_CATEGORY('','',(#11141));
#11135=PRODUCT('Assembly 3','Assembly 3','Assembly 3',(#11149));
#11136=PRODUCT('Part 1','Part 1','Part 1',(#11150));
#11137=PRODUCT('Part 1','Part 1','Part 1',(#11151));
#11138=PRODUCT('Part 1','Part 1','Part 1',(#11152));
#11139=PRODUCT('Wandmodular 2','Wandmodular 2','Wandmodular 2',(#11153));
#11140=PRODUCT('BOX','BOX','BOX',(#11154));
#11141=PRODUCT('Wandmodular 1','Wandmodular 1','Wandmodular 1',(#11155));
#11142=PRODUCT_CATEGORY('','');
#11143=PRODUCT_CATEGORY('','');
#11144=PRODUCT_CATEGORY('','');
#11145=PRODUCT_CATEGORY('','');
#11146=PRODUCT_CATEGORY('','');
#11147=PRODUCT_CATEGORY('','');
#11148=PRODUCT_CATEGORY('','');
#11149=PRODUCT_CONTEXT('',#11157,'mechanical');
#11150=PRODUCT_CONTEXT('',#11157,'mechanical');
#11151=PRODUCT_CONTEXT('',#11157,'mechanical');
#11152=PRODUCT_CONTEXT('',#11157,'mechanical');
#11153=PRODUCT_CONTEXT('',#11157,'mechanical');
#11154=PRODUCT_CONTEXT('',#11157,'mechanical');
#11155=PRODUCT_CONTEXT('',#11157,'mechanical');
#11156=APPLICATION_PROTOCOL_DEFINITION('international standard',
'ap242_managed_model_based_3d_engineering',2020,#11157);
#11157=APPLICATION_CONTEXT('managed model based 3d engineering');
ENDSEC;
END-ISO-10303-21;
